covariate,block,photographs_aesthetic_minus_control,correlation_with_direction,generated_seed_A,generated_seed_B,generated_seed_C,generated_mean,generated_ci_low,generated_ci_high,generated_same_sign_three_seeds
brightness,photography,0.030879597275584394,0.10788516505911759,-0.2188296280073708,0.16463508709658478,-0.6229183850457004,-0.2257043086521621,-0.3490215857918947,-0.10843132960306445,False
contrast,photography,-0.3677193735016369,-0.23329475370123257,-0.06948415092169125,-0.3644419199877575,-0.008578451069923826,-0.14750150732645753,-0.21043781844343093,-0.08707276267160684,True
saturation,photography,0.22147066752925354,-0.004038467425610781,0.4860596864452403,0.03075046008726794,0.3281872610224596,0.2816658025183226,0.1768136967227765,0.38968916471366327,True
colorfulness,photography,0.10979278064937528,0.020539097095763934,0.2502047345265003,0.08668329024112625,0.034010560564119934,0.12363286177724882,0.08237156667302971,0.16618071888138997,True
warmth,photography,0.05171413881606087,-0.15968081396406117,-0.4616617210106828,-0.18115638575916612,0.08402104803992612,-0.1862656862433076,-0.277143080402592,-0.08765487280559507,False
sharpness,photography,0.08036435356929642,-0.16405509377949112,-0.02819187193103492,0.04100035093715907,0.3247025301889766,0.11250366973170023,-0.04057580139082439,0.2842315018701292,False
detail,photography,0.026139211728726925,-0.20716991046213942,0.049162216334871334,-0.03265344360880274,0.36729069808322046,0.12793315693642968,0.006718845640748776,0.25316521917350904,False
sky_brightness,photography,-0.18850517483366575,-0.040145568709870405,-0.2058564620779717,0.016919466111181423,-0.4274704747401417,-0.20546915690231068,-0.27442278714299845,-0.13909278321794447,False
dark_share,photography,-0.1309875905862796,-0.14956249978542044,0.07990951652763605,-0.26680995362163834,0.4907224197297606,0.10127399421191946,-0.007788811828128322,0.22273280692634742,False
bright_share,photography,-0.026445885504631658,-0.05212361579584699,-0.026935115472483766,-0.06545367846291185,-0.09660709883779434,-0.06299863092439666,-0.09567336977941553,-0.03232077648422139,True
whole_building,framing and scene,-0.020320683558244946,0.06564298380627549,0.01586462292195762,-0.18270346204386376,-0.26579366358603224,-0.14421083423597947,-0.2302263560601555,-0.0642806387262413,False
low_angle,framing and scene,0.40859202302540576,0.2799601487514502,0.17554020607394452,0.22307401602099639,0.19788576894176332,0.19883333034556808,0.09814890969614405,0.30160377460091764,True
sunny,framing and scene,0.003609755786313243,0.06724426825628634,0.19080811417917265,0.04850650292050974,0.0748413947103873,0.10471867060335656,0.04610284086250482,0.1628101914829428,True
vintage_photo,framing and scene,-0.25748844708311985,-0.13604237899294053,-0.02064633257538274,-0.5099358647417385,-0.07027644369411142,-0.20028621367041088,-0.3147896473045016,-0.09614932156878502,True
real_photo,framing and scene,0.0735312488656788,-0.03458963690150945,0.10183001506684912,0.19435471104795257,0.23312054331704282,0.17643508981061493,0.09015672317680919,0.26211516275111546,True
people,framing and scene,-0.12857126582981507,-0.049790030279300394,0.00043483836373796786,-0.3388706362596399,-0.15641110977658654,-0.16494896922416283,-0.2660680808868728,-0.06575071253473454,False
cars,framing and scene,-0.4116021150543639,-0.14852748215595485,-0.07277759033506202,-0.3349460860335162,-0.26667322083717243,-0.22479896573525024,-0.3200441830596831,-0.13056311095454592,True
greenery,framing and scene,0.10448300376049056,-0.1673704689295224,-0.014007695122431807,-0.22686966998976685,0.17343710622097283,-0.02248008629707528,-0.10096508044541287,0.054887058904618743,False
water,framing and scene,0.05995546736858393,-0.02432649492741656,0.15082533795687464,-0.11504309707904203,-0.002754448269846256,0.011009264202662114,-0.06532720342338244,0.0890911026172019,False
urban,framing and scene,-0.25905201338263906,-0.2577940096789547,-0.21173216662485872,-0.019469889152767147,-0.02896283730820395,-0.08672163102860993,-0.17272262932771837,-0.003130401234043924,True
interior,framing and scene,0.44671666038609215,0.1885495618569642,0.07624683148422558,0.06169949683137848,0.13462947300775857,0.09085860044112086,0.008005391659807709,0.1749073838787722,True
iconic_design,architectural content,0.5796568213785559,0.4752527604797693,0.03681225611373757,0.2355374487009673,0.3000314661920403,0.19079372366891503,0.10208466193668526,0.2861298448866048,True
complex_form,architectural content,0.3489408109292491,0.10148000377741105,0.023672563820012805,0.19841771195872462,0.2790015892724201,0.16703062168371918,0.06737819227496393,0.26914024219784494,True
curved_organic,architectural content,0.6140657096226674,0.5187657162419375,0.08123970162896345,0.1373279956424984,0.09306412436173984,0.10387727387773389,0.004479008094530336,0.20990925411895772,True
monumental,architectural content,0.4193442912915595,0.34491102622512326,0.041716630743004,0.03834662643583922,0.257976846560466,0.11268003457976976,0.045072280955587976,0.18210019696050914,True
contemporary,architectural content,0.4303941457105465,0.3371074224655397,0.11890308556916769,0.43124912959778056,0.320072604319465,0.29007493982880445,0.2099399222320479,0.373407397830551,True
glass,architectural content,0.3675324462298173,0.09047379898522671,0.14567878762975142,0.047061374574859816,0.07891001380771277,0.09055005867077469,0.006171505688542233,0.17200304778990883,True
concrete,architectural content,-0.5800146882560797,-0.31438247859217194,-0.15098964865055248,0.09625213031640874,-0.25001531227098633,-0.10158427686837669,-0.16691080241505427,-0.03872350073753976,False
wood,architectural content,-0.008032876883877493,-0.15724086314447447,-0.05946682808558488,-0.19879401037750485,-0.11803388402649173,-0.1254315741631938,-0.1938974951879641,-0.054151646803649936,True
white,architectural content,-0.049199955795066024,0.010481386709050744,0.03830750340050415,-0.06480061187250895,-0.21497325395167413,-0.08048878747455965,-0.15648599808975514,-0.0035447885985955604,False
colourful,architectural content,0.11197327712496527,0.0840002786000968,0.07174273775059767,-0.14941601256031317,0.1004191222004176,0.007581949130234041,-0.060553336290682,0.07433245391096846,False
elegant,judgement (not in the blocks),0.44540093870261765,0.061339428260596005,0.1613858993082277,0.2662347943885695,0.09107164984740672,0.17289744784806796,0.09157774729127605,0.2564325780109439,True
