word,aesthetic_captions,control_captions,aesthetic_share,control_share,difference,p,in_generation_prompts,p_bh
green,36,6,0.4044943820224719,0.06741573033707865,0.33707865168539325,1.1052574559004708e-07,4,1.9452531223848286e-05
perspective,28,56,0.3146067415730337,0.6292134831460674,-0.3146067415730337,4.4165637840472315e-05,8,0.0025910507533077093
sky,79,54,0.8876404494382022,0.6067415730337079,0.2808988764044943,2.45371471214868e-05,4,0.0021592689466908383
level,41,61,0.4606741573033708,0.6853932584269663,-0.2247191011235955,0.0038531166378033403,7,0.09976437051320239
eye,40,60,0.449438202247191,0.6741573033707865,-0.2247191011235955,0.003967901099956913,6,0.09976437051320239
glass,39,22,0.43820224719101125,0.24719101123595505,0.1910112359550562,0.011208600454126626,11,0.21919040888069846
glazed,4,18,0.0449438202247191,0.20224719101123595,-0.15730337078651685,0.0023854977249854743,1,0.0839695199194887
dark,18,5,0.20224719101123595,0.056179775280898875,0.14606741573033707,0.006296588885675036,5,0.13852495548485078
long,11,23,0.12359550561797752,0.25842696629213485,-0.13483146067415733,0.034920605448863766,5,0.5945828219506567
river,11,0,0.12359550561797752,0.0,0.12359550561797752,0.0007030785209133086,1,0.030935454920185578
front,36,25,0.4044943820224719,0.2808988764044944,0.1235955056179775,0.1139203589507761,16,0.7939750631683941
concrete,17,27,0.19101123595505617,0.30337078651685395,-0.11235955056179778,0.11729177069533095,15,0.7939750631683941
street,10,19,0.11235955056179775,0.21348314606741572,-0.10112359550561797,0.10330101482964393,12,0.757540775417389
tower,17,25,0.19101123595505617,0.2808988764044944,-0.08988764044943823,0.21630402424308806,7,0.9483419479323061
blue,48,40,0.5393258426966292,0.449438202247191,0.0898876404494382,0.29397550293289754,2,0.9483419479323061
lawn,11,19,0.12359550561797752,0.21348314606741572,-0.0898876404494382,0.16029289092135654,1,0.9483419479323061
volumes,5,13,0.056179775280898875,0.14606741573033707,-0.0898876404494382,0.0794841359055519,5,0.6661527580655777
windows,5,13,0.056179775280898875,0.14606741573033707,-0.0898876404494382,0.0794841359055519,8,0.6661527580655777
large,18,26,0.20224719101123595,0.29213483146067415,-0.0898876404494382,0.22365817615321443,6,0.9483419479323061
facade,9,16,0.10112359550561797,0.1797752808988764,-0.07865168539325842,0.19486367382469738,10,0.9483419479323061
wide,17,10,0.19101123595505617,0.11235955056179775,0.07865168539325842,0.20942628996125712,1,0.9483419479323061
deep,9,3,0.10112359550561797,0.033707865168539325,0.06741573033707865,0.13223034837968528,5,0.8311621898151645
brick,3,9,0.033707865168539325,0.10112359550561797,-0.06741573033707865,0.13223034837968528,3,0.8311621898151645
blocks,2,8,0.02247191011235955,0.0898876404494382,-0.06741573033707865,0.09944852850876303,2,0.757540775417389
stone,20,14,0.2247191011235955,0.15730337078651685,0.06741573033707865,0.3405202675967571,3,0.9483419479323061
thin,10,4,0.11235955056179775,0.0449438202247191,0.06741573033707865,0.16201653577676797,2,0.9483419479323061
visitors,7,1,0.07865168539325842,0.011235955056179775,0.06741573033707865,0.06418791827876408,0,0.5945828219506567
pale,8,2,0.0898876404494382,0.02247191011235955,0.06741573033707865,0.09944852850876303,1,0.757540775417389
openings,1,7,0.011235955056179775,0.07865168539325842,-0.06741573033707865,0.06418791827876408,1,0.5945828219506567
towers,14,8,0.15730337078651685,0.0898876404494382,0.06741573033707865,0.2545163086377656,0,0.9483419479323061
exterior,82,88,0.9213483146067416,0.9887640449438202,-0.0674157303370786,0.06418791827876408,48,0.5945828219506567
white,46,41,0.5168539325842697,0.4606741573033708,0.0561797752808989,0.5487829190724817,11,1.0
foreground,9,14,0.10112359550561797,0.15730337078651685,-0.056179775280898875,0.3717931500416427,0,0.9483419479323061
ground,3,8,0.033707865168539325,0.0898876404494382,-0.056179775280898875,0.21174727555376854,1,0.9483419479323061
hazy,9,4,0.10112359550561797,0.0449438202247191,0.056179775280898875,0.24863163333933735,0,0.9483419479323061
low-angle,15,10,0.16853932584269662,0.11235955056179775,0.056179775280898875,0.3885820784417907,0,0.9761301067894582
low,5,10,0.056179775280898875,0.11235955056179775,-0.056179775280898875,0.28032008366710665,1,0.9483419479323061
entrance,2,7,0.02247191011235955,0.07865168539325842,-0.056179775280898875,0.16847117303398593,3,0.9483419479323061
boat,5,0,0.056179775280898875,0.0,0.056179775280898875,0.05899919289749798,0,0.5945828219506567
below,9,4,0.10112359550561797,0.0449438202247191,0.056179775280898875,0.24863163333933735,1,0.9483419479323061
stacked,0,5,0.0,0.056179775280898875,-0.056179775280898875,0.05899919289749798,3,0.5945828219506567
wavy,5,0,0.056179775280898875,0.0,0.056179775280898875,0.05899919289749798,0,0.5945828219506567
three-quarter,5,0,0.056179775280898875,0.0,0.056179775280898875,0.05899919289749798,13,0.5945828219506567
open,0,5,0.0,0.056179775280898875,-0.056179775280898875,0.05899919289749798,1,0.5945828219506567
rounded,3,8,0.033707865168539325,0.0898876404494382,-0.056179775280898875,0.21174727555376854,2,0.9483419479323061
raw,0,5,0.0,0.056179775280898875,-0.056179775280898875,0.05899919289749798,2,0.5945828219506567
curtain,2,6,0.02247191011235955,0.06741573033707865,-0.0449438202247191,0.27778012681355585,4,0.9483419479323061
corner,2,6,0.02247191011235955,0.06741573033707865,-0.0449438202247191,0.27778012681355585,4,0.9483419479323061
walls,11,7,0.12359550561797752,0.07865168539325842,0.0449438202247191,0.4566822145426098,5,0.9922971575246831
wall,5,9,0.056179775280898875,0.10112359550561797,-0.0449438202247191,0.40453880895196215,4,0.9761301067894582
bridge,8,4,0.0898876404494382,0.0449438202247191,0.0449438202247191,0.3707811299019351,0,0.9483419479323061
clad,9,5,0.10112359550561797,0.056179775280898875,0.0449438202247191,0.40453880895196215,1,0.9761301067894582
columns,8,4,0.0898876404494382,0.0449438202247191,0.0449438202247191,0.3707811299019351,0,0.9483419479323061
complex,3,7,0.033707865168539325,0.07865168539325842,-0.0449438202247191,0.32952401025950623,1,0.9483419479323061
flat,6,10,0.06741573033707865,0.11235955056179775,-0.0449438202247191,0.43273569751355506,2,0.9761301067894582
lattice,8,4,0.0898876404494382,0.0449438202247191,0.0449438202247191,0.3707811299019351,0,0.9483419479323061
vertical,2,6,0.02247191011235955,0.06741573033707865,-0.0449438202247191,0.27778012681355585,4,0.9483419479323061
grass,6,2,0.06741573033707865,0.02247191011235955,0.0449438202247191,0.27778012681355585,0,0.9483419479323061
rectangular,1,5,0.011235955056179775,0.056179775280898875,-0.0449438202247191,0.21076012260493499,0,0.9483419479323061
young,7,3,0.07865168539325842,0.033707865168539325,0.0449438202247191,0.32952401025950623,0,0.9483419479323061
trees,34,37,0.38202247191011235,0.4157303370786517,-0.03370786516853935,0.7596198079157204,1,1.0
timber,7,4,0.07865168539325842,0.0449438202247191,0.033707865168539325,0.5356332959945468,6,1.0
tilted,4,1,0.0449438202247191,0.011235955056179775,0.033707865168539325,0.3678773204196933,1,0.9483419479323061
rooftop,1,4,0.011235955056179775,0.0449438202247191,-0.033707865168539325,0.3678773204196933,0,0.9483419479323061
pavilion,4,1,0.0449438202247191,0.011235955056179775,0.033707865168539325,0.3678773204196933,1,0.9483419479323061
paved,14,11,0.15730337078651685,0.12359550561797752,0.033707865168539325,0.6668321505281612,2,1.0
historic,6,3,0.06741573033707865,0.033707865168539325,0.033707865168539325,0.4963980343726957,0,1.0
metal,7,4,0.07865168539325842,0.0449438202247191,0.033707865168539325,0.5356332959945468,1,1.0
lights,4,1,0.0449438202247191,0.011235955056179775,0.033707865168539325,0.3678773204196933,1,0.9483419479323061
tiled,4,1,0.0449438202247191,0.011235955056179775,0.033707865168539325,0.3678773204196933,0,0.9483419479323061
stepped,6,9,0.06741573033707865,0.10112359550561797,-0.033707865168539325,0.5908668968792455,1,1.0
single-family,2,5,0.02247191011235955,0.056179775280898875,-0.033707865168539325,0.4436955030861174,0,0.9761301067894582
dome,4,1,0.0449438202247191,0.011235955056179775,0.033707865168539325,0.3678773204196933,0,0.9483419479323061
dense,9,6,0.10112359550561797,0.06741573033707865,0.033707865168539325,0.5908668968792455,0,1.0
diagonal,4,1,0.0449438202247191,0.011235955056179775,0.033707865168539325,0.3678773204196933,0,0.9483419479323061
close,1,4,0.011235955056179775,0.0449438202247191,-0.033707865168539325,0.3678773204196933,0,0.9483419479323061
clear,12,15,0.1348314606741573,0.16853932584269662,-0.033707865168539325,0.6766312049243918,2,1.0
city,14,11,0.15730337078651685,0.12359550561797752,0.033707865168539325,0.6668321505281612,10,1.0
clipped,5,2,0.056179775280898875,0.02247191011235955,0.033707865168539325,0.4436955030861174,0,0.9761301067894582
covered,2,5,0.02247191011235955,0.056179775280898875,-0.033707865168539325,0.4436955030861174,1,0.9761301067894582
bare,4,1,0.0449438202247191,0.011235955056179775,0.033707865168539325,0.3678773204196933,0,0.9483419479323061
arches,4,1,0.0449438202247191,0.011235955056179775,0.033707865168539325,0.3678773204196933,0,0.9483419479323061
water,8,5,0.0898876404494382,0.056179775280898875,0.033707865168539325,0.5662203244020916,3,1.0
terraces,2,5,0.02247191011235955,0.056179775280898875,-0.033707865168539325,0.4436955030861174,0,0.9761301067894582
rising,2,5,0.02247191011235955,0.056179775280898875,-0.033707865168539325,0.4436955030861174,0,0.9761301067894582
folded,4,1,0.0449438202247191,0.011235955056179775,0.033707865168539325,0.3678773204196933,1,0.9483419479323061
hall,5,2,0.056179775280898875,0.02247191011235955,0.033707865168539325,0.4436955030861174,4,0.9761301067894582
evening,4,1,0.0449438202247191,0.011235955056179775,0.033707865168539325,0.3678773204196933,1,0.9483419479323061
lamp,4,1,0.0449438202247191,0.011235955056179775,0.033707865168539325,0.3678773204196933,0,0.9483419479323061
horizontal,5,8,0.056179775280898875,0.0898876404494382,-0.033707865168539325,0.5662203244020916,4,1.0
irregular,1,4,0.011235955056179775,0.0449438202247191,-0.033707865168539325,0.3678773204196933,1,0.9483419479323061
housing,1,4,0.011235955056179775,0.0449438202247191,-0.033707865168539325,0.3678773204196933,3,0.9483419479323061
hills,5,2,0.056179775280898875,0.02247191011235955,0.033707865168539325,0.4436955030861174,0,0.9761301067894582
daylight,81,84,0.9101123595505618,0.9438202247191011,-0.0337078651685393,0.5662203244020916,33,1.0
reflecting,4,2,0.0449438202247191,0.02247191011235955,0.02247191011235955,0.68211171604921,0,1.0
pool,4,2,0.0449438202247191,0.02247191011235955,0.02247191011235955,0.68211171604921,1,1.0
above,7,5,0.07865168539325842,0.056179775280898875,0.02247191011235955,0.766426328524203,1,1.0
apartment,5,3,0.056179775280898875,0.033707865168539325,0.02247191011235955,0.7202211302070531,2,1.0
balconies,3,5,0.033707865168539325,0.056179775280898875,-0.02247191011235955,0.7202211302070531,3,1.0
bands,5,3,0.056179775280898875,0.033707865168539325,0.02247191011235955,0.7202211302070531,1,1.0
block,4,6,0.0449438202247191,0.06741573033707865,-0.02247191011235955,0.74670907054248,1,1.0
building,16,18,0.1797752808988764,0.20224719101123595,-0.02247191011235955,0.8490293726454686,48,1.0
cables,3,5,0.033707865168539325,0.056179775280898875,-0.02247191011235955,0.7202211302070531,0,1.0
raised,4,6,0.0449438202247191,0.06741573033707865,-0.02247191011235955,0.74670907054248,1,1.0
yellow,5,3,0.056179775280898875,0.033707865168539325,0.02247191011235955,0.7202211302070531,0,1.0
row,4,2,0.0449438202247191,0.02247191011235955,0.02247191011235955,0.68211171604921,0,1.0
skyscraper,4,6,0.0449438202247191,0.06741573033707865,-0.02247191011235955,0.74670907054248,2,1.0
residential,2,4,0.02247191011235955,0.0449438202247191,-0.02247191011235955,0.68211171604921,1,1.0
chimney,2,4,0.02247191011235955,0.0449438202247191,-0.02247191011235955,0.68211171604921,0,1.0
cloudy,5,3,0.056179775280898875,0.033707865168539325,0.02247191011235955,0.7202211302070531,0,1.0
clouds,20,22,0.2247191011235955,0.24719101123595505,-0.02247191011235955,0.8600468255011572,0,1.0
curved,16,14,0.1797752808988764,0.15730337078651685,0.02247191011235955,0.8416141107723366,6,1.0
light,4,6,0.0449438202247191,0.06741573033707865,-0.02247191011235955,0.74670907054248,48,1.0
house,9,7,0.10112359550561797,0.07865168539325842,0.02247191011235955,0.7941784389208475,4,1.0
garden,4,6,0.0449438202247191,0.06741573033707865,-0.02247191011235955,0.74670907054248,2,1.0
path,4,6,0.0449438202247191,0.06741573033707865,-0.02247191011235955,0.74670907054248,0,1.0
office,10,8,0.11235955056179775,0.0898876404494382,0.02247191011235955,0.8044055972353394,3,1.0
panels,9,7,0.10112359550561797,0.07865168539325842,0.02247191011235955,0.7941784389208475,1,1.0
faceted,4,2,0.0449438202247191,0.02247191011235955,0.02247191011235955,0.68211171604921,0,1.0
elevated,9,7,0.10112359550561797,0.07865168539325842,0.02247191011235955,0.7941784389208475,0,1.0
grey,8,6,0.0898876404494382,0.06741573033707865,0.02247191011235955,0.7817956783355975,2,1.0
parked,2,4,0.02247191011235955,0.0449438202247191,-0.02247191011235955,0.68211171604921,0,1.0
overcast,9,11,0.10112359550561797,0.12359550561797752,-0.02247191011235955,0.8130166715708909,4,1.0
small,10,12,0.11235955056179775,0.1348314606741573,-0.02247191011235955,0.8203790724586608,1,1.0
side,5,7,0.056179775280898875,0.07865168539325842,-0.02247191011235955,0.766426328524203,5,1.0
shrubs,4,2,0.0449438202247191,0.02247191011235955,0.02247191011235955,0.68211171604921,0,1.0
very,4,2,0.0449438202247191,0.02247191011235955,0.02247191011235955,0.68211171604921,0,1.0
triangular,3,5,0.033707865168539325,0.056179775280898875,-0.02247191011235955,0.7202211302070531,0,1.0
park,3,5,0.033707865168539325,0.056179775280898875,-0.02247191011235955,0.7202211302070531,3,1.0
top,2,3,0.02247191011235955,0.033707865168539325,-0.011235955056179775,1.0,1,1.0
television,3,2,0.033707865168539325,0.02247191011235955,0.011235955056179775,1.0,0,1.0
tall,22,21,0.24719101123595505,0.23595505617977527,0.011235955056179775,1.0,1,1.0
waterfront,3,2,0.033707865168539325,0.02247191011235955,0.011235955056179775,1.0,1,1.0
pedestrians,3,2,0.033707865168539325,0.02247191011235955,0.011235955056179775,1.0,0,1.0
piers,2,3,0.02247191011235955,0.033707865168539325,-0.011235955056179775,1.0,1,1.0
distance,14,13,0.15730337078651685,0.14606741573033707,0.011235955056179775,1.0,12,1.0
centre,5,6,0.056179775280898875,0.06741573033707865,-0.011235955056179775,1.0,4,1.0
across,3,2,0.033707865168539325,0.02247191011235955,0.011235955056179775,1.0,12,1.0
box,4,5,0.0449438202247191,0.056179775280898875,-0.011235955056179775,1.0,0,1.0
canopy,5,4,0.056179775280898875,0.0449438202247191,0.011235955056179775,1.0,2,1.0
window,2,3,0.02247191011235955,0.033707865168539325,-0.011235955056179775,1.0,2,1.0
frame,2,3,0.02247191011235955,0.033707865168539325,-0.011235955056179775,1.0,2,1.0
huge,3,2,0.033707865168539325,0.02247191011235955,0.011235955056179775,1.0,1,1.0
floor,5,4,0.056179775280898875,0.0449438202247191,0.011235955056179775,1.0,0,1.0
volume,12,13,0.1348314606741573,0.14606741573033707,-0.011235955056179775,1.0,1,1.0
library,2,3,0.02247191011235955,0.033707865168539325,-0.011235955056179775,1.0,1,1.0
hotel,2,3,0.02247191011235955,0.033707865168539325,-0.011235955056179775,1.0,0,1.0
dry,3,2,0.033707865168539325,0.02247191011235955,0.011235955056179775,1.0,0,1.0
slab,4,3,0.0449438202247191,0.033707865168539325,0.011235955056179775,1.0,1,1.0
rendered,4,3,0.0449438202247191,0.033707865168539325,0.011235955056179775,1.0,0,1.0
plaza,5,4,0.056179775280898875,0.0449438202247191,0.011235955056179775,1.0,5,1.0
pine,2,3,0.02247191011235955,0.033707865168539325,-0.011235955056179775,1.0,2,1.0
mosque,3,2,0.033707865168539325,0.02247191011235955,0.011235955056179775,1.0,0,1.0
roofs,3,2,0.033707865168539325,0.02247191011235955,0.011235955056179775,1.0,3,1.0
cantilevered,4,4,0.0449438202247191,0.0449438202247191,0.0,1.0,3,1.0
cultural,3,3,0.033707865168539325,0.033707865168539325,0.0,1.0,2,1.0
central,3,3,0.033707865168539325,0.033707865168539325,0.0,1.0,1,1.0
cars,6,6,0.06741573033707865,0.06741573033707865,0.0,1.0,0,1.0
base,3,3,0.033707865168539325,0.033707865168539325,0.0,1.0,2,1.0
buildings,7,7,0.07865168539325842,0.07865168539325842,0.0,1.0,1,1.0
courtyard,3,3,0.033707865168539325,0.033707865168539325,0.0,1.0,1,1.0
photograph,89,89,1.0,1.0,0.0,1.0,48,1.0
palm,4,4,0.0449438202247191,0.0449438202247191,0.0,1.0,0,1.0
panoramic,8,8,0.0898876404494382,0.0898876404494382,0.0,1.0,0,1.0
museum,12,12,0.1348314606741573,0.1348314606741573,0.0,1.0,5,1.0
people,3,3,0.033707865168539325,0.033707865168539325,0.0,1.0,0,1.0
steel,16,16,0.1797752808988764,0.1797752808988764,0.0,1.0,5,1.0
road,3,3,0.033707865168539325,0.033707865168539325,0.0,1.0,0,1.0
red,7,7,0.07865168539325842,0.07865168539325842,0.0,1.0,2,1.0
square,7,7,0.07865168539325842,0.07865168539325842,0.0,1.0,8,1.0
slender,9,9,0.10112359550561797,0.10112359550561797,0.0,1.0,2,1.0
sloping,5,5,0.056179775280898875,0.056179775280898875,0.0,1.0,0,1.0
rows,3,3,0.033707865168539325,0.033707865168539325,0.0,1.0,1,1.0
pointed,3,3,0.033707865168539325,0.033707865168539325,0.0,1.0,0,1.0
roof,22,22,0.24719101123595505,0.24719101123595505,0.0,1.0,8,1.0
view,89,89,1.0,1.0,0.0,1.0,48,1.0
