section,analysis,estimate,ci_low,ci_high,p,n,note
S1,ICC(1) phase 1,0.1381463163221465,,,,600.0,
S1,ICC(k) phase 1,0.8584387579233167,,,,600.0,
S1,split-half phase 1,0.8180253114691043,,,,600.0,
S1,mean leave-one-out agreement r,0.35121669287687207,0.32228079740532417,0.38015258834842,,161.0,
S1,"aesthetic signal AESTHETIC−CONTROL photos (points, per rater; same ratings as the selection)",1.0196833755301136,0.9144797717828753,1.1248869792773517,5.179232052830708e-43,159.0,
S1,"aesthetic signal, leave-one-rater-out (points)",0.9152140901544971,0.8114682683724187,1.0189599119365753,,159.0,
A1,AESTHETIC−CONTROL in SD of the scene means,0.15930554432323787,0.054160617075642695,0.26445047157083307,,9413.0,
A1,pairwise preference expected from the ratings,0.5224072409523416,0.5076215484205606,0.5371621505123384,,9413.0,
A1,LMM AESTHETIC−CONTROL (points),0.10001122412369684,0.034001764571603144,0.16602068367579054,0.002981832106078386,9413.0,
A1,LMM BASE−CONTROL (points),0.13384455548637852,0.07053958109317729,0.19714952987957976,3.413111541750169e-05,9413.0,
A1,LMM AESTHETIC−BASE (points),-0.033833331362681685,-0.10052949563662478,0.03286283291126141,0.3200962954812163,9413.0,
A4,standardised d AESTHETIC−CONTROL,0.0558653771317426,0.018993082202333107,0.09273767206115208,,9413.0,
A2,ordinal OR AESTHETIC vs CONTROL,1.1456766970145251,1.0380349096388752,1.2644806854701518,0.006901742446449046,9413.0,
A2,ordinal OR BASE vs CONTROL,1.1952394860532527,1.0883753844361856,1.312596232375197,0.0001898170296462012,9413.0,
A3,Bradley–Terry OR Intercept,0.9737595349234751,0.8938904453252979,1.060764925739102,0.5425305250848111,4010.0,
A3,Bradley–Terry OR AESTHETIC,1.089859821230168,0.9855347481838518,1.2052283616795116,0.0937048660722864,4010.0,
A3,Bradley–Terry OR BASE,1.1334143303588653,1.0391800508041373,1.236193904289026,0.004687011190692367,4010.0,
A3,Bradley–Terry OR AESTHETIC vs BASE,0.9615722971184714,0.8748728999963298,1.0568635542255025,0.4163252494847345,4010.0,
A5,TOST ratings 90% CI,0.10001122412369684,0.044610427713903916,0.15541202053348976,,9413.0,equivalent
A5,TOST pairwise 90% CI (OR),1.089859821230168,1.0016014551545904,1.1858952718359677,,4010.0,equivalent
A6,BF01 ratings (BIC),0.48440635982824737,,,,6279.0,
A6,BF01 pairwise (BIC),23.27643898560631,,,,1320.0,
A6,P(AESTHETIC>CONTROL) ratings,0.9985090839469608,,,,,
A6,P(AESTHETIC>CONTROL) pairwise,0.9531475669638568,,,,,
D16,AESTHETIC−CONTROL · chapel,0.5208333333333334,0.0,1.0833333333333333,,24.0,
D16,AESTHETIC−CONTROL · cinema,-0.25757575757575757,-0.8181818181818182,0.22727272727272727,,22.0,
D16,AESTHETIC−CONTROL · civic,0.46153846153846156,-0.3076923076923077,1.2307692307692308,,13.0,
D16,AESTHETIC−CONTROL · culture,0.042592592592592605,-0.15795679012345681,0.24615740740740732,,135.0,
D16,AESTHETIC−CONTROL · house,-0.006899902818270177,-0.23095481049562683,0.2213321995464851,,147.0,
D16,AESTHETIC−CONTROL · housing,0.07646258503401364,-0.1375051020408163,0.30847789115646257,,140.0,
D16,AESTHETIC−CONTROL · industrial,-1.0,-1.8333333333333333,0.0,,6.0,
D16,AESTHETIC−CONTROL · library,-0.3,-0.76,0.2,,25.0,
D16,AESTHETIC−CONTROL · market,-0.2894736842105263,-0.6842105263157895,0.13157894736842105,,19.0,
D16,AESTHETIC−CONTROL · museum,-0.06406727828746178,-0.3266093272171254,0.21088685015290515,,109.0,
D16,AESTHETIC−CONTROL · office,0.19607843137254904,-0.008410364145658258,0.43238445378151263,,119.0,
D16,AESTHETIC−CONTROL · public,-0.11538461538461539,-0.46249999999999997,0.23076923076923078,,13.0,
D16,AESTHETIC−CONTROL · religious,0.29174917491749175,0.009682343234323435,0.5600866336633661,,101.0,
D16,AESTHETIC−CONTROL · restaurant,0.023809523809523808,-0.42857142857142855,0.5,,21.0,
D16,AESTHETIC−CONTROL · school,0.4,0.0962890625,0.7135416666666666,,64.0,
D16,AESTHETIC−CONTROL · sport,0.13695652173913048,-0.250018115942029,0.5306340579710144,,46.0,
D16,AESTHETIC−CONTROL · station,0.08620689655172412,-0.19159482758620697,0.383213601532567,,87.0,
D16,AESTHETIC−CONTROL · tower,0.2333333333333333,-0.15416666666666665,0.6209374999999999,,40.0,
B7,AESTHETIC−CONTROL points · linked to phase 1,0.04729688766587696,-0.08465159674892005,0.17924537208067398,0.4823291821533169,1908.0,
B7,AESTHETIC−CONTROL points · declared phase 1,2.5193161482294483e-05,-0.18509509241811778,0.1851454787410824,0.9997871739491155,946.0,
B7,AESTHETIC−CONTROL points · phase 2 only,0.1271077625754481,0.050071362246769904,0.2041441629041263,0.001220944472549279,6559.0,
B7,interaction AESTHETIC × linked,-0.07575436565908115,-0.23390320882002275,0.08239447750186042,0.3478060903668796,9413.0,
B8,alignment ρ · rating difference AESTHETIC−CONTROL,0.05605403799028018,-0.2674202200552324,0.39705517838422627,0.7645541059412064,31.0,
B8,alignment ρ · share of AESTHETIC choices vs CONTROL,-0.14131256510288204,-0.4671043488028178,0.19016511924841506,0.448283595948093,31.0,
B8,interaction AESTHETIC × phase-1 preference (per SD),0.08688763762462445,-0.045907837841613675,0.21968311309086258,0.19969483426745982,1850.0,
B9,consensus agreement vs phase-2 preference ρ,0.10605907907513444,,,0.5701362139440088,31.0,
C10,ICC(1) · phase 2 (generated images),0.23926449825227336,,,,477.0,
C10,split-half (Spearman–Brown) · phase 2 (generated images),0.8658508017286144,,,,477.0,
C11,rating vs pairwise wins ρ,0.17301377639343066,,,0.0001461988192918403,477.0,
C12,AESTHETIC × ratings-first,0.04601413824106153,-0.06335419015245368,0.15538246663457672,0.409585286073362,9413.0,
C12,position slope (per 60 items),-0.3323521922908554,-0.44121729863143416,-0.2234870859502766,2.1819679396628544e-09,9413.0,
S2,transfer ratio (phase-2 difference / phase-1 signal),0.10927631600035131,0.03715170574555218,0.18140092625515045,,,
S2,"AESTHETIC share vs CONTROL, ties as half (per participant)",0.5075461387570763,0.4813531698469732,0.5337391076671795,0.5701642823879934,160.0,
S5,MDE points,0.09494267951185319,,,,,
S5,MDE pairwise OR,1.155720148528325,,,,,
S5,participants needed for 0.3 points,22.0,,,,158.0,
S5,participants needed for the observed rating difference,167.0,,,,158.0,
S5,participants needed for the observed pairwise preference,12412.0,,,,157.0,
