quantity,estimate,ci_low,ci_high,p,n
"AESTHETIC − CONTROL, ratings, mean of the within-participant differences (points)",0.1036711870000398,0.02911340851229828,0.17822896548778133,0.00672822244155531,158.0
"AESTHETIC − CONTROL, standardised effect d_z (mean difference / SD of the differences)",0.2184968913269367,0.0613592786958821,0.3756345039579913,,158.0
"AESTHETIC − CONTROL, ratings, 90% interval for the equivalence test (region ±0.3)",0.1036711870000398,0.041214095465494635,0.16612827853458495,,
"minimum detectable effect at 80% power, ratings (points)",0.10641323447231468,,,,
participants needed to detect 0.3 points,22.0,,,,
participants needed to detect the observed effect,167.0,,,,
"AESTHETIC − CONTROL, ratings, Wilcoxon signed-rank test",,,,0.004662017463163628,
"BASE − CONTROL, ratings (points)",0.14009173632985128,0.06836143414534022,0.21182203851436232,0.00016677513440720602,158.0
"AESTHETIC − BASE, ratings (points)",-0.03642054932981145,-0.10752786641658418,0.03468676775696128,0.31325020890576016,158.0
"AESTHETIC − CONTROL, ratings, mean over the triplets (participant-centred scores)",0.1050846487167075,0.027935550288562455,0.18223374714485255,0.007907069671004827,159.0
"AESTHETIC chosen against CONTROL, share of the decisive comparisons, mean over participants",0.5052540523878104,0.47231991801023393,0.5381881867653869,0.7530902924037494,157.0
participants needed to detect the observed pairwise share,12412.0,,,,
"AESTHETIC chosen against BASE, share, mean over participants",0.49497852070913134,0.46118572040694517,0.5287713210113175,0.7695147799622931,157.0
"BASE chosen against CONTROL, share, mean over participants",0.5323034823825963,0.5019992434128857,0.5626077213523069,0.03683950081692107,158.0
AESTHETIC against CONTROL with ties counted as half,0.5076416595008367,0.4811138285489103,0.5341694904527632,0.5701848683236971,158.0
"AESTHETIC chosen against CONTROL, share, mean over the triplets",0.5111374300053546,0.4771555477044197,0.5451193123062895,0.5183585993826555,159.0
"share of ties, AESTHETIC vs CONTROL",0.16402786573780875,,,,1579.0
share of choices of the image on the left,0.49351620947630925,,,,4010.0
Bradley–Terry odds ratio AESTHETIC vs CONTROL,1.089859821230168,0.9847665653161743,1.206168519288116,0.09569509725135159,4010.0
Bradley–Terry odds ratio of the left position,0.9737595349234751,0.8932977980949762,1.0614686769367456,0.5434107133199433,
Bradley–Terry odds ratio BASE vs CONTROL,1.1334143303588653,1.0384812468728601,1.2370257509523521,0.005298189218700658,
Bradley–Terry odds ratio AESTHETIC vs BASE,0.9615722971184711,0.8742324948608132,1.057637742844256,0.4175560857563208,
minimum detectable odds ratio at 80% power,1.155720148528325,,,,
"AESTHETIC − CONTROL, ratings (points): participants linked to phase 1",0.02861347739840172,-0.12096118298111452,0.17818813777791798,0.6990886268169016,32.0
Bradley–Terry odds ratio AESTHETIC vs CONTROL: participants linked to phase 1,1.0558876530786976,0.8346518200724128,1.3357650568920025,0.6404287217872923,807.0
"AESTHETIC − CONTROL, ratings (points): declared phase 1, not linked",-0.029765744740631983,-0.32451864840947187,0.2649871589282079,0.8324753065575524,16.0
"Bradley–Terry odds ratio AESTHETIC vs CONTROL: declared phase 1, not linked",0.9347429774601234,0.6986434579861982,1.250629951405453,0.6284159006943005,402.0
"AESTHETIC − CONTROL, ratings (points): phase 2 only",0.1449151653191595,0.05483546023041093,0.23499487040790806,0.0018672199112457193,110.0
Bradley–Terry odds ratio AESTHETIC vs CONTROL: phase 2 only,1.1235944379354386,0.9906519132496974,1.274377451932751,0.06936057559742148,2801.0
AESTHETIC − CONTROL: participants linked to phase 1 minus participants of phase 2 only (points),-0.11630168792075776,-0.28907429625876413,0.056470920417248605,0.1830044959431032,142.0
pairwise share: linked minus phase 2 only,0.014557341152094727,-0.07351207984763092,0.10262676215182037,0.7410300226722597,141.0
AESTHETIC − CONTROL: ratings first minus pairs first,0.07525873460609174,-0.07383044329146217,0.22434791250364566,0.3202574285312215,158.0
pairwise share: ratings first minus pairs first,0.024868755207635096,-0.04107195249657597,0.09080946291184616,0.45740338745730225,157.0
slope of the ratings along the session (points per 60 items),-0.3071326427382289,-0.4906042235689647,-0.12366106190749307,0.0011710116402987346,158.0
"ratings difference vs pairwise share, across participants (Spearman)",0.011800391963745346,,,0.8833829956315058,157.0
"ratings difference vs pairwise share, across triplets (Spearman)",0.29143016729834414,,,0.00019374703501497638,159.0
image mean rating vs share of pairwise wins (Spearman),0.17301377639343066,,,,477.0
phase 2: ICC of a single rating,0.23926449825227336,,,,477.0
phase 2: ICC of the image mean,0.861237364487069,,,,
phase 1: ICC of a single rating,0.1381463163221465,,,,600.0
phase 1: ICC of the photograph mean,0.8584387579233167,,,,
phase 1: correlation of each participant with the mean of the others,0.35121669287687207,0.32206080251627006,0.3803725832374741,,161.0
"phase 1: AESTHETIC − CONTROL photographs, same ratings used for the selection (points)",1.0196833755301136,0.9144797717828753,1.1248869792773517,,159.0
"phase 1: AESTHETIC − CONTROL photographs, leave-one-rater-out (points)",0.9152140901544971,0.8114682683724187,1.0189599119365753,,159.0
phase-2 difference / leave-one-rater-out signal,0.11327533974322783,,,,
Davidson model with ties: odds ratio AESTHETIC vs CONTROL,1.0893701991460436,0.9849167910077518,1.2049012075154586,0.09545919398214088,4736.0
Davidson model with ties: odds ratio BASE vs CONTROL,1.133148468373194,1.0381911446945737,1.2367909878043355,0.00540523751363164,4736.0
Davidson model: probability of a tie at parity,0.15343781818414592,0.1233395869975985,0.18929489982017506,,
AESTHETIC − CONTROL in SD of the generated scenes,0.1559357808189096,0.04379058656542033,0.26808097507239886,,
pairwise preference expected from the ratings,0.523459677548674,0.5065915536177542,0.5402858621566117,,
"Bradley–Terry odds ratio AESTHETIC vs CONTROL, 90% interval for the equivalence test (region 0.8–1.25)",1.089859821230168,1.0011070795056751,1.1864809012422135,,4010.0
