prompt_set_id,prompt_set_name,prompt_set_version,frozen_at,prompt_id,prompt_code,text,negative_prompt,category,sort_order
15,Prompt Architetture v2 (allineati al corpus),6,2026-09-28T11:40:49.414Z,272,A01,"exterior photograph of a late modernist museum building clad in large rough stone blocks, massive solid volumes with a recessed glass entrance and deep horizontal window slots, on the seafront promenade, soft evening light, three-quarter view, whole building in view, professional architectural photography, full-frame camera, 24mm lens, natural light, realistic materials, sharp focus","interior, indoor, inside view, close-up, cropped, view from underneath, underside of roof, ceiling, looking up, worm's-eye view, historic building, neoclassical, gothic, baroque, victorian, classical columns, ornate, medieval, text, lettering, signage, logo, watermark, 3d render, cgi, illustration, painting, cartoon, plastic, oversaturated, black and white, monochrome, sepia, blurry, jpeg artifacts, distorted lines, deformed structure, low quality",museum,1
15,Prompt Architetture v2 (allineati al corpus),6,2026-09-28T11:40:49.414Z,273,A02,"exterior photograph of a high-tech metro station entrance pavilion with a curved glass and white steel canopy, photographed from outside at a distance across an urban square, the whole pavilion visible, daylight, front view, whole building in view, professional architectural photography, full-frame camera, 24mm lens, natural light, realistic materials, sharp focus","interior, indoor, inside view, close-up, cropped, view from underneath, underside of roof, ceiling, looking up, worm's-eye view, historic building, neoclassical, gothic, baroque, victorian, classical columns, ornate, medieval, text, lettering, signage, logo, watermark, 3d render, cgi, illustration, painting, cartoon, plastic, oversaturated, black and white, monochrome, sepia, blurry, jpeg artifacts, distorted lines, deformed structure, low quality",station,1
15,Prompt Architetture v2 (allineati al corpus),6,2026-09-28T11:40:49.414Z,274,A04,"exterior photograph of a minimalist house in exposed grey concrete with one large cantilever over the rocks at the seafront, dramatic overcast sky, three-quarter view, whole building in view, professional architectural photography, full-frame camera, 24mm lens, natural light, realistic materials, sharp focus","interior, indoor, inside view, close-up, cropped, view from underneath, underside of roof, ceiling, looking up, worm's-eye view, historic building, neoclassical, gothic, baroque, victorian, classical columns, ornate, medieval, text, lettering, signage, logo, watermark, 3d render, cgi, illustration, painting, cartoon, plastic, oversaturated, black and white, monochrome, sepia, blurry, jpeg artifacts, distorted lines, deformed structure, low quality",house,2
15,Prompt Architetture v2 (allineati al corpus),6,2026-09-28T11:40:49.414Z,275,A07,"exterior photograph of a contemporary market hall with a huge undulating roof covered in colourful ceramic mosaic tiles, photographed from outside at a distance across the street, the whole building and roof edge visible, city centre, daylight, side view, whole building in view, professional architectural photography, full-frame camera, 24mm lens, natural light, realistic materials, sharp focus","interior, indoor, inside view, close-up, cropped, view from underneath, underside of roof, ceiling, looking up, worm's-eye view, historic building, neoclassical, gothic, baroque, victorian, classical columns, ornate, medieval, text, lettering, signage, logo, watermark, 3d render, cgi, illustration, painting, cartoon, plastic, oversaturated, black and white, monochrome, sepia, blurry, jpeg artifacts, distorted lines, deformed structure, low quality",market,3
15,Prompt Architetture v2 (allineati al corpus),6,2026-09-28T11:40:49.414Z,276,A08,"exterior photograph of a Scandinavian modernist library, warm red brick, sawtooth roof lights and a curved wall, park with autumn trees, daylight, front view from the street, whole building in view, professional architectural photography, full-frame camera, 24mm lens, natural light, realistic materials, sharp focus","interior, indoor, inside view, close-up, cropped, view from underneath, underside of roof, ceiling, looking up, worm's-eye view, historic building, neoclassical, gothic, baroque, victorian, classical columns, ornate, medieval, text, lettering, signage, logo, watermark, 3d render, cgi, illustration, painting, cartoon, plastic, oversaturated, black and white, monochrome, sepia, blurry, jpeg artifacts, distorted lines, deformed structure, low quality",library,4
15,Prompt Architetture v2 (allineati al corpus),6,2026-09-28T11:40:49.414Z,277,A09,"exterior photograph of a 1950s International Style office tower with slender bronze mullions and a dark glass curtain wall, plaza with a fountain in front, daylight, view from across the street, whole building in view, professional architectural photography, full-frame camera, 24mm lens, natural light, realistic materials, sharp focus","interior, indoor, inside view, close-up, cropped, view from underneath, underside of roof, ceiling, looking up, worm's-eye view, historic building, neoclassical, gothic, baroque, victorian, classical columns, ornate, medieval, text, lettering, signage, logo, watermark, 3d render, cgi, illustration, painting, cartoon, plastic, oversaturated, black and white, monochrome, sepia, blurry, jpeg artifacts, distorted lines, deformed structure, low quality",office,5
15,Prompt Architetture v2 (allineati al corpus),6,2026-09-28T11:40:49.414Z,278,A11,"exterior photograph of a contemporary timber church with a steep angular folded roof and wooden shingle cladding, alpine meadow with snow-capped mountains behind, clear morning light, three-quarter view from the meadow at a distance, whole building in view, professional architectural photography, full-frame camera, 24mm lens, natural light, realistic materials, sharp focus","interior, indoor, inside view, close-up, cropped, view from underneath, underside of roof, ceiling, looking up, worm's-eye view, historic building, neoclassical, gothic, baroque, victorian, classical columns, ornate, medieval, text, lettering, signage, logo, watermark, 3d render, cgi, illustration, painting, cartoon, plastic, oversaturated, black and white, monochrome, sepia, blurry, jpeg artifacts, distorted lines, deformed structure, low quality",religious,6
15,Prompt Architetture v2 (allineati al corpus),6,2026-09-28T11:40:49.414Z,279,A13,"exterior photograph of a contemporary football stadium wrapped in a facade of inflated diamond-shaped ETFE cushions, suburbs, daylight, side view from outside at a distance, whole building in view, professional architectural photography, full-frame camera, 24mm lens, natural light, realistic materials, sharp focus","interior, indoor, inside view, close-up, cropped, view from underneath, underside of roof, ceiling, looking up, worm's-eye view, historic building, neoclassical, gothic, baroque, victorian, classical columns, ornate, medieval, text, lettering, signage, logo, watermark, 3d render, cgi, illustration, painting, cartoon, plastic, oversaturated, black and white, monochrome, sepia, blurry, jpeg artifacts, distorted lines, deformed structure, low quality",sport,7
15,Prompt Architetture v2 (allineati al corpus),6,2026-09-28T11:40:49.414Z,281,A15,"exterior photograph of a tropical modernist skyscraper with a deep concrete brise-soleil grid facade on the waterfront, daylight, the entire tower seen from a distance across the water, whole building in view, professional architectural photography, full-frame camera, 24mm lens, natural light, realistic materials, sharp focus","interior, indoor, inside view, close-up, cropped, view from underneath, underside of roof, ceiling, looking up, worm's-eye view, historic building, neoclassical, gothic, baroque, victorian, classical columns, ornate, medieval, text, lettering, signage, logo, watermark, 3d render, cgi, illustration, painting, cartoon, plastic, oversaturated, black and white, monochrome, sepia, blurry, jpeg artifacts, distorted lines, deformed structure, low quality",tower,9
15,Prompt Architetture v2 (allineati al corpus),6,2026-09-28T11:40:49.414Z,282,A22,"exterior photograph of a postwar modern church of rough grey stone with a tall freestanding concrete bell tower, residential neighbourhood, daylight, side view, whole building in view, professional architectural photography, full-frame camera, 24mm lens, natural light, realistic materials, sharp focus","interior, indoor, inside view, close-up, cropped, view from underneath, underside of roof, ceiling, looking up, worm's-eye view, historic building, neoclassical, gothic, baroque, victorian, classical columns, ornate, medieval, text, lettering, signage, logo, watermark, 3d render, cgi, illustration, painting, cartoon, plastic, oversaturated, black and white, monochrome, sepia, blurry, jpeg artifacts, distorted lines, deformed structure, low quality",religious,10
15,Prompt Architetture v2 (allineati al corpus),6,2026-09-28T11:40:49.414Z,283,A25,"exterior photograph of a contemporary Mediterranean villa of whitewashed cubic volumes with a timber pergola and an infinity pool, on a cliff above the sea, golden hour light, the whole villa seen from a distance, three-quarter view at eye level, whole building in view, professional architectural photography, full-frame camera, 24mm lens, natural light, realistic materials, sharp focus","interior, indoor, inside view, close-up, cropped, view from underneath, underside of roof, ceiling, looking up, worm's-eye view, historic building, neoclassical, gothic, baroque, victorian, classical columns, ornate, medieval, text, lettering, signage, logo, watermark, 3d render, cgi, illustration, painting, cartoon, plastic, oversaturated, black and white, monochrome, sepia, blurry, jpeg artifacts, distorted lines, deformed structure, low quality",house,11
15,Prompt Architetture v2 (allineati al corpus),6,2026-09-28T11:40:49.414Z,284,A26,"exterior photograph of a neo-futurist railway station with white steel ribs forming a wing-shaped canopy, photographed from outside at a distance across the station square, the whole station visible, daylight, front view, whole building in view, professional architectural photography, full-frame camera, 24mm lens, natural light, realistic materials, sharp focus","interior, indoor, inside view, close-up, cropped, view from underneath, underside of roof, ceiling, looking up, worm's-eye view, historic building, neoclassical, gothic, baroque, victorian, classical columns, ornate, medieval, text, lettering, signage, logo, watermark, 3d render, cgi, illustration, painting, cartoon, plastic, oversaturated, black and white, monochrome, sepia, blurry, jpeg artifacts, distorted lines, deformed structure, low quality",station,12
15,Prompt Architetture v2 (allineati al corpus),6,2026-09-28T11:40:49.414Z,285,A27,"exterior photograph of a contemporary airport terminal building with a long undulating roof over a glass facade, photographed from far away across a landscaped forecourt, the whole terminal and roof edge visible from outside, daylight, eye-level view, whole building in view, professional architectural photography, full-frame camera, 24mm lens, natural light, realistic materials, sharp focus","interior, indoor, inside view, close-up, cropped, view from underneath, underside of roof, ceiling, looking up, worm's-eye view, historic building, neoclassical, gothic, baroque, victorian, classical columns, ornate, medieval, text, lettering, signage, logo, watermark, 3d render, cgi, illustration, painting, cartoon, plastic, oversaturated, black and white, monochrome, sepia, blurry, jpeg artifacts, distorted lines, deformed structure, low quality",station,13
15,Prompt Architetture v2 (allineati al corpus),6,2026-09-28T11:40:49.414Z,286,B01,"exterior photograph of a 1930s streamline moderne beach house, white render, rounded corners, porthole windows and long horizontal balconies, beach, sunny day, front view, whole building in view, professional architectural photography, full-frame camera, 24mm lens, natural light, realistic materials, sharp focus","interior, indoor, inside view, close-up, cropped, view from underneath, underside of roof, ceiling, looking up, worm's-eye view, historic building, neoclassical, gothic, baroque, victorian, classical columns, ornate, medieval, text, lettering, signage, logo, watermark, 3d render, cgi, illustration, painting, cartoon, plastic, oversaturated, black and white, monochrome, sepia, blurry, jpeg artifacts, distorted lines, deformed structure, low quality",house,14
15,Prompt Architetture v2 (allineati al corpus),6,2026-09-28T11:40:49.414Z,287,B02,"exterior photograph of a contemporary urban apartment building with a perforated terracotta screen facade, on a street corner, the whole building seen from across the street, daylight, front view, whole building in view, professional architectural photography, full-frame camera, 24mm lens, natural light, realistic materials, sharp focus","interior, indoor, inside view, close-up, cropped, view from underneath, underside of roof, ceiling, looking up, worm's-eye view, historic building, neoclassical, gothic, baroque, victorian, classical columns, ornate, medieval, text, lettering, signage, logo, watermark, 3d render, cgi, illustration, painting, cartoon, plastic, oversaturated, black and white, monochrome, sepia, blurry, jpeg artifacts, distorted lines, deformed structure, low quality",housing,15
15,Prompt Architetture v2 (allineati al corpus),6,2026-09-28T11:40:49.414Z,288,B04,"exterior photograph of a contemporary primary school with playful coloured facade panels and large square windows, urban park, daylight, side view, whole building in view, professional architectural photography, full-frame camera, 24mm lens, natural light, realistic materials, sharp focus","interior, indoor, inside view, close-up, cropped, view from underneath, underside of roof, ceiling, looking up, worm's-eye view, historic building, neoclassical, gothic, baroque, victorian, classical columns, ornate, medieval, text, lettering, signage, logo, watermark, 3d render, cgi, illustration, painting, cartoon, plastic, oversaturated, black and white, monochrome, sepia, blurry, jpeg artifacts, distorted lines, deformed structure, low quality",school,16
15,Prompt Architetture v2 (allineati al corpus),6,2026-09-28T11:40:49.414Z,289,B06,"exterior photograph of a 1960s new brutalist university building of red brick and concrete with angular projecting lecture halls, green campus, daylight, perspective view at eye level, whole building in view, professional architectural photography, full-frame camera, 24mm lens, natural light, realistic materials, sharp focus","interior, indoor, inside view, close-up, cropped, view from underneath, underside of roof, ceiling, looking up, worm's-eye view, historic building, neoclassical, gothic, baroque, victorian, classical columns, ornate, medieval, text, lettering, signage, logo, watermark, 3d render, cgi, illustration, painting, cartoon, plastic, oversaturated, black and white, monochrome, sepia, blurry, jpeg artifacts, distorted lines, deformed structure, low quality",school,17
15,Prompt Architetture v2 (allineati al corpus),6,2026-09-28T11:40:49.414Z,290,B08,"exterior photograph of a contemporary sports hall with a translucent polycarbonate facade, suburbs, daylight, front view from the street, whole building in view, professional architectural photography, full-frame camera, 24mm lens, natural light, realistic materials, sharp focus","interior, indoor, inside view, close-up, cropped, view from underneath, underside of roof, ceiling, looking up, worm's-eye view, historic building, neoclassical, gothic, baroque, victorian, classical columns, ornate, medieval, text, lettering, signage, logo, watermark, 3d render, cgi, illustration, painting, cartoon, plastic, oversaturated, black and white, monochrome, sepia, blurry, jpeg artifacts, distorted lines, deformed structure, low quality",sport,18
15,Prompt Architetture v2 (allineati al corpus),6,2026-09-28T11:40:49.414Z,291,B09,"exterior photograph of a contemporary museum made of stacked offset white boxes wrapped in a metal mesh skin, city street, daylight, front view, whole building in view, professional architectural photography, full-frame camera, 24mm lens, natural light, realistic materials, sharp focus","interior, indoor, inside view, close-up, cropped, view from underneath, underside of roof, ceiling, looking up, worm's-eye view, historic building, neoclassical, gothic, baroque, victorian, classical columns, ornate, medieval, text, lettering, signage, logo, watermark, 3d render, cgi, illustration, painting, cartoon, plastic, oversaturated, black and white, monochrome, sepia, blurry, jpeg artifacts, distorted lines, deformed structure, low quality",museum,19
15,Prompt Architetture v2 (allineati al corpus),6,2026-09-28T11:40:49.414Z,292,B12,"exterior photograph of a 1930s rationalist town hall, pale travertine cladding, regular grid of windows and a slender square clock tower, paved piazza, daylight, front view, whole building in view, professional architectural photography, full-frame camera, 24mm lens, natural light, realistic materials, sharp focus","interior, indoor, inside view, close-up, cropped, view from underneath, underside of roof, ceiling, looking up, worm's-eye view, historic building, neoclassical, gothic, baroque, victorian, classical columns, ornate, medieval, text, lettering, signage, logo, watermark, 3d render, cgi, illustration, painting, cartoon, plastic, oversaturated, black and white, monochrome, sepia, blurry, jpeg artifacts, distorted lines, deformed structure, low quality",civic,20
15,Prompt Architetture v2 (allineati al corpus),6,2026-09-28T11:40:49.414Z,293,B14,"exterior photograph of a 1950s modernist housing block on massive concrete pilotis, rough concrete with brightly coloured balcony recesses, green park, daylight, front view, whole building in view, professional architectural photography, full-frame camera, 24mm lens, natural light, realistic materials, sharp focus","interior, indoor, inside view, close-up, cropped, view from underneath, underside of roof, ceiling, looking up, worm's-eye view, historic building, neoclassical, gothic, baroque, victorian, classical columns, ornate, medieval, text, lettering, signage, logo, watermark, 3d render, cgi, illustration, painting, cartoon, plastic, oversaturated, black and white, monochrome, sepia, blurry, jpeg artifacts, distorted lines, deformed structure, low quality",housing,21
15,Prompt Architetture v2 (allineati al corpus),6,2026-09-28T11:40:49.414Z,294,B15,"exterior photograph of a 1950s museum shaped as a white spiral drum widening upwards, city street corner, daylight, side view, whole building in view, professional architectural photography, full-frame camera, 24mm lens, natural light, realistic materials, sharp focus","interior, indoor, inside view, close-up, cropped, view from underneath, underside of roof, ceiling, looking up, worm's-eye view, historic building, neoclassical, gothic, baroque, victorian, classical columns, ornate, medieval, text, lettering, signage, logo, watermark, 3d render, cgi, illustration, painting, cartoon, plastic, oversaturated, black and white, monochrome, sepia, blurry, jpeg artifacts, distorted lines, deformed structure, low quality",museum,22
15,Prompt Architetture v2 (allineati al corpus),6,2026-09-28T11:40:49.414Z,295,B19,"exterior photograph of a contemporary twisting supertall skyscraper of glass and steel, photographed from far away across a river, the full height of the tower from ground to top visible with lower buildings around its base, daylight, whole building in view, professional architectural photography, full-frame camera, 24mm lens, natural light, realistic materials, sharp focus","interior, indoor, inside view, close-up, cropped, view from underneath, underside of roof, ceiling, looking up, worm's-eye view, historic building, neoclassical, gothic, baroque, victorian, classical columns, ornate, medieval, text, lettering, signage, logo, watermark, 3d render, cgi, illustration, painting, cartoon, plastic, oversaturated, black and white, monochrome, sepia, blurry, jpeg artifacts, distorted lines, deformed structure, low quality",tower,23
15,Prompt Architetture v2 (allineati al corpus),6,2026-09-28T11:40:49.414Z,296,B20,"exterior photograph of a 1970s bank headquarters building of dark weathering steel and bronze tinted glass, seen from across a city square, daylight, front view, whole building in view, professional architectural photography, full-frame camera, 24mm lens, natural light, realistic materials, sharp focus","interior, indoor, inside view, close-up, cropped, view from underneath, underside of roof, ceiling, looking up, worm's-eye view, historic building, neoclassical, gothic, baroque, victorian, classical columns, ornate, medieval, text, lettering, signage, logo, watermark, 3d render, cgi, illustration, painting, cartoon, plastic, oversaturated, black and white, monochrome, sepia, blurry, jpeg artifacts, distorted lines, deformed structure, low quality",office,24
15,Prompt Architetture v2 (allineati al corpus),6,2026-09-28T11:40:49.414Z,297,B23,"exterior photograph of a contemporary minimalist church, a pure white marble cube with a single cross-shaped light slit, city square, daylight, front view from the street, whole building in view, professional architectural photography, full-frame camera, 24mm lens, natural light, realistic materials, sharp focus","interior, indoor, inside view, close-up, cropped, view from underneath, underside of roof, ceiling, looking up, worm's-eye view, historic building, neoclassical, gothic, baroque, victorian, classical columns, ornate, medieval, text, lettering, signage, logo, watermark, 3d render, cgi, illustration, painting, cartoon, plastic, oversaturated, black and white, monochrome, sepia, blurry, jpeg artifacts, distorted lines, deformed structure, low quality",religious,25
15,Prompt Architetture v2 (allineati al corpus),6,2026-09-28T11:40:49.414Z,298,B25,"exterior photograph of a 1930s functionalist factory, long horizontal glass curtain walls on a white concrete frame, industrial canal in front, seen from across the canal, daylight, front view, whole building in view, professional architectural photography, full-frame camera, 24mm lens, natural light, realistic materials, sharp focus","interior, indoor, inside view, close-up, cropped, view from underneath, underside of roof, ceiling, looking up, worm's-eye view, historic building, neoclassical, gothic, baroque, victorian, classical columns, ornate, medieval, text, lettering, signage, logo, watermark, 3d render, cgi, illustration, painting, cartoon, plastic, oversaturated, black and white, monochrome, sepia, blurry, jpeg artifacts, distorted lines, deformed structure, low quality",industrial,26
15,Prompt Architetture v2 (allineati al corpus),6,2026-09-28T11:40:49.414Z,299,B26,"exterior photograph of a 1920s modernist social housing estate, white and pastel coloured render, flat roofs and rows of balconies, garden street, daylight, perspective view at eye level, whole building in view, professional architectural photography, full-frame camera, 24mm lens, natural light, realistic materials, sharp focus","interior, indoor, inside view, close-up, cropped, view from underneath, underside of roof, ceiling, looking up, worm's-eye view, historic building, neoclassical, gothic, baroque, victorian, classical columns, ornate, medieval, text, lettering, signage, logo, watermark, 3d render, cgi, illustration, painting, cartoon, plastic, oversaturated, black and white, monochrome, sepia, blurry, jpeg artifacts, distorted lines, deformed structure, low quality",housing,27
15,Prompt Architetture v2 (allineati al corpus),6,2026-09-28T11:40:49.414Z,300,B27,"exterior photograph of a contemporary mountain house with a dark timber upper volume on a rough stone base and large windows, alpine valley in summer, soft daylight, the whole house seen from the meadow below at a distance, whole building in view, professional architectural photography, full-frame camera, 24mm lens, natural light, realistic materials, sharp focus","interior, indoor, inside view, close-up, cropped, view from underneath, underside of roof, ceiling, looking up, worm's-eye view, historic building, neoclassical, gothic, baroque, victorian, classical columns, ornate, medieval, text, lettering, signage, logo, watermark, 3d render, cgi, illustration, painting, cartoon, plastic, oversaturated, black and white, monochrome, sepia, blurry, jpeg artifacts, distorted lines, deformed structure, low quality",house,28
15,Prompt Architetture v2 (allineati al corpus),6,2026-09-28T11:40:49.414Z,301,B29,"exterior photograph of a 1960s stadium with a dramatic cantilevered thin concrete roof and a ribbed concrete facade, suburbs, daylight, the whole stadium seen from outside at a distance, perspective view at eye level, whole building in view, professional architectural photography, full-frame camera, 24mm lens, natural light, realistic materials, sharp focus","interior, indoor, inside view, close-up, cropped, view from underneath, underside of roof, ceiling, looking up, worm's-eye view, historic building, neoclassical, gothic, baroque, victorian, classical columns, ornate, medieval, text, lettering, signage, logo, watermark, 3d render, cgi, illustration, painting, cartoon, plastic, oversaturated, black and white, monochrome, sepia, blurry, jpeg artifacts, distorted lines, deformed structure, low quality",sport,29
15,Prompt Architetture v2 (allineati al corpus),6,2026-09-28T11:40:49.414Z,302,C01,"exterior photograph of a deconstructivist museum with fragmented angular volumes, tilted walls and sharp intersecting planes, brushed zinc and glass cladding, riverfront, bright daylight, three-quarter view, whole building in view, professional architectural photography, full-frame camera, 24mm lens, natural light, realistic materials, sharp focus","interior, indoor, inside view, close-up, cropped, view from underneath, underside of roof, ceiling, looking up, worm's-eye view, historic building, neoclassical, gothic, baroque, victorian, classical columns, ornate, medieval, text, lettering, signage, logo, watermark, 3d render, cgi, illustration, painting, cartoon, plastic, oversaturated, black and white, monochrome, sepia, blurry, jpeg artifacts, distorted lines, deformed structure, low quality",museum,100
15,Prompt Architetture v2 (allineati al corpus),6,2026-09-28T11:40:49.414Z,303,C02,"exterior photograph of a deconstructivist concert hall made of colliding slanted concrete and glass blocks, cantilevered wedge shapes, urban plaza, afternoon light, perspective view at eye level, whole building in view, professional architectural photography, full-frame camera, 24mm lens, natural light, realistic materials, sharp focus","interior, indoor, inside view, close-up, cropped, view from underneath, underside of roof, ceiling, looking up, worm's-eye view, historic building, neoclassical, gothic, baroque, victorian, classical columns, ornate, medieval, text, lettering, signage, logo, watermark, 3d render, cgi, illustration, painting, cartoon, plastic, oversaturated, black and white, monochrome, sepia, blurry, jpeg artifacts, distorted lines, deformed structure, low quality",culture,101
15,Prompt Architetture v2 (allineati al corpus),6,2026-09-28T11:40:49.414Z,304,C04,"exterior photograph of an organic cultural centre with flowing curved white concrete shell roofs and no straight lines, wide open plaza, clear blue sky, three-quarter view, whole building in view, professional architectural photography, full-frame camera, 24mm lens, natural light, realistic materials, sharp focus","interior, indoor, inside view, close-up, cropped, view from underneath, underside of roof, ceiling, looking up, worm's-eye view, historic building, neoclassical, gothic, baroque, victorian, classical columns, ornate, medieval, text, lettering, signage, logo, watermark, 3d render, cgi, illustration, painting, cartoon, plastic, oversaturated, black and white, monochrome, sepia, blurry, jpeg artifacts, distorted lines, deformed structure, low quality",culture,102
15,Prompt Architetture v2 (allineati al corpus),6,2026-09-28T11:40:49.414Z,305,C05,"exterior photograph of a parametric contemporary building with a continuous fluid facade of curving white bands and ribbon windows, landscaped plaza, daylight, perspective view, whole building in view, professional architectural photography, full-frame camera, 24mm lens, natural light, realistic materials, sharp focus","interior, indoor, inside view, close-up, cropped, view from underneath, underside of roof, ceiling, looking up, worm's-eye view, historic building, neoclassical, gothic, baroque, victorian, classical columns, ornate, medieval, text, lettering, signage, logo, watermark, 3d render, cgi, illustration, painting, cartoon, plastic, oversaturated, black and white, monochrome, sepia, blurry, jpeg artifacts, distorted lines, deformed structure, low quality",culture,103
15,Prompt Architetture v2 (allineati al corpus),6,2026-09-28T11:40:49.414Z,306,C06,"exterior photograph of a brutalist housing complex, raw board-marked concrete, heavy sculptural stacked volumes and deep balconies, overcast sky, perspective view at eye level, whole building in view, professional architectural photography, full-frame camera, 24mm lens, natural light, realistic materials, sharp focus","interior, indoor, inside view, close-up, cropped, view from underneath, underside of roof, ceiling, looking up, worm's-eye view, historic building, neoclassical, gothic, baroque, victorian, classical columns, ornate, medieval, text, lettering, signage, logo, watermark, 3d render, cgi, illustration, painting, cartoon, plastic, oversaturated, black and white, monochrome, sepia, blurry, jpeg artifacts, distorted lines, deformed structure, low quality",housing,104
15,Prompt Architetture v2 (allineati al corpus),6,2026-09-28T11:40:49.414Z,307,C07,"exterior photograph of a brutalist government building, massive raw concrete forms with deep window recesses and a monumental cantilever, large paved square, soft overcast light, front three-quarter view, whole building in view, professional architectural photography, full-frame camera, 24mm lens, natural light, realistic materials, sharp focus","interior, indoor, inside view, close-up, cropped, view from underneath, underside of roof, ceiling, looking up, worm's-eye view, historic building, neoclassical, gothic, baroque, victorian, classical columns, ornate, medieval, text, lettering, signage, logo, watermark, 3d render, cgi, illustration, painting, cartoon, plastic, oversaturated, black and white, monochrome, sepia, blurry, jpeg artifacts, distorted lines, deformed structure, low quality",public,105
15,Prompt Architetture v2 (allineati al corpus),6,2026-09-28T11:40:49.414Z,308,C08,"exterior photograph of a high-tech architecture cultural centre with exposed steel structural frame, colourful external pipes, ducts and escalator tubes, glass curtain wall, city square, daylight, three-quarter view, whole building in view, professional architectural photography, full-frame camera, 24mm lens, natural light, realistic materials, sharp focus","interior, indoor, inside view, close-up, cropped, view from underneath, underside of roof, ceiling, looking up, worm's-eye view, historic building, neoclassical, gothic, baroque, victorian, classical columns, ornate, medieval, text, lettering, signage, logo, watermark, 3d render, cgi, illustration, painting, cartoon, plastic, oversaturated, black and white, monochrome, sepia, blurry, jpeg artifacts, distorted lines, deformed structure, low quality",culture,106
15,Prompt Architetture v2 (allineati al corpus),6,2026-09-28T11:40:49.414Z,309,C09,"exterior photograph of a 1920s expressionist office building, dark clinker brick, dynamic sharp curved corner like a ship bow, vertical brick piers, city street, daylight, street-level perspective, whole building in view, professional architectural photography, full-frame camera, 24mm lens, natural light, realistic materials, sharp focus","interior, indoor, inside view, close-up, cropped, view from underneath, underside of roof, ceiling, looking up, worm's-eye view, historic building, neoclassical, gothic, baroque, victorian, classical columns, ornate, medieval, text, lettering, signage, logo, watermark, 3d render, cgi, illustration, painting, cartoon, plastic, oversaturated, black and white, monochrome, sepia, blurry, jpeg artifacts, distorted lines, deformed structure, low quality",office,107
15,Prompt Architetture v2 (allineati al corpus),6,2026-09-28T11:40:49.414Z,310,C10,"exterior photograph of a 1920s Bauhaus style school building, white render, flat roofs, asymmetric cubic volumes, long horizontal ribbon windows and a glass curtain wall stairwell, green lawn, daylight, three-quarter view, whole building in view, professional architectural photography, full-frame camera, 24mm lens, natural light, realistic materials, sharp focus","interior, indoor, inside view, close-up, cropped, view from underneath, underside of roof, ceiling, looking up, worm's-eye view, historic building, neoclassical, gothic, baroque, victorian, classical columns, ornate, medieval, text, lettering, signage, logo, watermark, 3d render, cgi, illustration, painting, cartoon, plastic, oversaturated, black and white, monochrome, sepia, blurry, jpeg artifacts, distorted lines, deformed structure, low quality",school,108
15,Prompt Architetture v2 (allineati al corpus),6,2026-09-28T11:40:49.414Z,311,C11,"exterior photograph of a 1930s art deco cinema building, cream stucco, stepped streamlined facade with vertical fins and rounded corner tower, city street, sunny day, street-level view, whole building in view, professional architectural photography, full-frame camera, 24mm lens, natural light, realistic materials, sharp focus","interior, indoor, inside view, close-up, cropped, view from underneath, underside of roof, ceiling, looking up, worm's-eye view, historic building, neoclassical, gothic, baroque, victorian, classical columns, ornate, medieval, text, lettering, signage, logo, watermark, 3d render, cgi, illustration, painting, cartoon, plastic, oversaturated, black and white, monochrome, sepia, blurry, jpeg artifacts, distorted lines, deformed structure, low quality",cinema,109
15,Prompt Architetture v2 (allineati al corpus),6,2026-09-28T11:40:49.414Z,312,C12,"exterior photograph of a 1980s postmodern office building with a symmetrical facade, a large abstract geometric arch at the entrance, muted terracotta and sand coloured render with a few pastel accents, city plaza, daylight, front view from across the plaza, whole building in view, professional architectural photography, full-frame camera, 24mm lens, natural light, realistic materials, sharp focus","interior, indoor, inside view, close-up, cropped, view from underneath, underside of roof, ceiling, looking up, worm's-eye view, historic building, neoclassical, gothic, baroque, victorian, classical columns, ornate, medieval, text, lettering, signage, logo, watermark, 3d render, cgi, illustration, painting, cartoon, plastic, oversaturated, black and white, monochrome, sepia, blurry, jpeg artifacts, distorted lines, deformed structure, low quality",office,110
15,Prompt Architetture v2 (allineati al corpus),6,2026-09-28T11:40:49.414Z,313,C13,"exterior photograph of a Japanese minimalist timber museum by a lake, thin floating roof, layered vertical wooden louvres, calm water reflection, soft morning light, the whole building seen from across the lake at a distance, whole building in view, professional architectural photography, full-frame camera, 24mm lens, natural light, realistic materials, sharp focus","interior, indoor, inside view, close-up, cropped, view from underneath, underside of roof, ceiling, looking up, worm's-eye view, historic building, neoclassical, gothic, baroque, victorian, classical columns, ornate, medieval, text, lettering, signage, logo, watermark, 3d render, cgi, illustration, painting, cartoon, plastic, oversaturated, black and white, monochrome, sepia, blurry, jpeg artifacts, distorted lines, deformed structure, low quality",museum,111
15,Prompt Architetture v2 (allineati al corpus),6,2026-09-28T11:40:49.414Z,314,C14,"exterior photograph of a metabolist capsule tower, stacked prefabricated concrete capsules with round windows around a central core, city street, daylight, view from street level, whole building in view, professional architectural photography, full-frame camera, 24mm lens, natural light, realistic materials, sharp focus","interior, indoor, inside view, close-up, cropped, view from underneath, underside of roof, ceiling, looking up, worm's-eye view, historic building, neoclassical, gothic, baroque, victorian, classical columns, ornate, medieval, text, lettering, signage, logo, watermark, 3d render, cgi, illustration, painting, cartoon, plastic, oversaturated, black and white, monochrome, sepia, blurry, jpeg artifacts, distorted lines, deformed structure, low quality",housing,112
15,Prompt Architetture v2 (allineati al corpus),6,2026-09-28T11:40:49.414Z,315,C15,"exterior photograph of a contemporary community centre with thick rammed earth walls, deep shaded openings and a courtyard, desert landscape, strong low sunlight and long shadows, the whole building seen from a distance, three-quarter view, whole building in view, professional architectural photography, full-frame camera, 24mm lens, natural light, realistic materials, sharp focus","interior, indoor, inside view, close-up, cropped, view from underneath, underside of roof, ceiling, looking up, worm's-eye view, historic building, neoclassical, gothic, baroque, victorian, classical columns, ornate, medieval, text, lettering, signage, logo, watermark, 3d render, cgi, illustration, painting, cartoon, plastic, oversaturated, black and white, monochrome, sepia, blurry, jpeg artifacts, distorted lines, deformed structure, low quality",culture,113
15,Prompt Architetture v2 (allineati al corpus),6,2026-09-28T11:40:49.414Z,316,C16,"exterior photograph of a contemporary mass timber apartment building, cross-laminated timber and vertical larch cladding, pine forest suburb in Scandinavia, overcast light, perspective view, whole building in view, professional architectural photography, full-frame camera, 24mm lens, natural light, realistic materials, sharp focus","interior, indoor, inside view, close-up, cropped, view from underneath, underside of roof, ceiling, looking up, worm's-eye view, historic building, neoclassical, gothic, baroque, victorian, classical columns, ornate, medieval, text, lettering, signage, logo, watermark, 3d render, cgi, illustration, painting, cartoon, plastic, oversaturated, black and white, monochrome, sepia, blurry, jpeg artifacts, distorted lines, deformed structure, low quality",housing,114
15,Prompt Architetture v2 (allineati al corpus),6,2026-09-28T11:40:49.414Z,317,C17,"exterior photograph of a modernist thin-shell concrete restaurant with a hyperbolic paraboloid roof of curved petals, by the water, daylight, the whole building seen from a distance, three-quarter view, whole building in view, professional architectural photography, full-frame camera, 24mm lens, natural light, realistic materials, sharp focus","interior, indoor, inside view, close-up, cropped, view from underneath, underside of roof, ceiling, looking up, worm's-eye view, historic building, neoclassical, gothic, baroque, victorian, classical columns, ornate, medieval, text, lettering, signage, logo, watermark, 3d render, cgi, illustration, painting, cartoon, plastic, oversaturated, black and white, monochrome, sepia, blurry, jpeg artifacts, distorted lines, deformed structure, low quality",restaurant,115
15,Prompt Architetture v2 (allineati al corpus),6,2026-09-28T11:40:49.414Z,318,C18,"exterior photograph of a 1950s tropical modernist house raised on pilotis, cantilevered concrete slab, brise-soleil and cobogo screen walls, lush tropical garden, bright sun, three-quarter view, whole building in view, professional architectural photography, full-frame camera, 24mm lens, natural light, realistic materials, sharp focus","interior, indoor, inside view, close-up, cropped, view from underneath, underside of roof, ceiling, looking up, worm's-eye view, historic building, neoclassical, gothic, baroque, victorian, classical columns, ornate, medieval, text, lettering, signage, logo, watermark, 3d render, cgi, illustration, painting, cartoon, plastic, oversaturated, black and white, monochrome, sepia, blurry, jpeg artifacts, distorted lines, deformed structure, low quality",house,116
15,Prompt Architetture v2 (allineati al corpus),6,2026-09-28T11:40:49.414Z,319,C19,"exterior photograph of a mid-century modern A-frame cabin with dark timber cladding and a fully glazed gable, snowy pine forest, winter daylight, front view, whole building in view, professional architectural photography, full-frame camera, 24mm lens, natural light, realistic materials, sharp focus","interior, indoor, inside view, close-up, cropped, view from underneath, underside of roof, ceiling, looking up, worm's-eye view, historic building, neoclassical, gothic, baroque, victorian, classical columns, ornate, medieval, text, lettering, signage, logo, watermark, 3d render, cgi, illustration, painting, cartoon, plastic, oversaturated, black and white, monochrome, sepia, blurry, jpeg artifacts, distorted lines, deformed structure, low quality",house,117
15,Prompt Architetture v2 (allineati al corpus),6,2026-09-28T11:40:49.414Z,320,C20,"exterior photograph of a sculptural expressionist concrete chapel on a green hill, thick curved walls of rough whitewashed concrete with weathered texture, heavy upturned roof and irregular deep-set small windows, blue sky, three-quarter view, whole building in view, professional architectural photography, full-frame camera, 24mm lens, natural light, realistic materials, sharp focus","interior, indoor, inside view, close-up, cropped, view from underneath, underside of roof, ceiling, looking up, worm's-eye view, historic building, neoclassical, gothic, baroque, victorian, classical columns, ornate, medieval, text, lettering, signage, logo, watermark, 3d render, cgi, illustration, painting, cartoon, plastic, oversaturated, black and white, monochrome, sepia, blurry, jpeg artifacts, distorted lines, deformed structure, low quality",chapel,118
