prompt_code,generation_seed,shown_to_participants,base,aesthetic_seed_A,aesthetic_seed_B,aesthetic_seed_C,control_seed_A,control_seed_B,control_seed_C
A01,25478,False,-0.1983269346460631,-0.08314213339858906,-0.10571533764979324,-0.14426987431342758,-0.10541423883070394,-0.10426723010607923,-0.16428978059967195
A01,6127,True,-0.12708197193096074,-0.04635137072087024,0.004851785052570556,-0.0913079081934644,-0.08902155684224376,-0.10824599466593399,-0.11343235542059572
A01,7,True,-0.12044517318723179,-0.16776748192935684,-0.11403853857735707,-0.15573081528395713,-0.11655889535955624,-0.13544787887529286,-0.177489414000128
A01,85,False,-0.048780561807003874,-0.12770419284025572,-0.12787368387111708,-0.1565095700420912,-0.011534674945437386,-0.09348434285667823,-0.16887529508367022
A02,25478,True,0.31411887136234773,0.4067507833664598,0.32097657485459063,0.07965769747308392,0.2529899108901461,0.27545992121080115,0.1863354555436018
A02,6127,True,0.24791999448860166,0.4682018660102528,0.5020987485661499,0.47262834464662284,0.188211046431005,0.15387706665415907,0.24891551170754608
A02,7,True,0.3810021370663784,0.3159104253059013,0.31862601397678864,0.3821009317884846,0.34628087605802815,0.2889446647169918,0.288695568910793
A02,85,False,0.3281388998472107,0.45019807675456575,0.4632086537323772,0.4251317613101312,0.15940708450551797,0.3034193639929631,0.3741367764875301
A04,25478,True,-0.11736382363788969,-0.0867027504726163,-0.09560708241722084,-0.0469143331326829,-0.168920122209827,-0.04179501967225937,-0.13866594153694317
A04,6127,True,-0.08905488777820578,-0.08771352632991022,-0.08618469388239478,-0.11681678209725622,-0.08849022885847647,-0.10014023952975154,-0.11626786117062302
A04,7,True,-0.06936657239211347,-0.06374892181770524,-0.01164912250165838,-0.026531679935495087,-0.110610168490293,-0.013901075946164465,-0.022866505618686864
A04,85,True,0.039611279983536446,0.053411186717356646,0.050423887135819224,0.05687981704788962,-0.039635825439016,-0.041870497043646794,0.013128858623481622
A07,25478,True,0.04856818458089349,0.39391408151832574,0.4268161406005022,0.35281461865010694,0.28702125310263776,0.1883753638266601,-0.025806609462156682
A07,6127,True,0.1317304316905431,0.22963812299968195,0.27426430827435655,0.36601589506558696,-0.02017817293645093,0.3522977648558209,0.007851096590247388
A07,7,True,0.42354693189973025,0.3884213216719192,0.4682016461752145,0.4157604640713497,0.25228417153634347,0.3061486741956845,0.30243444591872953
A07,85,False,0.28402467536143033,0.16380431692091627,0.2749564696210246,0.31647224032591426,0.2642925659438174,0.2908882855804305,0.0625289965406483
A08,25478,True,-0.12769108079487906,-0.1374381469963692,-0.13375852464058033,-0.0429480865395268,-0.198160339371796,-0.19517346085473625,-0.21993346159920363
A08,6127,True,-0.059822153041569584,-0.12051180203256677,-0.13376206742979713,-0.14142786839288168,-0.17570277181870692,-0.1892623504415377,-0.13415728415598072
A08,7,True,-0.14794771343501645,0.24530760655349293,0.08745971675758396,0.17467027464148763,0.10793335514545081,-0.1776284563479496,-0.0027959737045233574
A08,85,True,0.005077939787729075,0.03400433216335791,0.0551083300156589,0.045985763253882275,-0.18765507276562424,0.054027093902854983,-0.15897871362698202
A09,25478,True,-0.18252604100189562,-0.15996011671439342,-0.03457482529425511,-0.13638859950279142,-0.11581352533770867,-0.13508565720831994,-0.15125712159771643
A09,6127,True,-0.15505109683708157,-0.10706330644891726,-0.08981479595062672,-0.16473354892830372,-0.15705196775495123,-0.17830823267342633,-0.15984176397369082
A09,7,True,-0.1672971845579773,-0.10152249242260206,-0.10929013114818344,-0.07368616659461319,-0.0806343218973518,-0.14068541072321378,-0.1289679986917921
A09,85,False,-0.004265665187640594,0.02124101615651739,-0.0681533914531982,-0.13193589342247253,-0.09878600590032219,-0.1236227873783376,-0.1524264346657797
A11,25478,True,0.06593660457732409,0.07143743562621035,0.04922642469105693,0.03604130423755837,0.07351469236481045,0.07368430955906632,0.0694072505347769
A11,6127,True,0.010477281369383782,0.011274910062964747,0.029336898218689622,0.07187810191613082,-0.01739400695406001,0.020060385011084154,0.03360235297019524
A11,7,True,0.053612440588265545,0.18144791640110164,0.09972835055501111,0.03881448579580944,0.054990286519992396,0.07677802576008742,0.09191931495795674
A11,85,True,0.07736842288892751,0.07297171318297799,0.14575583761598745,0.06772473237120005,0.12358577539739354,0.11397400560146993,0.12158448115696027
A13,25478,False,0.21890856141941395,0.34653000308377846,0.3002786231188476,0.33298414748409166,0.32022805591892267,0.2922286352592179,0.30385547559225523
A13,6127,True,0.2765114373882811,0.3850878615217355,0.12000834198128052,0.371146179432504,0.33702478857563656,0.3354348159279516,0.4000686464944532
A13,7,True,0.34600551922891043,0.3802614830876715,0.35437203920837557,0.4020044153542319,0.36331301893379914,0.3323415269711242,0.3566823487364465
A13,85,True,0.24042829241680466,0.34181911471179527,0.3797248300966005,0.24038520026979318,0.31646412591303785,0.39856718628521814,0.32714000931304377
A15,25478,True,-0.10525159439164983,-0.13598479281768533,-0.07538928089987088,-0.12595665855500918,-0.03536322273399668,-0.04246517623392647,-0.14226321576513987
A15,6127,False,-0.0441645467602922,0.0336769808124754,-0.10786587521507081,-0.014916911433453948,0.0676521329439538,0.0011641372051543683,-0.08597615290091226
A15,7,False,-0.070682406063648,0.03280340403737913,-0.08372122124039244,0.022104326294892365,-0.008095889656669042,0.008083921594566081,-0.018857959939699964
A15,85,False,0.03210680047828232,-0.006724533508049586,0.02412735561206871,-0.11237757691264946,0.008119155728093595,0.013202793578788279,-0.11210978738392814
A22,25478,True,-0.16278753792002082,-0.10191595102667236,-0.15244225460425107,-0.32882762485620276,-0.28457769893608326,-0.12193100960577896,-0.3303845699144849
A22,6127,True,-0.18392462778594523,0.06579485400675394,0.05978581881981611,-0.08167176242126584,-0.2630916107338108,-0.2347740316795942,-0.26401228953684
A22,7,True,-0.1644540290589454,0.0636293223422996,0.010237844318533045,-0.08089341246018766,-0.18686054791303017,-0.14074880546433854,-0.19874738483632398
A22,85,True,-0.036547070771342685,0.21582914911766962,0.19375107507722605,-0.05076875651393523,-0.02992695258208255,-0.18165487926176746,-0.1514129122072117
A25,25478,True,-0.06048717150080596,-0.008604647003822213,-0.005120121330669119,-0.062013972860460655,0.04938715371757815,0.04960406856076734,-0.04394266601922686
A25,6127,True,-0.043677691589465925,-0.018968125159936997,-0.004912411028299193,-0.007711659197126114,-0.054112623461687645,-0.05165292859391572,-0.014624915044868032
A25,7,True,-0.041207742799572004,-0.04988582513255903,-0.02020408601817434,-0.04658072597050511,-0.08960213744641937,-0.09366088024210333,-0.08498850253468683
A25,85,True,-0.0073463158768613136,0.027762162007594224,-0.08319547173221203,-0.013497577000173308,-0.0045952120218339726,0.030622649011568723,-0.006180342320308103
A26,25478,True,0.24579498313759893,0.4639076073366184,0.5461726883003244,0.5093366259874783,0.40755540788556127,0.4839442703601707,0.42937460044116177
A26,6127,True,0.2952498187557715,0.5364600350909084,0.5251436190360488,0.48989752112069496,0.2893323052051144,0.4028176556971531,0.4211312867355278
A26,7,True,0.4767794210596443,0.5169586925673666,0.5209640354287483,0.5437896545695559,0.3191250127976527,0.4809842017794306,0.4271341370488738
A26,85,False,0.416628297322319,0.32754537879179196,0.14008266593320512,0.3644057804190952,0.3891254880021029,0.3376408236125981,0.36296722701995493
A27,25478,True,0.3655588877553827,0.4492345817969449,0.3927749039036368,0.3983377024714214,0.37125688927470124,0.26731681003326113,0.3263536153433809
A27,6127,True,0.2613175523327791,0.4945616760695051,0.5207057312804033,0.4581302454865843,0.34630105678542056,0.41511454919473045,0.36481525031741946
A27,7,True,0.3560860774034737,0.4307551111676164,0.24944627649437917,0.3817320098901181,0.2967917928704132,0.43723423636855474,0.3804424954060476
A27,85,True,0.40188799173239426,0.45171542562164035,0.4054964799060707,0.5181788137262633,0.472550398208661,0.38203162628431286,0.1002321193671157
B01,25478,True,-0.08801038187839694,-0.10497442471257394,-0.12837807152894085,-0.1641718848447446,-0.15709049064244673,-0.16793661716690472,-0.17706867792658998
B01,6127,True,-0.14221758627705122,-0.13370497250911487,-0.12563695754565146,-0.12201321231283459,-0.10434607905769486,-0.11913760163448306,-0.12154154660859191
B01,7,True,-0.1365217146169923,-0.09566271480708416,-0.14156169886167136,-0.10320477369561636,-0.13784661988513672,-0.15170448294164796,-0.19193837030066754
B01,85,True,-0.13921037405386982,0.048183344635661485,-0.004765442501774242,-0.024366944110372577,-0.1208526457737176,-0.14043305894035718,-0.08599869969733417
B02,25478,True,-0.14027216792929945,-0.14599358882998786,-0.11834825694230142,-0.11456803740258711,-0.10090026910800498,-0.21456198657385211,-0.15510891929885612
B02,6127,True,-0.1657957585751653,-0.1258012049376457,-0.12595571875804362,-0.11740785745208164,-0.23087116386060036,-0.14491590040536256,-0.1283092415315623
B02,7,False,-0.1621385097436004,-0.11360084660199037,-0.14208310143097505,-0.016358707386898257,-0.11132006387461696,-0.21345168433772235,-0.19424970050121432
B02,85,True,0.03291397557777582,-0.05934084897086566,0.013887706713300757,-0.09757411921539538,0.027025890495099947,0.02573111697982476,-0.13204738287303514
B04,25478,True,-0.18537646178041312,-0.2006437188573295,-0.17312986473233846,-0.17739304176242127,-0.18492232656934304,-0.22218248350225606,-0.1959236223697054
B04,6127,False,-0.24747759615508377,-0.16069197784127065,-0.1431806882042838,-0.1513680255846899,-0.2773107993949844,-0.2216830149886837,-0.23873409825106218
B04,7,True,-0.188181398071124,-0.1934619971199393,-0.1804856711872227,-0.2113117410533064,-0.24533313143033897,-0.17863858595787524,-0.22596356994005767
B04,85,True,-0.23930886730331957,-0.1754958357666787,-0.19477881872848857,-0.16295647860125329,-0.17949425160521512,-0.20970233735103883,-0.2170484280199514
B06,25478,False,-0.17453249374495616,-0.18610042921363465,-0.15246378379349768,-0.1723727588277859,-0.20417539700271609,-0.23771991376336032,-0.24552381279442625
B06,6127,True,-0.13992994511626228,-0.14040591506385852,-0.16334535643689957,-0.13987693441509633,-0.189978163694221,-0.2723830562604857,-0.22497743551121321
B06,7,True,-0.16432220604090256,-0.15415455450167453,-0.14637228203386504,-0.09357768009991253,-0.12343189172876828,-0.25351798108593426,-0.1980709020156572
B06,85,True,-0.19307019389588215,-0.1909808846737202,-0.14859203049850767,-0.2143591239010928,-0.18768082969827102,-0.24660823672029183,-0.24766970678902536
B08,25478,False,-0.14652572863144947,-0.19360725398613454,-0.19946088594589906,-0.16425303547899717,-0.2562456856644105,-0.2715061553040927,-0.21815004177013952
B08,6127,False,-0.1827776046012613,-0.16927192283392928,-0.22117533704634745,-0.09048187429202913,-0.2205310827810518,-0.21120067482924237,-0.22202336034617215
B08,7,True,-0.23158497470970765,-0.21482308097691666,-0.2175074457960014,-0.1995833065177946,-0.2748360276150593,-0.24185618087295488,-0.24812212998970531
B08,85,False,-0.22729587174318333,-0.14773404809111185,-0.19582711999154762,-0.2285387393980386,-0.24853569256002667,-0.21495550577319977,-0.23474269573071657
B09,25478,True,-0.2851513123561194,-0.20587957213775854,-0.20508094846389813,-0.2037732482022579,-0.24166727154186818,-0.17948012331364543,-0.1875348377978811
B09,6127,True,-0.1416549633076108,-0.15938803866285364,-0.18298327343754828,-0.19693899357656275,-0.2399848724413713,-0.2761676881659261,-0.18210545091216346
B09,7,False,-0.12415691708624028,-0.10534358861805544,0.1178181160817392,-0.03749863295589278,-0.09039552142652116,0.01986127918537979,-0.05923066008481792
B09,85,False,-0.18611484032718262,-0.09291494819146372,-0.11361745421093708,-0.22728272801025112,-0.0870469296724865,-0.20923922508294884,-0.22163981508554847
B12,25478,True,-0.19012365367985465,-0.16769788053376156,-0.18913677194055062,-0.1648591776357625,-0.21908807118242796,-0.2453958923832772,-0.2617545701436506
B12,6127,True,-0.19008975587818122,-0.17441448832507334,-0.20881637499636524,-0.16786062616256292,-0.1494721179189617,-0.19088483027661507,-0.22573403693160748
B12,7,True,-0.25150442575936865,-0.22851198489366567,-0.2379810211867234,-0.21510964151076561,-0.27762462178637043,-0.2560157043316248,-0.28105373345772705
B12,85,False,-0.22446966486227787,-0.17972471720302605,-0.050899296112754205,-0.12527386505804655,-0.19106022031770012,-0.13438274036304027,-0.23795583207973608
B14,25478,True,-0.18224798683391025,-0.217400413619555,-0.1790788389732512,-0.19199611756104845,-0.22926777056773695,-0.2296091544790637,-0.20071514289154016
B14,6127,True,-0.18600944377919454,-0.22133792290027415,-0.15970763096657106,-0.17460020316151859,-0.19118283669843833,-0.2037005302609737,-0.17755737623771395
B14,7,True,-0.2337553419884335,-0.21573579189903705,-0.20324815374807043,-0.2195590418961317,-0.2714765500599092,-0.20140750825561296,-0.21024825192049273
B14,85,True,-0.20027200800478623,-0.21553388285967287,-0.20248181793320452,-0.22519621223012032,-0.2116522600296496,-0.2258619371455541,-0.22446271873419188
B15,25478,True,0.14586102366691273,-0.04857404509569771,0.05141067049198376,0.0734288234754471,0.1220643843864455,-0.05673667198570131,0.10526620555965735
B15,6127,True,-0.14310503312077694,-0.030931538915265275,0.2028648228960373,0.08480425753908066,-0.10513378676285962,-0.017403921735026535,-0.11251216717477237
B15,7,True,0.25515779919857623,0.26866529520260385,0.141229250112968,0.19903113128042613,0.1325621174380588,0.2147980825683859,-0.07661358248448925
B15,85,True,-0.03173671409181292,0.22648519422741575,0.22915269159888105,0.010400806256190429,-0.12136835781685211,-0.06649720590574787,-0.042282385678055576
B19,25478,True,0.1646673667279017,0.23613270866190134,0.27840684225035894,0.24818110772072283,0.23920894690648103,0.13178778775722783,0.1713139432357306
B19,6127,True,0.2564607449159642,0.2811629527443774,0.3378884396983094,0.2312373173553241,0.23662068944773404,0.26384156990274055,0.2733462905483977
B19,7,True,0.2444347296144024,0.2027794572171346,0.3225169618818665,0.20150304517003026,0.2031176022331731,0.24662525511261396,0.17606072579799575
B19,85,True,0.30296847149538575,0.30599013502870964,0.3511758763916938,0.20516501202533513,0.3261440429539959,0.21531760119769233,0.2755685529571329
B20,25478,True,-0.12515214154655754,-0.1839199361595876,-0.1427450164182228,-0.14499361202861044,-0.16269721303716558,-0.24929552370656244,-0.2602176128363026
B20,6127,True,-0.0775610711904127,-0.1392016782472073,-0.14284498030595028,-0.16949913593030394,-0.12439552947469487,-0.1804996783615918,-0.08433562190122307
B20,7,True,-0.1712601178615467,-0.0838856098138855,-0.1304747425258414,-0.14688613324869626,-0.1541834605194498,-0.23549964783881833,-0.19257979639630776
B20,85,True,-0.2029040339787902,-0.1317505665103501,-0.18265252568115897,-0.11614957815826435,-0.14393383766939005,-0.1955303797325405,-0.006015770221747628
B23,25478,True,-0.195334936938681,-0.20455771918936316,-0.19450359798193967,-0.15831807346201895,-0.16838372993844264,-0.2012539850260781,-0.2028665872330875
B23,6127,True,-0.12024600325705154,-0.07306652414675063,-0.1312570371644111,-0.09813235746093164,-0.10609767993646044,-0.16630090030898187,-0.16174181650215497
B23,7,True,-0.1550747010163342,-0.16459316648924976,-0.20077121582123575,-0.1408040954490784,-0.13010624487232433,-0.11174212672165293,-0.2214761324730912
B23,85,True,-0.08475465677923506,-0.1994851968332536,-0.16720235306993075,-0.18384711429004483,-0.23805290682272098,-0.09619676739317279,-0.24083877131317205
B25,25478,True,-0.22520662400470784,-0.19604132810503508,-0.15963719063262177,-0.15707492677746035,-0.1793986289651533,-0.10459901122916364,-0.21976195648743618
B25,6127,True,-0.19218023608301607,-0.20370972377274038,-0.1978614325678288,-0.17279859944313644,-0.2790041561917562,-0.19645741199602876,-0.2097877980614813
B25,7,False,-0.25362615166660646,-0.15647354858605939,-0.31392082913668184,-0.3041319600108251,-0.23492963844826364,-0.2764757087203139,-0.24285842200709934
B25,85,False,-0.062083205460023716,-0.1766726399477239,-0.15887653917556666,-0.2105393971689264,-0.12961412660181798,-0.16387136896311244,-0.28472145330973125
B26,25478,True,-0.13043335741163098,-0.1492450864011018,-0.13098402101290885,-0.1642925289302313,-0.1439861051744599,-0.13866335847649536,-0.1716128476690203
B26,6127,True,-0.15745002701401095,-0.15751927017947434,-0.1173290491162861,-0.12391860112230692,-0.12760675207186692,-0.13381774071893987,-0.15387149666498717
B26,7,True,-0.18639952284119066,-0.1825197445998652,-0.14787776790303048,-0.18025848156520524,-0.14349705019943615,-0.15610012521331929,-0.16532748323373836
B26,85,True,-0.14562626932406342,-0.1294009495714593,-0.138649934176792,-0.1308329301924345,-0.12776006024581762,-0.19223462700361696,-0.13509701646413652
B27,25478,True,-0.0760583016555379,-0.08731943091786162,-0.07584660965803888,-0.0679787367499452,-0.10472180561333097,-0.07642168990034133,-0.09846454502255436
B27,6127,True,-0.029794596404936424,-0.0439456496348341,-0.045733378984521234,-0.003610856284275007,-0.015100035386504635,-0.01962675646930353,-0.08951379857877159
B27,7,True,-0.1614159467476992,-0.10537345021173793,-0.07839569323936911,-0.05534247179728499,-0.0733100185008206,-0.08094886029824339,-0.12294280841687871
B27,85,True,-0.026226226260895966,-0.11952549675526597,-0.1305005938545195,-0.03958623547605983,-0.1392823837355377,-0.05794206139470877,-0.07730617091537144
B29,25478,True,-0.05275595764872142,0.2434011431167838,0.1536233530019252,0.16231877726920946,0.12712217781079566,0.06525022616396764,-0.1593110406472583
B29,6127,False,0.09771881667889237,0.1822808383264778,0.2951760049693417,0.2153200506483553,-0.024913018461374035,0.15061784435910497,-0.05982566538581258
B29,7,True,0.1769340810758704,0.13075661579631181,0.24665540779987322,0.16560731274241877,0.18993063214183514,0.15882446949712736,0.0130895547497068
B29,85,False,0.03517761952623938,0.011183400499189752,0.056718279673278145,0.02000026481696981,-0.12581518934388872,-0.051062587745798665,-0.005559795725515506
C01,25478,True,-0.024308756979439995,0.1316456224143922,0.21335119062566799,0.07636519141675177,0.10749319782922603,0.030708991934618034,0.0427621017589287
C01,6127,True,-0.18642651128010584,-0.05206256565485146,-0.021711810171222843,0.019772082050888897,-0.034135631038635414,-0.04193678991019904,-0.06888920767189796
C01,7,False,-0.013359456414185154,0.07610718307818058,0.12470987443128645,0.02779658835763091,0.04060116823367485,0.024167717480821305,0.08150527177492242
C01,85,True,0.09925495870252278,0.09087214916128683,0.13320217723128,0.11370109076123774,-0.014781166312842436,0.08113573983163636,0.10456615861342522
C02,25478,True,0.2058355140167182,0.2655866099275981,0.26801694916128616,0.23465525382843788,0.15126848967487944,0.24210015611989671,0.17602929730003575
C02,6127,True,-0.11414738107354115,0.23859426451331295,0.19752428883486575,0.04766368566496157,0.07392753772724342,0.011075578591275498,0.012039965358472475
C02,7,False,0.055578650714605965,0.252222256745247,0.25752298698492015,0.21069920494502395,0.19656676171518778,0.15797186154780332,0.04235106527039081
C02,85,True,0.11356997588854174,0.35677734361803437,0.3241506420792418,0.2790972912622824,0.10377330536780205,0.26132491980861483,0.2054515423687625
C04,25478,True,0.3380771190423804,0.5102988843427927,0.42535621252394135,0.4693730581908326,0.43481018325022036,0.4293632914437102,0.4617606926723925
C04,6127,True,0.45328336202160086,0.5173867419953874,0.3703478775284782,0.43677629720222994,0.4545187262410846,0.43031482344326033,0.4512224799592385
C04,7,True,0.3893250661725324,0.4771003194509911,0.46907295132142246,0.456381738583666,0.47060509088151503,0.5005402453124831,0.44313791393786506
C04,85,True,0.38991126940355814,0.4568747336724069,0.42261652248110837,0.46548394371513563,0.45942626255920493,0.43426990039512875,0.43796883551828264
C05,25478,True,0.18366917617035478,0.24283293704263734,0.26082314875962426,0.2769460271155568,0.11404370806924005,0.18178173007031875,0.24785941191711347
C05,6127,True,0.21942123276433154,0.3338339773035169,0.3583783763337309,0.31726349413120214,0.21091565566658266,0.2892245383592681,0.3231044745301642
C05,7,True,0.17203172398280453,0.2225618221029803,0.33787572716154013,0.34419270850638867,0.15994613540289965,0.22905643090773525,0.14887064198903227
C05,85,True,0.2124345750947004,0.21952909870741327,0.21726350854637325,0.15786849194385572,0.09040987751199353,0.24403802278046244,0.17736282906882156
C06,25478,True,-0.26692151396329666,-0.2695689137793709,-0.20457241887181307,-0.262650781653125,-0.25861171166655417,-0.253177144442518,-0.2175091399178608
C06,6127,False,-0.20170361762071132,-0.2247728096532611,-0.2322744973924841,-0.17535840388787605,-0.20717259585022485,-0.2610066935003502,-0.23744487681439258
C06,7,False,-0.2012799306319889,-0.18673671764344935,-0.23225406513575542,-0.20763742710358749,-0.15071199831400106,-0.23337040463074227,-0.2184944145723559
C06,85,True,-0.24853385669633837,-0.1867423627391646,-0.21925169771778602,-0.27090283589534925,-0.2468358187816071,-0.22224364610227013,-0.270169667885925
C07,25478,True,-0.11316154342142168,-0.11660098041696224,-0.0965671088756589,-0.1140043175874706,-0.1343036474850799,-0.17675099499536834,-0.18385947520488294
C07,6127,True,-0.12869628747438658,-0.15699374390029458,-0.1674343427502603,-0.1848497281809686,-0.11552110773096871,-0.17846881519963287,-0.15434551845988786
C07,7,False,-0.15639990619456523,-0.17530580912851512,-0.18935902883556116,-0.23675715178606646,-0.2251860671369016,-0.27428240386153757,-0.2824036591302852
C07,85,True,-0.13868140886326322,-0.16854565647544695,-0.13494102840413527,-0.19133392522305354,-0.19212195697574524,-0.2280643443003232,-0.20705190771967108
C08,25478,True,-0.1205896917729592,-0.05301293532812921,0.19434824511777168,0.026044571661644263,0.003715975729676019,0.04849073260302515,-0.20646400332871412
C08,6127,True,-0.18133606096502958,-0.1483564683800238,-0.21979342511833716,-0.1293116003933967,-0.07210708411314633,-0.0557351377441541,-0.13067841015703419
C08,7,True,-0.04346981076529981,0.008636751318883395,0.08271690542849164,0.02350897147811684,0.14773603900946194,-0.11206016210011249,-0.0029518404920320374
C08,85,True,0.1846403865654191,0.1880339078887267,0.1778086745801857,0.1975932391797615,0.07930887075291332,-0.03021350559607178,0.11515806836982721
C09,25478,True,-0.18255050075492596,-0.15023482479378467,-0.1486307210414402,-0.16085329202649004,-0.09717712713517612,-0.24301947169334162,-0.17074869418877114
C09,6127,True,-0.11717657417603926,-0.1347189991543494,-0.1374128023329468,-0.12392238800075935,-0.12634441460915075,-0.1368310184869645,-0.12098667873672023
C09,7,True,-0.13549463609344725,-0.1154232883891996,-0.10793250498074689,-0.12346376295698884,-0.10926420477929513,-0.13027665906519836,-0.117224860855731
C09,85,False,-0.13094126309057336,-0.13434378199156405,-0.05821687994381533,-0.09401537335823129,-0.08870909936577383,-0.12080870670850029,-0.1254710544787233
C10,25478,False,-0.25365914604250345,-0.24906823722722216,-0.24332309043121278,-0.2311287481252148,-0.29171425869470613,-0.2870184373612088,-0.29761705299290825
C10,6127,True,-0.2551406841593329,-0.28381073695969855,-0.2247459846266297,-0.24378637411411275,-0.27506976195494137,-0.2465800994466454,-0.22381901533621995
C10,7,True,-0.23999782578041196,-0.289334006654159,-0.2409736708423874,-0.21219744400933938,-0.29431687997609507,-0.2563333062306163,-0.2548784550882249
C10,85,False,-0.2600694462498435,-0.22191286675861377,-0.23420925898196643,-0.2168085556516348,-0.2976398494061602,-0.21573944767780384,-0.2714940728376345
C11,25478,True,-0.14932666351092017,-0.0872403793514395,-0.1386104567625877,-0.12420595918814978,-0.12640934352425498,-0.17631240688986477,-0.18414975101452946
C11,6127,True,-0.14362204676844104,-0.1415338026827466,-0.1243412043210014,-0.13821272581461855,-0.1547608007020876,-0.13944732169254007,-0.18281458719406973
C11,7,True,-0.13735537796951142,-0.15321705183414866,-0.16352051128079503,-0.15302616895086266,-0.1647903447642889,-0.14600232153925094,-0.1619491359521298
C11,85,True,-0.13686194171216987,-0.130053238767543,-0.16090455772003975,-0.1343062076168916,-0.15963148398178517,-0.1025607508489913,-0.20767163506887046
C12,25478,True,-0.09579682428362667,0.0980824745438511,0.2384873164571428,0.07389677869565897,-0.0522101575075745,-0.10056171041885406,-0.011414160282108163
C12,6127,True,0.13504336364924868,0.4347739529686512,0.37039275538524624,0.39596580495435074,0.09685001001686483,0.20845866110849684,0.1560786031737748
C12,7,True,0.3454932256313068,0.4030629098604481,0.4212941421759213,0.3806681132226192,0.28062536194082355,0.36736704091946104,0.2927888404338974
C12,85,True,-0.021860312377940713,0.3118005164981347,0.2145881141304418,0.28258164038790623,0.08725167480092888,0.26266714885874065,0.1604022987755801
C13,25478,False,-0.035382731595940464,-0.033997790220906564,-0.005422170615896452,0.020060131784692826,-0.04527438941197579,-0.03133416767741734,-0.014311492565866151
C13,6127,True,-0.03088279812351255,-0.08214316344944989,-0.09581375444359946,-0.06277726373603881,-0.11491612686764018,-0.08311017414385671,-0.13900536792316404
C13,7,True,-0.14491470608169826,-0.08818056664165172,-0.10304459052591951,-0.12328132237624845,-0.04388606401371288,-0.016826217057272806,-0.08604661828341045
C13,85,False,0.014952085058941258,0.052364963606510495,0.06458938434884903,-0.04445333701839918,0.011207831871429345,0.023586745638153633,0.020667562764330082
C14,25478,True,0.024085416705233568,-0.049309654899380606,0.09807454724720685,0.050520676336496956,0.030228817590987063,-0.07163569846166172,-0.1195158249067348
C14,6127,True,-0.04327807899580737,0.03035605971250916,0.044753780827150445,0.05769889831121246,0.047066440053520196,-0.14693167496901352,0.016620582961419467
C14,7,True,-0.06204453908439183,-0.014643568211052137,0.017464487377300147,-0.02053478480471496,-0.21865730361165184,-0.17583173294491683,-0.09484695738992405
C14,85,True,-0.05500034851687196,0.019204885818928954,-0.04710098299981081,-0.03523849538314114,-0.06060759630764388,-0.12560045666914077,-0.12312293859318049
C15,25478,True,-0.08114058254532924,-0.07600832405616259,-0.11106430518411811,-0.15071996538167307,-0.1473401720036675,-0.10730127854945609,-0.15145709862366297
C15,6127,True,-0.056006787597417486,-0.14652902205929963,-0.132003235494318,-0.11858281957552072,-0.10033484705615954,-0.11614412595464586,-0.10098508728498082
C15,7,True,-0.0774898510694971,-0.12202937592142978,-0.09472569365284828,-0.17752543940487103,-0.14982838543396582,-0.1003579259921773,-0.14389997042793562
C15,85,True,-0.05104574469116435,-0.09405707271883607,-0.07983300553563796,-0.07733726137007053,-0.09043521992653877,-0.08625137802390914,-0.09489341430742997
C16,25478,True,-0.1800727196368233,-0.17559076971945697,-0.16502058728232505,-0.13844501164513792,-0.17974546141809794,-0.16834539996247044,-0.1749239556696478
C16,6127,True,-0.1746920046328651,-0.16428763425246912,-0.18578528723681093,-0.16104547790233892,-0.20247715367756555,-0.16907187769163384,-0.19879042785415663
C16,7,True,-0.16917062353451973,-0.14887113708892652,-0.17526596940974168,-0.16011758018809027,-0.16824872054283552,-0.15726906157796527,-0.18413499729936325
C16,85,True,-0.15609634198425124,-0.17703725858268002,-0.1736382590200723,-0.1625732825906412,-0.18611656909886823,-0.18157416891926706,-0.14540400846361418
C17,25478,True,0.3958697113747887,0.5194319965075096,0.4742580236491526,0.5144400652306405,0.4649552718922796,0.447025514682393,0.5035466916289038
C17,6127,True,0.4663195522909008,0.5054455318494205,0.4304396263535518,0.4914263560118756,0.4705615580049277,0.5148201451529771,0.5627539808360043
C17,7,True,0.46146557922772086,0.4590316411809727,0.5245957212333612,0.5396813427880608,0.4501357569713168,0.4628674514022553,0.4489419240879695
C17,85,True,0.4513525204255566,0.4494634695270275,0.4589224160055392,0.5085998141367933,0.4442107536404521,0.45037116652567877,0.4314985468162309
C18,25478,True,-0.0927688694208359,-0.1355807565485726,-0.1552497025294515,-0.14193563209286683,-0.1573632760787731,-0.13378470540243725,-0.13789872011890197
C18,6127,True,-0.16533914709333977,-0.08202615790126244,-0.12477355835926546,-0.09105570131870139,-0.12483043059023294,-0.08459867650051814,-0.1580119240278733
C18,7,True,0.05611591797508812,-0.014433109670886308,-0.0233067911726764,-0.10496657994180406,-0.09130173242361497,-0.11451650982604542,-0.11118721495349326
C18,85,True,-0.02649937299869313,-0.03131062863105198,-0.08668231041388066,-0.003531322322881742,-0.07171216133194093,-0.07297547889516348,-0.10918257271275178
C19,25478,True,0.05145946058295036,0.02451332190688247,0.055000139275239904,0.06082759051357348,0.06597050867517912,0.045976541846541236,0.05608372984912323
C19,6127,True,0.09352876025236015,0.07925370082080935,0.08838598778566657,0.08388116437150106,0.03364004745521265,0.08792382319765785,0.029536860385786328
C19,7,True,0.045751166955331574,0.07969095791386843,0.037721993208914215,0.06681607227352991,0.06888528356594288,0.05708389105937725,0.04665918691687255
C19,85,True,0.08449156544218632,0.06149374562674456,0.04974315757410735,0.058162647991113606,0.08454420510678723,0.06625954230347797,0.04286120135953192
C20,25478,True,0.2758007038414648,0.2990883211141806,0.13504218337075452,0.24732907831818682,0.1891513213821536,0.1345642522585352,0.252985195254987
C20,6127,True,0.07833285564840023,0.25132790319172216,0.1378844656534573,0.21495651024603807,0.3051831642927604,0.29568283656267624,0.316016332788409
C20,7,True,0.252796674129316,0.2929270760741427,0.20318349474185482,0.3099364954019564,0.34389847930998413,0.15954081760660058,0.2905915307510867
C20,85,True,0.3064593968183046,0.33314340868969916,0.2499647695050516,0.37495754281183225,0.21169257239685102,0.22624717309567344,0.18120690983062057
