triplet,A,B,C,image_A,image_B,image_C
A01_25478,BASE,CONTROL,AESTHETIC,a9eca94e54cf4fc9baf94bdf44f08f21,ee9221b64a9446798d4571d669f95712,21e0dde6d60a418896c89262899a692f
A01_6127,CONTROL,BASE,AESTHETIC,dcdf53d78c6c4f0e8a57b6d9b81fa0de,6346c1a796d544199212d74b70260173,538561646e15429ea7b4ea335aa543a4
A01_7,CONTROL,AESTHETIC,BASE,3e5d517b82614294b125ac4a5c5d0321,ac5d7d0296c04bcbbbc63387a28cce26,245230b7d24f4a0182a735c2a56e79a7
A01_85,BASE,AESTHETIC,CONTROL,ee73b18e09f842598c84fef9c306d239,cb9b0cdbfb0e47aba142658a2b736310,083d20b35e7548e49878a1ab201ffb43
A02_25478,CONTROL,BASE,AESTHETIC,70e36174863f43bc8cd4c4f39093778e,b2aa1134eada45618118fb00b9da49dc,744e1a0b2c6f41f793a6cbae930af63a
A02_6127,BASE,CONTROL,AESTHETIC,ee178f8e57b1437d8ae8e2f057f8391d,da74b2132fe049929701917ec7419a56,872c27a28a2d4de3a679a9fb7f58f3be
A02_7,CONTROL,BASE,AESTHETIC,0425ad375ac34d99a08e01bf74176dbc,a6d1374623154e719a4065499f467372,d6e5686db4224d37ab2ef52131f53b66
A02_85,AESTHETIC,BASE,CONTROL,4ad3c8eec0744810a89613cca62117db,e0e487ad98b441618e5c93691254dd1d,f32c9842c8f6439db29cbe41e867ee12
A04_25478,BASE,AESTHETIC,CONTROL,9fd6f06c210845f3be2fd005c37369a2,86d2f66c2f0b4493b958bb56728d5941,a32e428c32a540db9e2a48c0cede160f
A04_6127,CONTROL,BASE,AESTHETIC,47ae8f01966f4bcb918df36f7cbc748b,0e1b78d7ae454b2c921d229d4b4f6940,6f62409ef3e349e4a60ff4e4c25d41cd
A04_7,CONTROL,AESTHETIC,BASE,8e45a582ddb94d3ebf11f3ba26776ded,f771d036fd784eb3ad53342688106685,db949b7ae5364bf0bc1e1232a9a4800b
A04_85,AESTHETIC,BASE,CONTROL,e77726c5be5a42d19594135f95ef48f0,bc8349cae97a47f48a2bb14acb7c447d,eb64c65613fb4daf9df1350bc85a1393
A07_25478,AESTHETIC,CONTROL,BASE,371adc348a7144b5bccb31a46c4a72c5,d90125c7be9e43a491ba6d33ee7d7296,6bda6703944a47e0ac7afe658010071d
A07_6127,BASE,CONTROL,AESTHETIC,a1b98d0e6185481797ce8a279ed34f7c,e775e14b032548c2ae9c6b9f43f01a28,6d31c11ca1e548c580392d51400a0a54
A07_7,AESTHETIC,BASE,CONTROL,8204df73fd2e401984d19586aff5e4bd,6cc1593365e640ec934d47ff7ba2ea76,1ad0cb4fef144b648132a177c4cdb42c
A07_85,CONTROL,BASE,AESTHETIC,64c578d3bf124bfa91fd73ecf1e105e1,9e5442ffbc54494d92877e589e55f548,8d60d948e3b14995982570a80900b23d
A08_25478,CONTROL,AESTHETIC,BASE,2a579a020b4e4bcf9c162a0473d9bc72,3ff0f15f35364a94b1b6aa27ac1b0420,dcbed812e8e34ad8a75cdf410b0eecb1
A08_6127,CONTROL,AESTHETIC,BASE,e368c0d6d0dd4342be7fd696c8cf0b61,bd14731979294e63b2cae6aca9c681d9,8022adddafa94b7cb594c84523c77cf3
A08_7,AESTHETIC,CONTROL,BASE,46f1d02ff4124e1f90c69f6de021da44,bfeb9aabaa4a4ac18696217edb9049cb,e89c2fce28a2438aa99064b3ffc7aafc
A08_85,BASE,AESTHETIC,CONTROL,c8fd4f370a9e4510bace65386fdd19e6,1c728adecd284724aac7d3f4b0834149,b7c6c382b05e45e69f9243e4f392205a
A09_25478,CONTROL,AESTHETIC,BASE,210a691d784f43198d9ed8b5125d56fd,553faaea213e4607a15867f4d18622b8,7c86ba6aec3740129601d53c22907d8e
A09_6127,BASE,CONTROL,AESTHETIC,6e4e0ed07c5346199cf805946a2b68e2,b7980dc15bbd45959c3e40cc774b9664,fe5ec31ef9be45a096bec2ed06472678
A09_7,CONTROL,BASE,AESTHETIC,a912fd3c75e34ef0b8f40617b5a43df7,7142f61fe00f448294f30aaa94576109,25ed7acdf9274213bfa912a8267a87f5
A09_85,CONTROL,AESTHETIC,BASE,1311c946cd7f4b838957ba7f6b81a87d,81c3cd405be740e49123ac204d6c9ac8,cde336257fc54050926f1766c92413a1
A11_25478,AESTHETIC,CONTROL,BASE,5b2a254b284347cbacecac99740377e0,cbdf1dd0267a426fa6f6afb7d4b98833,884139b76de241afbbfbbb92cdaca301
A11_6127,BASE,CONTROL,AESTHETIC,10143f85d0234350b269117029d08067,c906df580d014049b15e3c7e8ef40d82,0ca63a38f7d34be7941275fba35b6456
A11_7,AESTHETIC,BASE,CONTROL,f99a30e5aa5b4df7861bfd978376d5b2,f637c877c2ed46cb83fbf97356e7b11c,37469d66663b4555a2ed34d485eb5534
A11_85,CONTROL,BASE,AESTHETIC,4033c1b3504a4f71b2e1902203cb33c7,8953a13fdf4646c6905a08e91479be0c,817e538c65dc417381ea28fc693cb45f
A13_25478,BASE,AESTHETIC,CONTROL,996ba39d080948a3818bb40a9d47f48c,1a068d6998a14226b34a524ea0e3ef05,660fbfc8f66e4135b1fe1a9fc7b0fc5a
A13_6127,CONTROL,AESTHETIC,BASE,c471c5e92f78402b9728a032ebb1ca39,f18b47f65165413fa84a12a93ce50147,ba1907b8833b4c35a237585a0216e138
A13_7,CONTROL,AESTHETIC,BASE,0d75a4abf7274edb9d8d6407d348edcf,ca135b98979d42379933cc012d36fbe2,cc39ef6bc8e94d5e9c78944208f406b2
A13_85,BASE,CONTROL,AESTHETIC,cba3a3e071bb462493afaadb69ea55ac,b6ccdb8d0ac34fc7baa2636bfa0285a0,223d7792410b4caea673ee3c3875f1d2
A15_25478,AESTHETIC,BASE,CONTROL,e8a53fd18e2143f48a382a61c99222d5,10f34b0ea26c4d2986b2f5fb056c8a29,02f0fdc7d4814eda810bb33f46d7b8e1
A15_6127,CONTROL,AESTHETIC,BASE,f281959571154f4a973ad5c5366e36a1,457f48d53bd348a780636a0456af48d1,6bdbc8026a9e40699dc8263d83f19f8c
A15_7,CONTROL,BASE,AESTHETIC,6f091b88964c4fe6946bc65eecd5ec3a,9f5ae47e765f4092958874803e0b689e,9b6957db27514e5f8f6c079c24d9c61e
A15_85,AESTHETIC,BASE,CONTROL,99e1f41e8c2440c19bbf86f7e99fe96b,ad38876c13dc41508954a649027ce691,3f68b8d81d384c29a7f45551a590667a
A22_25478,CONTROL,BASE,AESTHETIC,04c5edbc29b04214a42dd8bc6d8937e3,ceb1fa855be5435b99dcf90970c1d4c7,84b41a4c0a814697962ffda3960017f7
A22_6127,BASE,CONTROL,AESTHETIC,e9a809352799486387357fd9c40337d8,0d65ab697f34441eb9230e59d9d60a17,3a6b9f5a46dc4d5b96f365069339d5ba
A22_7,CONTROL,AESTHETIC,BASE,4e19408dcba04c7ebb3db75e960c3b90,cc15984de99f443e8523d16a2bf08f9d,c5eecb69ca474ed9baae8e184e4ceeba
A22_85,AESTHETIC,BASE,CONTROL,e9b532f14e9644e1b495481eb467a4aa,cc11adc2ac404dcb9501ffe554b0af13,707ae748128a4f0ca26f35c337880322
A25_25478,CONTROL,AESTHETIC,BASE,0f0d885fcf244111917194a80ff68e7d,2b9e4a82246141e1a9a27774b8cd006d,48de3c6d730541fba4b4d1c5e7d48fe0
A25_6127,AESTHETIC,CONTROL,BASE,f005a4e638f44130a5890d45c6d797a4,054039d255ab4905a9cee0806c44bb49,ebaddc0d29074c0783a82da51c72bca5
A25_7,CONTROL,AESTHETIC,BASE,7347886b2ebe4d3cab28286094495bcf,a7c95567e6354e3894fa24b757c8640c,0d6056d0fee7464bad7879e6498a8da9
A25_85,BASE,AESTHETIC,CONTROL,1d6c39383cd94032a22e57bd04e72bd1,529d79d176dd48fe9e291e4cc49d91d8,44f25d5e8c3e49df9d798c37fe1d5830
A26_25478,BASE,CONTROL,AESTHETIC,4b2898b8a17a428b9442564c159e4104,b1ac94a06f3d4d6fbb818e72475e8047,a723a0235ccc44b3bb97d952049a2fd3
A26_6127,AESTHETIC,BASE,CONTROL,68effa2c20fe40d88fac8e20dd089df3,301a526c2b69423985f8299d0ac511d5,c9e4d26ebff24445876b2cb2e7f33d44
A26_7,CONTROL,AESTHETIC,BASE,416330ffb79d4569b3fd871038017e18,e711a091669c4dd18f7c0a8c20b1e9f3,c64f0574e7504272bdedbc8d0af6967e
A26_85,AESTHETIC,CONTROL,BASE,1b528a1e65414564bd31be54f684cc6b,5145e1d4805e4a749ee485c5686ccc00,aa5281df384141b2b060af3d80cfad8b
A27_25478,AESTHETIC,BASE,CONTROL,ec3c8dcbdaa24663acea22cbb2ac7cb9,7c5c94c801db4582a53875f82dd06372,16250bf57ef3496c9240cb0524cd60e5
A27_6127,AESTHETIC,BASE,CONTROL,ec72e430cb8241ed86e8808416d4eca4,55c16c013e3546239a79c398a6ca32da,fc49391a0f4742db9fd86932ea65e7ba
A27_7,CONTROL,AESTHETIC,BASE,8e712cbec1d54064ad3992eda77693b7,509255f81448427883ec941da938b625,122c156e67124d4a873d5346ca183032
A27_85,AESTHETIC,BASE,CONTROL,13d5156608ba4972b46b3108c6e0cbbd,21acac95932a4105a076d20357442bcd,6a3e00c758834cb9adf3f688712f21af
B01_25478,BASE,AESTHETIC,CONTROL,5115d10eb1304743ad0e9c55678f350f,03c744803aaf4bf5bc5f3d8957f3fac1,005ee47036ae485dac83a531861ed53d
B01_6127,AESTHETIC,BASE,CONTROL,5142f3ee4e61447c9c7afb4f415023a1,4a5fbbe2444c4bab8bf72d030f607321,42ccf762f7764268bbeb41592d3dec65
B01_7,BASE,AESTHETIC,CONTROL,0da5b71ee61e4af1bc53d15d2d3fde86,dbf5331982214ce9a70e1c9287ff160c,00e8594776da482386141d32808c3b14
B01_85,CONTROL,BASE,AESTHETIC,7744e082f643472499209a5efaac3abe,279088f0bd8d4041adc5bb1f8248eb1d,01f106cf016a4ecbb054b35d439bd6bf
B02_25478,AESTHETIC,CONTROL,BASE,88785d14c25b49e88683a02529356be7,f3abaee860774e52a72b75b6fd181909,cd8e4ce1d8da4f539e8b67501eae99e1
B02_6127,BASE,AESTHETIC,CONTROL,7b8d9e15a10748f59a49bd1f825e2e48,a39a5045d8d54c6da33271b62eb1e72d,c3ce97d8c1bd4209a6c80a8abaa87f8c
B02_7,BASE,AESTHETIC,CONTROL,4c1699a7418044d1b5ea8c8a9e0ad3d1,5700dccad2da4140894a81136807aee8,259f85167d9640d280d86c5e97d9d36c
B02_85,AESTHETIC,CONTROL,BASE,6a1e794ddabb4b86a9a3c078574b77b9,999e746c27674ed290ac9307b0a309ff,26e29499301f4d0aa21fb03452fc42c5
B04_25478,AESTHETIC,CONTROL,BASE,c80689b2a4594845b0d90db6f9f7c791,74bbdc60752e417dbbc353aca7f1819a,79c77a0c625c476aafcbdb65b8eefe1f
B04_6127,AESTHETIC,CONTROL,BASE,b6fda85258cb4dc0b4cedaebcaa64645,2d0ddabeb34949c9b47a756d3b705579,ffbafcfd4c3e46fd98cf1b5ca8aabc22
B04_7,AESTHETIC,BASE,CONTROL,85f03adcaff34e00b8be6f3d178139a6,e2f2d24cbe3643c3ba0bc2803e0f1664,c0e866bf8b064f02a1e294b9189d6a22
B04_85,BASE,AESTHETIC,CONTROL,5ec8a84ca433458587e0a26c51d650fa,5ae563c71c6e42ceb722355d7b1e77c0,83ff7c442ad3464ab4f60ca39d1aa831
B06_25478,BASE,CONTROL,AESTHETIC,4bd5d469adff4b33a11c249c7450b4bd,337ec4efa15a464b86cb40c299c822f4,cf7607c1efb9451880b9f6b42dba9453
B06_6127,CONTROL,AESTHETIC,BASE,6a1faa42d0664a99b084ddb6ff007473,5e186512e56e48d4ba8cc2d8ebe7fc77,ff4a8417408c4b559bcf745039f789e6
B06_7,AESTHETIC,CONTROL,BASE,8441e1ee4b9c4d11a78e33d15f30c336,c32fe670ee834978b932ccab3ad7c28f,e33ccb5e057444b78bbf0f18cbcf3c5f
B06_85,BASE,CONTROL,AESTHETIC,70210bba4c054c4b96721b505791b89e,d0aea021c3ec421d9f75ea3c97ef53b8,93dec85a998c4b53851cf4b11075aab0
B08_25478,CONTROL,AESTHETIC,BASE,015ca617a9b8461e8f15ae757fff68d8,db102d0bee3648fb98e7833adcb1711c,3fcf2045183f470cbe380cf860fbbb7f
B08_6127,AESTHETIC,BASE,CONTROL,d401b76cf54f4748ae28223831f2157c,7015273ad738405aae0c8cff2f29282d,789172209d3b4fef9c7260c0581ea94b
B08_7,BASE,AESTHETIC,CONTROL,6ab6d7fd1d52404c850d677d15ed2a24,1560f78319464058b9c078723ca17a51,d892d8f03f9345b7a4d47dccdf649a57
B08_85,BASE,CONTROL,AESTHETIC,94c0b36b65ec43f299ff95ee99dc0d7c,351134f01bd14290af4fd754507d504c,ffb35f5d68cf4f928b2a7e309dd3c99b
B09_25478,CONTROL,AESTHETIC,BASE,bcd7ce05aef34cabafd230b08a850358,db866635c4eb43df827634fa86d02f68,25069202da5f497ea44014f662c530be
B09_6127,BASE,CONTROL,AESTHETIC,a662eca6d2ed48d4ab9c3164b5c72754,a8813bc5d1ec42dbb7c46f8782a7a1cb,645abde0e9e446e3ab2a71360bf1f507
B09_7,CONTROL,BASE,AESTHETIC,8fefcc0a0e6d43b6bdcaf977b05994ce,13aa92eb4a424e04a3f2343662e67daf,335c509f9aae4a60bae884049049b4db
B09_85,BASE,CONTROL,AESTHETIC,11267fbc84d64b628d8f0b11d76e7f79,21dc0bfc68e44de2a2114ac4f3a3bc66,4f6410495b464d1dbf2645454f43da24
B12_25478,CONTROL,BASE,AESTHETIC,9448163134bc4e0490d06e33224e5e73,9675d814a575426b959d1fecf8963e62,a9ecfa229db44451beec795fff30c3cc
B12_6127,BASE,AESTHETIC,CONTROL,6af2df8a714c4563a58df8c1694ea237,63388b6bd4dd46139bb602ab36d644b7,fcdf943da13e48e5a2928dc23dfc6f15
B12_7,CONTROL,BASE,AESTHETIC,34af82cb89c041f29eb8ad586c8cc569,f8b40799e5a147d6a543f99d0b31bf85,c3ec1d3ae7b14ccf8bd8a589c956aed6
B12_85,BASE,AESTHETIC,CONTROL,0f4e05162a0e46fdac58d88aee502acd,33558f67171e444d8b8f4f0cee601f6e,c4b1d47cc46646f3a627fcea343b5438
B14_25478,AESTHETIC,BASE,CONTROL,f40068459be74252adf4785e3afb878a,1e8be423b6684746a09d05e00a7b3039,1b1e550506cd487e8fa39d4226a61a0f
B14_6127,AESTHETIC,BASE,CONTROL,f318dcf1663c472498e3656bce48d16c,187ee116983643e9a06c7a23b76ff3c8,4bfc3c687ff34b279a58dd7af4becc59
B14_7,CONTROL,BASE,AESTHETIC,c9ea88ab24a246e1affe53d24b62d3da,c0d48f9e1705461c8cdfc7d4c7dbb13c,0e90afe38948425a91731e37905d6d63
B14_85,CONTROL,BASE,AESTHETIC,66c57a7504c04a45944f0fd5a4ea5a98,a1d546f68c1b4a8b99f02e88389f08aa,5f9582cb711e4ff098184e36f528b19b
B15_25478,AESTHETIC,BASE,CONTROL,00e71b2139ac48369e36f3a75e8e329a,f13ad33341864e9c8829c6de1363e353,a7bfa16e0a20423a8aa0b9c05a1df107
B15_6127,AESTHETIC,BASE,CONTROL,ae4907dd49b8442d9f4e8788d6e02e78,b6e8768c69744913ae8e595b92d8f274,57d230efe6ad4bbd976a0a651eb499cd
B15_7,BASE,AESTHETIC,CONTROL,765939f541af47cfac7ff928d4f55b6e,9e30309a077e445c9dc0dae7ce7c43d5,bbc283672ac64f2ca1336f9244330575
B15_85,CONTROL,AESTHETIC,BASE,483974b346b54ab9b90348e946cd1789,2bfa4c524a6e490daedab0a1b95913b2,da3eb62b5bfe40e58f266a76bb059719
B19_25478,AESTHETIC,CONTROL,BASE,2ef7b44d084e40d099459db15da60618,04dac06992104257a9289b848b7e948c,cabf8f090ca24fafb57ab321d581202f
B19_6127,BASE,AESTHETIC,CONTROL,9a573a13c4884f05a95e7c88eca85974,08ceefe89be7410792c6d0ae3dc1eb94,4015ba2fd16740e1a6940f5b06dbb00c
B19_7,BASE,AESTHETIC,CONTROL,f74096f4cc63478aab05450496ed0ee2,ee91efc469bd4181914a5fcb2ff058c2,75cdb253de2049f6b5a9f892b8c12675
B19_85,CONTROL,AESTHETIC,BASE,d076e755a63440b7ba9d0a206b7394df,69b56f208102489c9415fa8f391bd602,a6c2a7e2379747999a98ab1cf14b0a26
B20_25478,BASE,CONTROL,AESTHETIC,b0e1134ba36340e2bd2db3d198b1e356,66b20c8994c3423f85601552732ff3af,9e8c1ef4c7744726ae837642c0e281f7
B20_6127,BASE,CONTROL,AESTHETIC,7a154e3e0f6f41868a9b00d3c9aff1c6,780605b222434e9f8e15348bf7e4c592,6c4f2c08870b401c97570aff9dc75915
B20_7,AESTHETIC,CONTROL,BASE,aeb792e7ced54e6dae4c76e49992fa0f,4454f39c60fb46d294b8eaf2b800beb3,3fa2ae047f9b4239891d16799087e30d
B20_85,BASE,AESTHETIC,CONTROL,95137cfe04504024aa6f9ca8fc67bfdd,76eb4358cd4048f8b50ce480cd637bfc,60a512c220b64b1e8957b473e44c01e1
B23_25478,CONTROL,BASE,AESTHETIC,e2b72880d711427280388f8b31da54c1,e34a6997e5594d5f906ff0431295d391,970cf6db09e044dd9fb3ffdacfe1299a
B23_6127,CONTROL,BASE,AESTHETIC,ee0856e9a6264da49d061736507dd20d,17199c9f36834e86bc32102dca4c7e0c,f406b020d6b54cbb9fd7c35257dddcbb
B23_7,CONTROL,BASE,AESTHETIC,9cb4bced0cb246ffb18a1b3c4348721d,24188d90543740cfabde76bfdb644efd,2a7512540f5042948e67ccd0a0796dcd
B23_85,BASE,CONTROL,AESTHETIC,9e2f15f6b383485f91155e51148183d8,845b94aff72a4f0b8020402b0b1a5377,73e704f8e784444887a15a7670539316
B25_25478,CONTROL,BASE,AESTHETIC,c8b52611c46b413d8c0ed2ea0a90007c,b640f11cdc754204b2da23e2fd60a7a9,0421c2f2735b48abb151632bc83cabe5
B25_6127,AESTHETIC,CONTROL,BASE,6aa0cd96c42a45d999c325f23b74120c,c6cb7e44b0c24f4ca332bbdf29db0eef,809286252879455ca378e789a0518cf6
B25_7,CONTROL,AESTHETIC,BASE,02de29eb64da490a9212662aad51faae,f2f27dba78b24066843f7305b5d8c487,dd5f10e8a1f944f2b4f491a39a8cfef1
B25_85,CONTROL,BASE,AESTHETIC,c432bfed903a49a4bafe6fdf6d7d92ea,1a57636eca6b47518558c22897e1ee96,57c6abe2df7346409577e83a438f7527
B26_25478,BASE,AESTHETIC,CONTROL,b75a0a23b1b74fdba7027950a5d86bee,971a7ef74df240c691f6a7a789310853,9bf969ca539e4909af788e8906f2fe89
B26_6127,AESTHETIC,CONTROL,BASE,f029cb89fc524e11ab453e3059ef3084,d810b50a6d05427eaa6e7894f569cb16,0e412c6b268f4e749a16ced6dee0cf43
B26_7,CONTROL,BASE,AESTHETIC,6eec8388380b47bd8f45b921ce92affb,3c75bd8125b443dfae0bbc7a9d45a601,7839e195710d4c149f2da0ace6500f6c
B26_85,CONTROL,AESTHETIC,BASE,32768bb4ea4d4754a8b82a5e564e1f0a,d0d32104250d4deab0498c1ec6128659,4fee7254b4664d80893f029af7160bb1
B27_25478,BASE,AESTHETIC,CONTROL,d6accf6a6cda43c5a055484fdf781e72,b18136759e9e419a88fa359c603442a7,f3c753906cf443f5a34be1f638eb1590
B27_6127,AESTHETIC,BASE,CONTROL,298ff615915c4b0894577ae105f52798,a8bc2b45967e4280b7b448434e9a78d8,908a7f4e4c814683825c98d17879c7ad
B27_7,CONTROL,AESTHETIC,BASE,c9ef2198569b46e7a8120ffc277a8179,bc07c3d5d1cb44338f05fd899c8d3f0c,0f479159adcf41709eee7b2000c24df6
B27_85,BASE,AESTHETIC,CONTROL,c7953bf1aa6c4c3f9ae073435738aed5,b7602ff5e6af4235ad852f29d2fb6875,01c7615955b2440384b88de526e401d6
B29_25478,AESTHETIC,CONTROL,BASE,2107606ad33d49ceac5411026ff219f9,3b5f14306a16404cb4bde82200bfa43d,84b336801735431586c70993b9deaae2
B29_6127,AESTHETIC,BASE,CONTROL,fb07d9508f344d408e7db12988c77dd1,bb26fcba6d834076a80de3e305f9060b,65906a58bdf24a95b4f091385f0a3bba
B29_7,CONTROL,BASE,AESTHETIC,1b4cf68502d3497cba5cf8d87c249fe1,0fc5d2be97394af6aca1f1f7cb5ce815,7f2449d6576a48a6b5b151ee040ad81c
B29_85,CONTROL,BASE,AESTHETIC,3814a47c952c4d6495de77b790e3f93d,8ec43c726f314eabbd2a7d270edd5607,7ca8ba78e40b4d048b1b50b73b5f4a3d
C01_25478,AESTHETIC,CONTROL,BASE,af733fe3594b48208b838e08cbcee258,b059e8bf00bd41bebfd7b482c4d3867a,3f93c8e969c34ae88bb0b6236d2fdd65
C01_6127,BASE,CONTROL,AESTHETIC,6d0341c867ec4f86be8eae4f927eee64,36d315093c1044ffbea22dcac0c78305,6219db41d96e44eb8c4e9477e9979080
C01_7,BASE,AESTHETIC,CONTROL,bf78c587167e4e2884fdf90e9a916dcb,5766ee6397374c71a8090b0ef355b173,20296cb6e00e4e829488c0dfd32c3b1e
C01_85,CONTROL,BASE,AESTHETIC,ee53b03d80c4428a9abc2c203f0a4783,73c02436c24e4ddb9015e47a38d0f4ce,47f1fdfa40204ea7ae0ef2862a714d2a
C02_25478,BASE,AESTHETIC,CONTROL,41e7fc56e8cd49d2971f070a9e092346,b92fb5a81f964b8eb04d36a19475a0ae,ebb13ac17cc14942919773bf32588c66
C02_6127,CONTROL,BASE,AESTHETIC,83d3a75d52b441f3b5f6d00888da768b,c657c1aac2af4f3d922254ab8377e01a,d78fa2ce367141dca1bb8282399127b1
C02_7,AESTHETIC,BASE,CONTROL,1ffe1a1f799b4cdb8d299ba4a339d7e7,4783c683f7f048dbaa1a5276ff65f3c6,244eb5134d9642039fef1ba4fcffe5b3
C02_85,CONTROL,AESTHETIC,BASE,2bd702ce1f544c3e962d7da1dce357b4,67e0dffed7a64c8fb5b71d96e3965d21,560033d28c8e4fb0b19c60446e520ca9
C04_25478,CONTROL,BASE,AESTHETIC,75b088f945344f24885416f2ceadfbb4,28729a1ef701420abc6af41507c05d7a,c4d3c38f4f7f451e80555bb8fc0ad387
C04_6127,AESTHETIC,CONTROL,BASE,f63826e3869a4c0c93d702c7c710441a,473592cd07164bc385ebeb7dd8a6bf71,18b329244d3045a087c139b7a160f451
C04_7,BASE,AESTHETIC,CONTROL,409eddf136f54a06bd8ca96352981ddb,4bae73a3522342d79df11147bc71d75c,97e3ca31aeea44e0b2a8d2c4705b0eac
C04_85,BASE,CONTROL,AESTHETIC,206c47cafd36420b86a37b67d4ee639f,69cc8cafccb748d9a6ce7770d2671b57,7cf301bc6ca5458e9ee61efb21dee3a0
C05_25478,CONTROL,BASE,AESTHETIC,063f6dc115914a51bdc5eac762e9a5ef,cea8289c14a14eb8b5eb96ceed0532af,23fc56a05fb444009f51c2b8e655abfc
C05_6127,CONTROL,BASE,AESTHETIC,cedbde2641ec4c04bf29b95ec848ca89,5efb562e6893427a8bc6047175f4cbcb,5a6c7f071c4b4bb5b50e0cf754ae14bb
C05_7,CONTROL,BASE,AESTHETIC,797482d852fd4a71a3404d54a3884937,e9301b73dd2741d18657eaca49341183,77d550604a794c939b893323a6de03c5
C05_85,CONTROL,BASE,AESTHETIC,8161abbc51624293bdc877ea63223f2e,75631a6075404eef8636f1f6965557e7,08b6bee12eb347fd93e7bef7c16204b7
C06_25478,AESTHETIC,CONTROL,BASE,9f6040949d7f4b51977ccb8a83614882,ba289c89acbf4b23b51f090597fe8bb9,8210c60e8de4426aac4cc77ef09fa1e9
C06_6127,BASE,CONTROL,AESTHETIC,885824c691414d4d9326b86feda8f8c4,32dd6cba0a1b4fe6ad4b784f55961eb8,3038fc8000ce40f3bf263792fecfe186
C06_7,CONTROL,BASE,AESTHETIC,2faeeb77d39a414cb016cf25f84f9f62,aaa2efd23cce4f7ca9065cba245172e1,c5372e3cee254e88b54f4c2c46b70b44
C06_85,AESTHETIC,CONTROL,BASE,cf090bb3e683499785e9202835c65bd6,5de8f0be5f3843388c68302103c45e6d,68c7b77debd4494b8a3f86b8f6bc6d7f
C07_25478,AESTHETIC,CONTROL,BASE,31a9ba444dec4ef68cf52567f6d3833d,422897b07cc947f7ab82dfa99a7c9af0,b3d719e1a33c4e2dbbb070f9921f3c67
C07_6127,CONTROL,AESTHETIC,BASE,41b1ef877d6341f1a9e18815e6fd4e73,b465b78de2be4bd59e3cb90e7f072a29,54669806a3d945e791cda444a4fc7d60
C07_7,BASE,AESTHETIC,CONTROL,ed7d645ed1ed4f4089d1c3eec9583ff5,5bdc27a8ac9d4bba810c5b0f30263848,3bbcdf51156f41dcacf2c3c0a495fd34
C07_85,BASE,AESTHETIC,CONTROL,2ad45cf2328945e29465f809af9adab9,415dc4d1182c4f478b3d2ea12431d098,8c794570715e41a689bb3039c40264f9
C08_25478,BASE,AESTHETIC,CONTROL,d555853209f54a3aa12d4d8ca2ea67da,f55b2bedc4714b8b97ef8fbe12e51c29,8d439999aba14492872df4791e02ac3a
C08_6127,CONTROL,AESTHETIC,BASE,3ea7b12c0c574ede80b51ee73ea6cd65,8e4b74e90a0145dcaa1783a6ef467073,c1278b5028a042e1b40f16d389f8f299
C08_7,BASE,AESTHETIC,CONTROL,f5f439a2b9d0403383b4ce704a24edfc,b21ee740588f4536b896a6a9615df918,c8fdc327d8c24be6854f90da56da385d
C08_85,AESTHETIC,BASE,CONTROL,ee3f3f135f2a42d7b06512c85cfd81cc,98d4232287c54370965b408da9e0eb99,836811840b04454b8a6e8ec5e546ca8d
C09_25478,AESTHETIC,BASE,CONTROL,402c1c7fdbbc4acf8f863fb9b8fdcad1,ff421c89d8c64df58dffce68c0d1734a,fec54738bd954235b2d4ada944aaeef2
C09_6127,BASE,AESTHETIC,CONTROL,2286609351a446b6bcf2c77f3a57dd83,ffddd5e40b8e4cab8ab05c2c066a15d8,e39dfb7789bf4c28b319ddb6b501f547
C09_7,BASE,CONTROL,AESTHETIC,cc14d79bd2454a86b9c2d6a5d209d707,2f896664cc7d4512b680e1d11a95b99c,a11a8f5eed02451ebdd80a271d382345
C09_85,BASE,AESTHETIC,CONTROL,d96141a5da754b19a9c9a187e9d5b5e3,5998d967193445c8b33cdbd6c11e76f9,5c2b2969fbdb49e8bc0df3ebdc42f6e7
C10_25478,CONTROL,BASE,AESTHETIC,069b99fa410844ed941518b69e482c2a,7e2f88c99a14436999fce38150e15159,0bf8e110fb8a45a5ad708ce32524c36b
C10_6127,BASE,AESTHETIC,CONTROL,3b42ae80bc6d42228b29babb7acfd460,42bf6437c0cb4e2887e468f544d93228,6d1c5367137b4bc09b407a82d61b6b9c
C10_7,BASE,CONTROL,AESTHETIC,e65cab41c5a54b0bbc0532957660508d,2ec77e6292114870a80b8fdb9d2d41fe,1f93ef64da394a2bb4394a0293beb92f
C10_85,BASE,CONTROL,AESTHETIC,f308e6297a194afaa3fdf9ed0114197b,2594980cffa243ecb7a878fb4f7f3728,45a237fba76b4b188ba8b53d6c4d2ae5
C11_25478,BASE,CONTROL,AESTHETIC,75aa8b326c6c4717bf16c4db3efde8a0,aff07f61fc244c61a670642d1c65cdbb,e8bfa25338cf4a5ebee3956ae3f793ae
C11_6127,BASE,CONTROL,AESTHETIC,88520a7f95b64558ad482461d58afdb0,a559607083504a85b99a9e1421457219,e4994c69102744299100e328e8789d23
C11_7,AESTHETIC,BASE,CONTROL,aba44cbc8f1e4fed939744a0179b2fbc,4da8fcb09c75498eb3fbed24f47e10af,3151667d03e6464b8d0531c7c2b0065a
C11_85,CONTROL,BASE,AESTHETIC,c9c3753815e747e7926291919da9f596,c1a53902d83a4a50bacde1f1f83f2c28,b39ca3579a984b9ea4a28039fa01357a
C12_25478,BASE,CONTROL,AESTHETIC,fde132d1ba204a23af5ce5feea84a280,33a64450e196452cb1853a295f4f257c,f5a751796e134b50be7cfdec2d540ec9
C12_6127,CONTROL,BASE,AESTHETIC,7b376db19bb04901a6d510f0d5b73e76,698fcd84f3ba446c98457c47cda26ffd,c3bf1f23ee2e4c0db8721a60159589cf
C12_7,BASE,AESTHETIC,CONTROL,c8a81b602689495f90b8acd0e429a8f9,d83d8057ed7a4a099dfee97e46c34bf6,979da04dc65d4194bb4449f16e0fb2b1
C12_85,BASE,CONTROL,AESTHETIC,8b078585819b44dd98a55ea5252047c2,2c3ed814addc4bb4b51cf53a5938b018,2a2cb61cc2ea4036bc4618754eef1b38
C13_25478,CONTROL,AESTHETIC,BASE,7836be7d95d14aa5a481b8614c9a493a,ab508431d4ff4ac9bd8b82bfbc333d25,34ab8fd7a9a540ba8daa0d2a9644cd17
C13_6127,CONTROL,BASE,AESTHETIC,2006b334b38a4332970b6b5372671d68,eed7d4fec5164457a4bb4b6d06d82cac,a8e7f3af8215441cac6c4dfbea032dc7
C13_7,BASE,AESTHETIC,CONTROL,ee1ef6956b594e26a0bdf5901ab1c45f,4d8d996b5fba4ae1a0774a73be219dc8,a7ca4ca470c74bc79016240101c66d9a
C13_85,AESTHETIC,CONTROL,BASE,0c874d882232462cb7b3ef750f51abbb,d38534ee964342f18178282a9420fb01,20031b9569bf4f19ae8a7f2a678f90d5
C14_25478,BASE,CONTROL,AESTHETIC,08c124694efa4f0495d29fae5b5a3a9e,0ddf013f7bbe4cd6bf8f999521f3ca8d,728c63ed38974947aa86c208a86f01a3
C14_6127,BASE,AESTHETIC,CONTROL,05d162600dca4644bd4bb9b4a50eb6c1,ff3a38f585bc406682492f1d372aeeb4,68b1547162a04bee91025a807d403da1
C14_7,BASE,CONTROL,AESTHETIC,2e41d80899a349ef8cb2e4564880d206,4c77bbbe848f4fcd861ef6723eb6f1b9,28d9cb8fce5d440bbc2ef373751c7711
C14_85,AESTHETIC,CONTROL,BASE,340927bc88794bb1bbc0e0b3b79eb325,3c137569fa804a3c987580979b5dcc85,0cdb0edb92c64b0fba6a13324ace7d08
C15_25478,BASE,CONTROL,AESTHETIC,1ec937493a47452892872103a6e91519,eac2f38219644f248a5bcd917aa59486,7656e464d09f49ce97db6260fbf4f651
C15_6127,BASE,CONTROL,AESTHETIC,6325d5127e8348f3b876845511936701,2ca6abc7f4eb47e2830b2c80faccff35,b4038b5ae9984b948d236c9d8c64e7a4
C15_7,CONTROL,AESTHETIC,BASE,93900b4eee5e4514acc0a086708052cb,624ddf5b052c464681c430fcce1e09a6,beee770e7e7741c78f0b0927cf052996
C15_85,AESTHETIC,CONTROL,BASE,7744f55ac8cb4ed890715b7a5192c53f,939ebb034997445cb15802d7f7f2a6e0,45e057b2d3764a748315701d111874e9
C16_25478,AESTHETIC,BASE,CONTROL,f58f5f4929f94c15b6daa580014b2645,691d68c5a38f4b1e8a7350e99414782e,477d1b12fba143b0987fb8cc2a997969
C16_6127,BASE,CONTROL,AESTHETIC,9efc35df82634377844da260dc31a885,743606fb659d439b9596d46ddbeaf891,67b5e45bacf34a6d810139eb07b9ad57
C16_7,CONTROL,BASE,AESTHETIC,7a3d75b15db94c96805c088f68bba044,9da1c2a7b6494b558d6bafdfeba46a3b,ae25a4ad14aa4d81be30352210b79dd9
C16_85,CONTROL,AESTHETIC,BASE,840e2b83dd9740598bb6396926385cc1,350683a9691f431e98fef2887d7ee2cb,197baa6c6a6a42859b5d7e3ed8a60507
C17_25478,BASE,CONTROL,AESTHETIC,d94af4336da749619559191674f08554,9ea819e1b3834c04948a763bedc1c08a,214d8531bbcb498382beb05286dde594
C17_6127,CONTROL,BASE,AESTHETIC,f5277f2a186e4bf28427f860df3f0783,701b8b39f7af481e8910e0a70752680e,239c5a2a783a4fc9a4c03fdf021740d0
C17_7,BASE,CONTROL,AESTHETIC,b9323c27b4a142df83a323afca2f5862,5b3e308901d54259a55963d2ad593a20,db4ffd457f2047dd9428c624ccbb0770
C17_85,BASE,CONTROL,AESTHETIC,c2a443f384a843e58c3640abff0a90af,8a06aa0d2e36463db13c95c9c4ea45b9,533454f7da614b1dae80d6a0159ef626
C18_25478,BASE,CONTROL,AESTHETIC,3a33f3f3d7964df4b33ffe5fdfb9d906,304687dd7ca34821bdf2b7d7c26d074d,7a3c66f0ce2b4990a151fe8d29e7c9a1
C18_6127,AESTHETIC,BASE,CONTROL,2fd50b34dd2243f398bf3fda726b1cc2,2f7673a39caf4586bb7d35539e7fe48a,d70ed4a01d374c18ac2685e6254cbf2f
C18_7,CONTROL,AESTHETIC,BASE,3b6b153c01474ff6abd33a74b72f7f2c,959e7eadaa3c471085cf3263824c022e,e9ef25bd6ae44004ae10a38387da05ce
C18_85,BASE,AESTHETIC,CONTROL,67e54a38e05248d4afcd12c91f9d4de9,ac6bb8d3e29d47f09532c05ce5f9a36a,e5797b899658411caf0003237d5d2322
C19_25478,BASE,CONTROL,AESTHETIC,d564f264be084e38adaf22b2b1ddebab,8ebae241ce4642cb82ef454d49bce5c5,17ae4ab9fe4741ffb31a57cab689a426
C19_6127,AESTHETIC,BASE,CONTROL,03f9284faa9b4e8c8de985c2258288a4,ab3c7c8850b5454c86cb8c7acfc52050,bd4699bf36c84f259ba973d06ec63618
C19_7,CONTROL,AESTHETIC,BASE,34e3ed289d934defa997acfe2b3cadd5,8b90cee7896744a69567433976e8f90e,b087c223a53443b284f21c4a9c12c609
C19_85,CONTROL,BASE,AESTHETIC,7d0b5a5ce90a4139a501248ba3948b88,9d9a03f9a64346dbbc3f7b54f4186693,4257be86cfc947fa9cf67abfdfaa62e3
C20_25478,BASE,CONTROL,AESTHETIC,b156a0d35d094f3fbead0ebaa5f7dfb1,584d1131a4804c18a86c393f70c253f9,2f72c7b2de4f448bab085d4fe020e554
C20_6127,CONTROL,AESTHETIC,BASE,380d82d187df480699cd21e754e66250,46923906dbaa45ba9594f797c760d9f8,178e8dec92e341b2895a25291fc1bf0c
C20_7,CONTROL,AESTHETIC,BASE,71bd1807516c47879ffe608a7d7732f1,adfeb135645f42f38548044d8b0e80ba,92dd2c9ecc9f411e89e7a3cfb9e07bd6
C20_85,AESTHETIC,CONTROL,BASE,42674a028fce42e9a0abcf2851816c2c,8f285db7e9ad49349b86452c6c84d629,2b944ba0e7914da3be076ed3e67fa8e2
