prompt_code,category,generation_seed
A01,museum,85
A01,museum,6127
A08,library,85
A08,library,25478
A11,religious,7
A11,religious,6127
A15,tower,7
A15,tower,85
A22,religious,85
A22,religious,25478
A26,station,7
A26,station,85
A27,station,7
A27,station,25478
B01,house,7
B01,house,85
B02,housing,7
B02,housing,6127
B06,school,85
B06,school,25478
B15,museum,85
B15,museum,6127
B20,office,6127
B20,office,25478
B26,housing,85
B26,housing,6127
B29,sport,7
B29,sport,6127
C01,museum,7
C01,museum,6127
C02,culture,85
C02,culture,25478
C04,culture,6127
C04,culture,25478
C05,culture,7
C05,culture,85
C06,housing,7
C06,housing,85
C10,school,6127
C10,school,25478
C11,cinema,7
C11,cinema,85
C12,office,7
C12,office,25478
C18,house,85
C18,house,25478
C19,house,7
C19,house,6127
