first_anon_id,repeat_anon_id
VLM_F00110,VLM_F00543
VLM_F00551,VLM_F00549
VLM_F00279,VLM_F00447
VLM_F00535,VLM_F00659
VLM_F00595,VLM_F00350
VLM_F00171,VLM_F00686
VLM_F00342,VLM_F00555
VLM_F00676,VLM_F00258
VLM_F00497,VLM_F00384
VLM_F00515,VLM_F00458
VLM_F00313,VLM_F00430
VLM_F00093,VLM_F00663
VLM_F00323,VLM_F00348
VLM_F00131,VLM_F00047
VLM_F00532,VLM_F00181
VLM_F00402,VLM_F00346
VLM_F00226,VLM_F00134
VLM_F00441,VLM_F00393
VLM_F00189,VLM_F00100
VLM_F00170,VLM_F00015
VLM_F00174,VLM_F00519
VLM_F00145,VLM_F00621
VLM_F00290,VLM_F00206
VLM_F00022,VLM_F00004
VLM_F00066,VLM_F00548
VLM_F00269,VLM_F00038
VLM_F00098,VLM_F00255
VLM_F00485,VLM_F00009
VLM_F00522,VLM_F00315
VLM_F00243,VLM_F00195
VLM_F00119,VLM_F00097
VLM_F00077,VLM_F00462
VLM_F00619,VLM_F00375
VLM_F00455,VLM_F00182
VLM_F00282,VLM_F00513
VLM_F00661,VLM_F00626
VLM_F00150,VLM_F00211
VLM_F00331,VLM_F00439
VLM_F00287,VLM_F00167
VLM_F00340,VLM_F00222
VLM_F00615,VLM_F00590
VLM_F00105,VLM_F00655
VLM_F00187,VLM_F00688
VLM_F00231,VLM_F00250
VLM_F00644,VLM_F00324
VLM_F00088,VLM_F00339
VLM_F00024,VLM_F00185
VLM_F00685,VLM_F00664
VLM_F00248,VLM_F00176
VLM_F00516,VLM_F00298
VLM_F00552,VLM_F00239
VLM_F00653,VLM_F00593
VLM_F00672,VLM_F00058
VLM_F00035,VLM_F00613
VLM_F00259,VLM_F00422
VLM_F00662,VLM_F00416
VLM_F00418,VLM_F00546
VLM_F00628,VLM_F00261
VLM_F00155,VLM_F00202
VLM_F00224,VLM_F00530
VLM_F00294,VLM_F00113
VLM_F00102,VLM_F00667
VLM_F00115,VLM_F00209
VLM_F00473,VLM_F00188
VLM_F00012,VLM_F00571
VLM_F00460,VLM_F00635
VLM_F00050,VLM_F00504
VLM_F00483,VLM_F00306
VLM_F00616,VLM_F00179
VLM_F00325,VLM_F00423
VLM_F00057,VLM_F00016
VLM_F00682,VLM_F00500
VLM_F00391,VLM_F00518
VLM_F00678,VLM_F00511
VLM_F00459,VLM_F00126
VLM_F00625,VLM_F00327
VLM_F00019,VLM_F00407
VLM_F00449,VLM_F00156
VLM_F00333,VLM_F00008
VLM_F00624,VLM_F00319
VLM_F00311,VLM_F00069
VLM_F00137,VLM_F00194
VLM_F00556,VLM_F00607
VLM_F00622,VLM_F00499
VLM_F00354,VLM_F00681
VLM_F00627,VLM_F00352
VLM_F00520,VLM_F00293
VLM_F00220,VLM_F00632
VLM_F00442,VLM_F00597
VLM_F00021,VLM_F00594
VLM_F00212,VLM_F00159
VLM_F00253,VLM_F00235
VLM_F00580,VLM_F00385
VLM_F00345,VLM_F00479
VLM_F00208,VLM_F00175
VLM_F00445,VLM_F00570
VLM_F00561,VLM_F00463
VLM_F00505,VLM_F00309
VLM_F00528,VLM_F00361
VLM_F00582,VLM_F00501
VLM_F00440,VLM_F00149
VLM_F00299,VLM_F00614
VLM_F00086,VLM_F00297
VLM_F00236,VLM_F00566
VLM_F00033,VLM_F00601
VLM_F00274,VLM_F00118
VLM_F00434,VLM_F00568
VLM_F00138,VLM_F00674
VLM_F00051,VLM_F00600
VLM_F00240,VLM_F00373
VLM_F00581,VLM_F00472
VLM_F00184,VLM_F00599
VLM_F00335,VLM_F00547
VLM_F00106,VLM_F00408
VLM_F00172,VLM_F00082
