anon_id,block,position
VLM_F00160,1_shown,1
VLM_F00591,1_shown,2
VLM_F00644,1_shown,3
VLM_F00110,1_shown,4
VLM_F00448,1_shown,5
VLM_F00020,1_shown,6
VLM_F00415,1_shown,7
VLM_F00605,1_shown,8
VLM_F00391,1_shown,9
VLM_F00165,1_shown,10
VLM_F00321,1_shown,11
VLM_F00403,1_shown,12
VLM_F00368,1_shown,13
VLM_F00452,1_shown,14
VLM_F00612,1_shown,15
VLM_F00437,1_shown,16
VLM_F00216,1_shown,17
VLM_F00101,1_shown,18
VLM_F00376,1_shown,19
VLM_F00383,1_shown,20
VLM_F00342,1_shown,21
VLM_F00544,1_shown,22
VLM_F00572,1_shown,23
VLM_F00065,1_shown,24
VLM_F00295,1_shown,25
VLM_F00103,1_shown,26
VLM_F00091,1_shown,27
VLM_F00243,1_shown,28
VLM_F00257,1_shown,29
VLM_F00130,1_shown,30
VLM_F00108,1_shown,31
VLM_F00466,1_shown,32
VLM_F00032,1_shown,33
VLM_F00317,1_shown,34
VLM_F00017,1_shown,35
VLM_F00146,1_shown,36
VLM_F00040,1_shown,37
VLM_F00046,1_shown,38
VLM_F00579,1_shown,39
VLM_F00171,1_shown,40
VLM_F00208,1_shown,41
VLM_F00457,1_shown,42
VLM_F00064,1_shown,43
VLM_F00022,1_shown,44
VLM_F00477,1_shown,45
VLM_F00495,1_shown,46
VLM_F00314,1_shown,47
VLM_F00363,1_shown,48
VLM_F00237,1_shown,49
VLM_F00220,1_shown,50
VLM_F00587,1_shown,51
VLM_F00475,1_shown,52
VLM_F00289,1_shown,53
VLM_F00372,1_shown,54
VLM_F00369,1_shown,55
VLM_F00398,1_shown,56
VLM_F00094,1_shown,57
VLM_F00672,1_shown,58
VLM_F00343,1_shown,59
VLM_F00362,1_shown,60
VLM_F00684,1_shown,61
VLM_F00485,1_shown,62
VLM_F00488,1_shown,63
VLM_F00451,1_shown,64
VLM_F00131,1_shown,65
VLM_F00685,1_shown,66
VLM_F00367,1_shown,67
VLM_F00002,1_shown,68
VLM_F00072,1_shown,69
VLM_F00234,1_shown,70
VLM_F00516,1_shown,71
VLM_F00496,1_shown,72
VLM_F00625,1_shown,73
VLM_F00210,1_shown,74
VLM_F00490,1_shown,75
VLM_F00539,1_shown,76
VLM_F00377,1_shown,77
VLM_F00024,1_shown,78
VLM_F00608,1_shown,79
VLM_F00360,1_shown,80
VLM_F00044,1_shown,81
VLM_F00288,1_shown,82
VLM_F00533,1_shown,83
VLM_F00115,1_shown,84
VLM_F00592,1_shown,85
VLM_F00558,1_shown,86
VLM_F00221,1_shown,87
VLM_F00424,1_shown,88
VLM_F00418,1_shown,89
VLM_F00665,1_shown,90
VLM_F00432,1_shown,91
VLM_F00643,1_shown,92
VLM_F00425,1_shown,93
VLM_F00214,1_shown,94
VLM_F00088,1_shown,95
VLM_F00067,1_shown,96
VLM_F00012,1_shown,97
VLM_F00345,1_shown,98
VLM_F00438,1_shown,99
VLM_F00152,1_shown,100
VLM_F00604,1_shown,101
VLM_F00161,1_shown,102
VLM_F00638,1_shown,103
VLM_F00007,1_shown,104
VLM_F00633,1_shown,105
VLM_F00251,1_shown,106
VLM_F00245,1_shown,107
VLM_F00001,1_shown,108
VLM_F00011,1_shown,109
VLM_F00586,1_shown,110
VLM_F00627,1_shown,111
VLM_F00027,1_shown,112
VLM_F00542,1_shown,113
VLM_F00341,1_shown,114
VLM_F00356,1_shown,115
VLM_F00486,1_shown,116
VLM_F00563,1_shown,117
VLM_F00652,1_shown,118
VLM_F00083,1_shown,119
VLM_F00440,1_shown,120
VLM_F00093,1_shown,121
VLM_F00562,1_shown,122
VLM_F00287,1_shown,123
VLM_F00581,1_shown,124
VLM_F00670,1_shown,125
VLM_F00666,1_shown,126
VLM_F00124,1_shown,127
VLM_F00137,1_shown,128
VLM_F00353,1_shown,129
VLM_F00087,1_shown,130
VLM_F00023,1_shown,131
VLM_F00055,1_shown,132
VLM_F00177,1_shown,133
VLM_F00365,1_shown,134
VLM_F00505,1_shown,135
VLM_F00453,1_shown,136
VLM_F00045,1_shown,137
VLM_F00646,1_shown,138
VLM_F00460,1_shown,139
VLM_F00036,1_shown,140
VLM_F00589,1_shown,141
VLM_F00332,1_shown,142
VLM_F00089,1_shown,143
VLM_F00286,1_shown,144
VLM_F00109,1_shown,145
VLM_F00478,1_shown,146
VLM_F00487,1_shown,147
VLM_F00281,1_shown,148
VLM_F00132,1_shown,149
VLM_F00491,1_shown,150
VLM_F00304,1_shown,151
VLM_F00246,1_shown,152
VLM_F00653,1_shown,153
VLM_F00049,1_shown,154
VLM_F00187,1_shown,155
VLM_F00631,1_shown,156
VLM_F00585,1_shown,157
VLM_F00636,1_shown,158
VLM_F00338,1_shown,159
VLM_F00414,1_shown,160
VLM_F00673,1_shown,161
VLM_F00381,1_shown,162
VLM_F00420,1_shown,163
VLM_F00387,1_shown,164
VLM_F00048,1_shown,165
VLM_F00678,1_shown,166
VLM_F00682,1_shown,167
VLM_F00480,1_shown,168
VLM_F00514,1_shown,169
VLM_F00217,1_shown,170
VLM_F00344,1_shown,171
VLM_F00441,1_shown,172
VLM_F00641,1_shown,173
VLM_F00060,1_shown,174
VLM_F00645,1_shown,175
VLM_F00241,1_shown,176
VLM_F00355,1_shown,177
VLM_F00431,1_shown,178
VLM_F00005,1_shown,179
VLM_F00410,1_shown,180
VLM_F00442,1_shown,181
VLM_F00464,1_shown,182
VLM_F00201,1_shown,183
VLM_F00690,1_shown,184
VLM_F00227,1_shown,185
VLM_F00150,1_shown,186
VLM_F00578,1_shown,187
VLM_F00647,1_shown,188
VLM_F00357,1_shown,189
VLM_F00106,1_shown,190
VLM_F00469,1_shown,191
VLM_F00198,1_shown,192
VLM_F00029,1_shown,193
VLM_F00326,1_shown,194
VLM_F00521,1_shown,195
VLM_F00532,1_shown,196
VLM_F00371,1_shown,197
VLM_F00269,1_shown,198
VLM_F00660,1_shown,199
VLM_F00305,1_shown,200
VLM_F00454,1_shown,201
VLM_F00247,1_shown,202
VLM_F00622,1_shown,203
VLM_F00191,1_shown,204
VLM_F00253,1_shown,205
VLM_F00506,1_shown,206
VLM_F00170,1_shown,207
VLM_F00120,1_shown,208
VLM_F00609,1_shown,209
VLM_F00200,1_shown,210
VLM_F00284,1_shown,211
VLM_F00224,1_shown,212
VLM_F00042,1_shown,213
VLM_F00203,1_shown,214
VLM_F00300,1_shown,215
VLM_F00228,1_shown,216
VLM_F00168,1_shown,217
VLM_F00628,1_shown,218
VLM_F00193,1_shown,219
VLM_F00186,1_shown,220
VLM_F00030,1_shown,221
VLM_F00455,1_shown,222
VLM_F00656,1_shown,223
VLM_F00204,1_shown,224
VLM_F00166,1_shown,225
VLM_F00268,1_shown,226
VLM_F00561,1_shown,227
VLM_F00043,1_shown,228
VLM_F00275,1_shown,229
VLM_F00528,1_shown,230
VLM_F00264,1_shown,231
VLM_F00370,1_shown,232
VLM_F00102,1_shown,233
VLM_F00223,1_shown,234
VLM_F00172,1_shown,235
VLM_F00382,1_shown,236
VLM_F00320,1_shown,237
VLM_F00575,1_shown,238
VLM_F00584,1_shown,239
VLM_F00140,1_shown,240
VLM_F00169,1_shown,241
VLM_F00624,1_shown,242
VLM_F00133,1_shown,243
VLM_F00443,1_shown,244
VLM_F00390,1_shown,245
VLM_F00199,1_shown,246
VLM_F00180,1_shown,247
VLM_F00325,1_shown,248
VLM_F00238,1_shown,249
VLM_F00262,1_shown,250
VLM_F00196,1_shown,251
VLM_F00095,1_shown,252
VLM_F00380,1_shown,253
VLM_F00611,1_shown,254
VLM_F00676,1_shown,255
VLM_F00164,1_shown,256
VLM_F00190,1_shown,257
VLM_F00099,1_shown,258
VLM_F00615,1_shown,259
VLM_F00417,1_shown,260
VLM_F00658,1_shown,261
VLM_F00366,1_shown,262
VLM_F00267,1_shown,263
VLM_F00435,1_shown,264
VLM_F00254,1_shown,265
VLM_F00358,1_shown,266
VLM_F00379,1_shown,267
VLM_F00461,1_shown,268
VLM_F00184,1_shown,269
VLM_F00671,1_shown,270
VLM_F00123,1_shown,271
VLM_F00427,1_shown,272
VLM_F00545,1_shown,273
VLM_F00178,1_shown,274
VLM_F00620,1_shown,275
VLM_F00603,1_shown,276
VLM_F00219,1_shown,277
VLM_F00541,1_shown,278
VLM_F00588,1_shown,279
VLM_F00142,1_shown,280
VLM_F00648,1_shown,281
VLM_F00252,1_shown,282
VLM_F00025,1_shown,283
VLM_F00623,1_shown,284
VLM_F00400,1_shown,285
VLM_F00303,1_shown,286
VLM_F00308,1_shown,287
VLM_F00388,1_shown,288
VLM_F00111,1_shown,289
VLM_F00596,1_shown,290
VLM_F00483,1_shown,291
VLM_F00104,1_shown,292
VLM_F00265,1_shown,293
VLM_F00019,1_shown,294
VLM_F00052,1_shown,295
VLM_F00249,1_shown,296
VLM_F00662,1_shown,297
VLM_F00411,1_shown,298
VLM_F00296,1_shown,299
VLM_F00068,1_shown,300
VLM_F00413,1_shown,301
VLM_F00242,1_shown,302
VLM_F00629,1_shown,303
VLM_F00259,1_shown,304
VLM_F00538,1_shown,305
VLM_F00050,1_shown,306
VLM_F00071,1_shown,307
VLM_F00014,1_shown,308
VLM_F00529,1_shown,309
VLM_F00392,1_shown,310
VLM_F00013,1_shown,311
VLM_F00617,1_shown,312
VLM_F00557,1_shown,313
VLM_F00051,1_shown,314
VLM_F00677,1_shown,315
VLM_F00129,1_shown,316
VLM_F00651,1_shown,317
VLM_F00240,1_shown,318
VLM_F00062,1_shown,319
VLM_F00606,1_shown,320
VLM_F00399,1_shown,321
VLM_F00426,1_shown,322
VLM_F00226,1_shown,323
VLM_F00536,1_shown,324
VLM_F00331,1_shown,325
VLM_F00397,1_shown,326
VLM_F00476,1_shown,327
VLM_F00229,1_shown,328
VLM_F00679,1_shown,329
VLM_F00554,1_shown,330
VLM_F00225,1_shown,331
VLM_F00135,1_shown,332
VLM_F00556,1_shown,333
VLM_F00468,1_shown,334
VLM_F00081,1_shown,335
VLM_F00527,1_shown,336
VLM_F00057,1_shown,337
VLM_F00299,1_shown,338
VLM_F00640,1_shown,339
VLM_F00028,1_shown,340
VLM_F00141,1_shown,341
VLM_F00675,1_shown,342
VLM_F00041,1_shown,343
VLM_F00560,1_shown,344
VLM_F00691,1_shown,345
VLM_F00037,1_shown,346
VLM_F00470,1_shown,347
VLM_F00034,1_shown,348
VLM_F00153,1_shown,349
VLM_F00312,1_shown,350
VLM_F00290,1_shown,351
VLM_F00335,1_shown,352
VLM_F00280,1_shown,353
VLM_F00449,1_shown,354
VLM_F00244,1_shown,355
VLM_F00078,1_shown,356
VLM_F00322,1_shown,357
VLM_F00564,1_shown,358
VLM_F00316,1_shown,359
VLM_F00333,1_shown,360
VLM_F00139,1_shown,361
VLM_F00577,1_shown,362
VLM_F00233,1_shown,363
VLM_F00374,1_shown,364
VLM_F00406,1_shown,365
VLM_F00174,1_shown,366
VLM_F00616,1_shown,367
VLM_F00386,1_shown,368
VLM_F00639,1_shown,369
VLM_F00271,1_shown,370
VLM_F00354,1_shown,371
VLM_F00650,1_shown,372
VLM_F00509,1_shown,373
VLM_F00396,1_shown,374
VLM_F00213,1_shown,375
VLM_F00125,1_shown,376
VLM_F00003,1_shown,377
VLM_F00144,1_shown,378
VLM_F00347,1_shown,379
VLM_F00349,1_shown,380
VLM_F00006,1_shown,381
VLM_F00517,1_shown,382
VLM_F00602,1_shown,383
VLM_F00263,1_shown,384
VLM_F00618,1_shown,385
VLM_F00010,1_shown,386
VLM_F00079,1_shown,387
VLM_F00531,1_shown,388
VLM_F00189,1_shown,389
VLM_F00569,1_shown,390
VLM_F00619,1_shown,391
VLM_F00302,1_shown,392
VLM_F00128,1_shown,393
VLM_F00212,1_shown,394
VLM_F00073,1_shown,395
VLM_F00162,1_shown,396
VLM_F00063,1_shown,397
VLM_F00419,1_shown,398
VLM_F00117,1_shown,399
VLM_F00402,1_shown,400
VLM_F00310,1_shown,401
VLM_F00552,1_shown,402
VLM_F00143,1_shown,403
VLM_F00630,1_shown,404
VLM_F00278,1_shown,405
VLM_F00116,1_shown,406
VLM_F00074,1_shown,407
VLM_F00026,1_shown,408
VLM_F00215,1_shown,409
VLM_F00279,1_shown,410
VLM_F00145,1_shown,411
VLM_F00493,1_shown,412
VLM_F00473,1_shown,413
VLM_F00334,1_shown,414
VLM_F00550,1_shown,415
VLM_F00559,1_shown,416
VLM_F00270,1_shown,417
VLM_F00436,1_shown,418
VLM_F00522,1_shown,419
VLM_F00467,1_shown,420
VLM_F00307,1_shown,421
VLM_F00151,1_shown,422
VLM_F00138,1_shown,423
VLM_F00502,1_shown,424
VLM_F00155,1_shown,425
VLM_F00266,1_shown,426
VLM_F00098,1_shown,427
VLM_F00273,1_shown,428
VLM_F00574,1_shown,429
VLM_F00018,1_shown,430
VLM_F00059,1_shown,431
VLM_F00610,1_shown,432
VLM_F00661,1_shown,433
VLM_F00540,1_shown,434
VLM_F00445,1_shown,435
VLM_F00197,1_shown,436
VLM_F00084,1_shown,437
VLM_F00683,1_shown,438
VLM_F00061,1_shown,439
VLM_F00489,1_shown,440
VLM_F00337,1_shown,441
VLM_F00183,1_shown,442
VLM_F00311,1_shown,443
VLM_F00272,1_shown,444
VLM_F00520,1_shown,445
VLM_F00033,1_shown,446
VLM_F00294,1_shown,447
VLM_F00450,1_shown,448
VLM_F00687,1_shown,449
VLM_F00482,1_shown,450
VLM_F00657,1_shown,451
VLM_F00096,1_shown,452
VLM_F00689,1_shown,453
VLM_F00433,1_shown,454
VLM_F00537,1_shown,455
VLM_F00595,1_shown,456
VLM_F00192,1_shown,457
VLM_F00359,1_shown,458
VLM_F00409,1_shown,459
VLM_F00553,1_shown,460
VLM_F00076,1_shown,461
VLM_F00598,1_shown,462
VLM_F00122,1_shown,463
VLM_F00121,1_shown,464
VLM_F00328,1_shown,465
VLM_F00523,1_shown,466
VLM_F00340,1_shown,467
VLM_F00318,1_shown,468
VLM_F00456,1_shown,469
VLM_F00232,1_shown,470
VLM_F00364,1_shown,471
VLM_F00136,1_shown,472
VLM_F00680,1_shown,473
VLM_F00260,1_shown,474
VLM_F00291,1_shown,475
VLM_F00053,1_shown,476
VLM_F00642,1_shown,477
VLM_F00543,2_repeats,478
VLM_F00549,2_repeats,479
VLM_F00447,2_repeats,480
VLM_F00659,2_repeats,481
VLM_F00350,2_repeats,482
VLM_F00686,2_repeats,483
VLM_F00555,2_repeats,484
VLM_F00258,2_repeats,485
VLM_F00384,2_repeats,486
VLM_F00458,2_repeats,487
VLM_F00430,2_repeats,488
VLM_F00663,2_repeats,489
VLM_F00348,2_repeats,490
VLM_F00047,2_repeats,491
VLM_F00181,2_repeats,492
VLM_F00346,2_repeats,493
VLM_F00134,2_repeats,494
VLM_F00393,2_repeats,495
VLM_F00100,2_repeats,496
VLM_F00015,2_repeats,497
VLM_F00519,2_repeats,498
VLM_F00621,2_repeats,499
VLM_F00206,2_repeats,500
VLM_F00004,2_repeats,501
VLM_F00548,2_repeats,502
VLM_F00038,2_repeats,503
VLM_F00255,2_repeats,504
VLM_F00009,2_repeats,505
VLM_F00315,2_repeats,506
VLM_F00195,2_repeats,507
VLM_F00097,2_repeats,508
VLM_F00462,2_repeats,509
VLM_F00375,2_repeats,510
VLM_F00182,2_repeats,511
VLM_F00513,2_repeats,512
VLM_F00626,2_repeats,513
VLM_F00211,2_repeats,514
VLM_F00439,2_repeats,515
VLM_F00167,2_repeats,516
VLM_F00222,2_repeats,517
VLM_F00590,2_repeats,518
VLM_F00655,2_repeats,519
VLM_F00688,2_repeats,520
VLM_F00250,2_repeats,521
VLM_F00324,2_repeats,522
VLM_F00339,2_repeats,523
VLM_F00185,2_repeats,524
VLM_F00664,2_repeats,525
VLM_F00176,2_repeats,526
VLM_F00298,2_repeats,527
VLM_F00239,2_repeats,528
VLM_F00593,2_repeats,529
VLM_F00058,2_repeats,530
VLM_F00613,2_repeats,531
VLM_F00422,2_repeats,532
VLM_F00416,2_repeats,533
VLM_F00546,2_repeats,534
VLM_F00261,2_repeats,535
VLM_F00202,2_repeats,536
VLM_F00530,2_repeats,537
VLM_F00113,2_repeats,538
VLM_F00667,2_repeats,539
VLM_F00209,2_repeats,540
VLM_F00188,2_repeats,541
VLM_F00571,2_repeats,542
VLM_F00635,2_repeats,543
VLM_F00504,2_repeats,544
VLM_F00306,2_repeats,545
VLM_F00179,2_repeats,546
VLM_F00423,2_repeats,547
VLM_F00016,2_repeats,548
VLM_F00500,2_repeats,549
VLM_F00518,2_repeats,550
VLM_F00511,2_repeats,551
VLM_F00126,2_repeats,552
VLM_F00327,2_repeats,553
VLM_F00407,2_repeats,554
VLM_F00156,2_repeats,555
VLM_F00008,2_repeats,556
VLM_F00319,2_repeats,557
VLM_F00069,2_repeats,558
VLM_F00194,2_repeats,559
VLM_F00607,2_repeats,560
VLM_F00499,2_repeats,561
VLM_F00681,2_repeats,562
VLM_F00352,2_repeats,563
VLM_F00293,2_repeats,564
VLM_F00632,2_repeats,565
VLM_F00597,2_repeats,566
VLM_F00594,2_repeats,567
VLM_F00159,2_repeats,568
VLM_F00235,2_repeats,569
VLM_F00385,2_repeats,570
VLM_F00479,2_repeats,571
VLM_F00175,2_repeats,572
VLM_F00570,2_repeats,573
VLM_F00463,2_repeats,574
VLM_F00309,2_repeats,575
VLM_F00361,2_repeats,576
VLM_F00501,2_repeats,577
VLM_F00149,2_repeats,578
VLM_F00614,2_repeats,579
VLM_F00297,2_repeats,580
VLM_F00566,2_repeats,581
VLM_F00601,2_repeats,582
VLM_F00118,2_repeats,583
VLM_F00568,2_repeats,584
VLM_F00674,2_repeats,585
VLM_F00600,2_repeats,586
VLM_F00373,2_repeats,587
VLM_F00472,2_repeats,588
VLM_F00599,2_repeats,589
VLM_F00547,2_repeats,590
VLM_F00408,2_repeats,591
VLM_F00082,2_repeats,592
VLM_F00401,3_not_shown,593
VLM_F00066,3_not_shown,594
VLM_F00163,3_not_shown,595
VLM_F00497,3_not_shown,596
VLM_F00580,3_not_shown,597
VLM_F00576,3_not_shown,598
VLM_F00218,3_not_shown,599
VLM_F00075,3_not_shown,600
VLM_F00056,3_not_shown,601
VLM_F00412,3_not_shown,602
VLM_F00230,3_not_shown,603
VLM_F00389,3_not_shown,604
VLM_F00207,3_not_shown,605
VLM_F00421,3_not_shown,606
VLM_F00637,3_not_shown,607
VLM_F00526,3_not_shown,608
VLM_F00434,3_not_shown,609
VLM_F00092,3_not_shown,610
VLM_F00471,3_not_shown,611
VLM_F00508,3_not_shown,612
VLM_F00112,3_not_shown,613
VLM_F00107,3_not_shown,614
VLM_F00567,3_not_shown,615
VLM_F00086,3_not_shown,616
VLM_F00031,3_not_shown,617
VLM_F00330,3_not_shown,618
VLM_F00583,3_not_shown,619
VLM_F00378,3_not_shown,620
VLM_F00484,3_not_shown,621
VLM_F00205,3_not_shown,622
VLM_F00573,3_not_shown,623
VLM_F00492,3_not_shown,624
VLM_F00035,3_not_shown,625
VLM_F00114,3_not_shown,626
VLM_F00054,3_not_shown,627
VLM_F00534,3_not_shown,628
VLM_F00429,3_not_shown,629
VLM_F00148,3_not_shown,630
VLM_F00524,3_not_shown,631
VLM_F00080,3_not_shown,632
VLM_F00510,3_not_shown,633
VLM_F00070,3_not_shown,634
VLM_F00336,3_not_shown,635
VLM_F00394,3_not_shown,636
VLM_F00669,3_not_shown,637
VLM_F00323,3_not_shown,638
VLM_F00582,3_not_shown,639
VLM_F00512,3_not_shown,640
VLM_F00105,3_not_shown,641
VLM_F00274,3_not_shown,642
VLM_F00498,3_not_shown,643
VLM_F00444,3_not_shown,644
VLM_F00405,3_not_shown,645
VLM_F00507,3_not_shown,646
VLM_F00021,3_not_shown,647
VLM_F00248,3_not_shown,648
VLM_F00119,3_not_shown,649
VLM_F00481,3_not_shown,650
VLM_F00147,3_not_shown,651
VLM_F00515,3_not_shown,652
VLM_F00285,3_not_shown,653
VLM_F00090,3_not_shown,654
VLM_F00154,3_not_shown,655
VLM_F00525,3_not_shown,656
VLM_F00085,3_not_shown,657
VLM_F00654,3_not_shown,658
VLM_F00173,3_not_shown,659
VLM_F00077,3_not_shown,660
VLM_F00329,3_not_shown,661
VLM_F00649,3_not_shown,662
VLM_F00236,3_not_shown,663
VLM_F00157,3_not_shown,664
VLM_F00292,3_not_shown,665
VLM_F00551,3_not_shown,666
VLM_F00231,3_not_shown,667
VLM_F00459,3_not_shown,668
VLM_F00404,3_not_shown,669
VLM_F00395,3_not_shown,670
VLM_F00158,3_not_shown,671
VLM_F00351,3_not_shown,672
VLM_F00127,3_not_shown,673
VLM_F00634,3_not_shown,674
VLM_F00565,3_not_shown,675
VLM_F00282,3_not_shown,676
VLM_F00313,3_not_shown,677
VLM_F00428,3_not_shown,678
VLM_F00256,3_not_shown,679
VLM_F00277,3_not_shown,680
VLM_F00465,3_not_shown,681
VLM_F00301,3_not_shown,682
VLM_F00503,3_not_shown,683
VLM_F00039,3_not_shown,684
VLM_F00668,3_not_shown,685
VLM_F00283,3_not_shown,686
VLM_F00494,3_not_shown,687
VLM_F00535,3_not_shown,688
VLM_F00446,3_not_shown,689
VLM_F00474,3_not_shown,690
VLM_F00276,3_not_shown,691
