anon_id,repeat,opaque_id,training_run,corpus,training_seed,prompt_code,seed,cell,sha256
VLM_R00122,False,d00e2513e7824eae864273b5c8c88ca8,REP-CTL-S42160,CONTROL,42160,C04,25478,C04_25478,39a84a1bc8edf2a6a434ca1be60190818b370bfdce2d9f5c3422b5929a81ba70
VLM_R00207,False,210f9fd0fc4d4c6ea905acff164c602c,REP-CTL-S1254,CONTROL,1254,C04,25478,C04_25478,18e5de0dfbeb3badcef84f3f2a5c3d618ad7f5bf86cb1cebe5af929201b97a3b
VLM_R00036,False,c4d3c38f4f7f451e80555bb8fc0ad387,RUN-AESTHETIC-4,AESTHETIC,1254,C04,25478,C04_25478,3a6a1eb3517d184bb61ee6833701ffd752d10691597a6b6f8322b4e07b7d2116
VLM_R00078,False,75b088f945344f24885416f2ceadfbb4,RUN-CONTROL-4,CONTROL,9865,C04,25478,C04_25478,4410c217158a4b1a3e31464c059d624f031c5dd26a0a41270f479a0219fefea2
VLM_R00313,False,d30fd96229b54824bea8251bf742bfaf,REP-AES-S42160,AESTHETIC,42160,C04,25478,C04_25478,abe802261b804e4b32b28ae04f1ec9799c229f4cac08bec074ee677dfbdaa477
VLM_R00028,False,9ac0c5ff448a414b9ec5999f0af222f8,REP-AES-S9865,AESTHETIC,9865,C04,25478,C04_25478,348ee735f89d47321dbb3c79ec149b14a4d3b1942788e1ef3fbc841252536469
VLM_R00237,False,dbf5331982214ce9a70e1c9287ff160c,RUN-AESTHETIC-4,AESTHETIC,1254,B01,7,B01_7,d78843900fa277803f1063c74052a61b8a178721c7c2213100fe3d4850a3695f
VLM_R00264,False,9de046e7e396413a997839a3a90b8abc,REP-AES-S9865,AESTHETIC,9865,B01,7,B01_7,f6f4b4ad0d8489f6256b79cde5eba49fbdd65c57b43d2a1ea3bf0dba2e910018
VLM_R00199,False,114591dd9fda4f72a18a398a15354a20,REP-CTL-S1254,CONTROL,1254,B01,7,B01_7,bbcc9adbd386ccc8061eacc656f0b70a83df56052b04410a30719f985ed47078
VLM_R00229,False,9ad1c29b740041b5bafc5b247c5ca02c,REP-AES-S42160,AESTHETIC,42160,B01,7,B01_7,f3be3fda4f7e77818f374c11486889b387f4fab72c6688c0ed996b33539fd67a
VLM_R00188,False,00e8594776da482386141d32808c3b14,RUN-CONTROL-4,CONTROL,9865,B01,7,B01_7,b1574f49ed0c6d3cf2afcfb56b6a50b4c82ebc3b51845cde9dd3e4f59f55f3c7
VLM_R00225,False,bfe3fab06ddf4e868493cae226e0b63a,REP-CTL-S42160,CONTROL,42160,B01,7,B01_7,9033d60382471b1b5118ac096929426bded85b49e92ad04a18ae0eee983882ad
VLM_R00103,False,295230fa80ee4463b12891e64313c62f,REP-CTL-S42160,CONTROL,42160,C02,25478,C02_25478,02afde7d2c81e22506f8ba3f94cbefaf75d159d26630308c0b7d875defd140ac
VLM_R00011,False,ebb13ac17cc14942919773bf32588c66,RUN-CONTROL-4,CONTROL,9865,C02,25478,C02_25478,b56bba242d5ee0bc208a33ea73f92b888eb2369e5d2f384eb94b4947729d4e6a
VLM_R00106,False,e1eee8412648462d95f5c22fc65ce639,REP-CTL-S1254,CONTROL,1254,C02,25478,C02_25478,ebd0214af9d0865d9cb6903b60f567dd48e7ff65e63f44b104c7996381dc63b8
VLM_R00295,False,ed94a3c96aed4ef2acf782cf4fe40f20,REP-AES-S9865,AESTHETIC,9865,C02,25478,C02_25478,4a8036ddcb31a857584d7b1950ad4a67beac38e1f7ebdc8cad2ab4eb37ea7054
VLM_R00058,False,b92fb5a81f964b8eb04d36a19475a0ae,RUN-AESTHETIC-4,AESTHETIC,1254,C02,25478,C02_25478,0c84249600849bb17abb4ebf011a1ce3f6712408c651da5ce8b165bda5fad74b
VLM_R00167,False,44e5f31bbaa744239bf0d612269939c8,REP-AES-S42160,AESTHETIC,42160,C02,25478,C02_25478,70f1afe3efc55502181854f570d54b596c7bc53cbe4dda0d5bffe0f92e3dc6d9
VLM_R00252,False,416330ffb79d4569b3fd871038017e18,RUN-CONTROL-4,CONTROL,9865,A26,7,A26_7,6f33620a635d8a963ab53fb30a38614b9515bc52114e2ae8e4433b44cfee5053
VLM_R00010,False,1a49fc32c3cd464faac9194dfcf8ee39,REP-AES-S9865,AESTHETIC,9865,A26,7,A26_7,0dc7461ea0981240c15e689c20b7ac340e598bca51212d96632b4e9e8e5c3e13
VLM_R00005,False,434122877dc84c6285c65e52c52b0ad2,REP-AES-S42160,AESTHETIC,42160,A26,7,A26_7,88f6ddf05cacef518c18e171445fea512798280e220cd97b93cd66b2b7b25a1c
VLM_R00180,False,61bb78a0e4204c0ab83ad46737c0c260,REP-CTL-S42160,CONTROL,42160,A26,7,A26_7,13ef1c1ace90e7ffea6b58acb26567e8fc7f2b775e60869fe81a18d1c8e83ba7
VLM_R00143,False,d4e4989b82144e27bd7164966d4e2936,REP-CTL-S1254,CONTROL,1254,A26,7,A26_7,6ab8485a68caa3c1eb702be0d4b3b21114065d5ef38e1a99fe37d31d2a5c8948
VLM_R00140,False,e711a091669c4dd18f7c0a8c20b1e9f3,RUN-AESTHETIC-4,AESTHETIC,1254,A26,7,A26_7,3d20e4f6484e0887f6a073efb7a51842486da42fe625b81210287f33253c45c8
VLM_R00124,False,54efcb2c8d384f3ba62131381a013ae7,REP-AES-S42160,AESTHETIC,42160,C05,7,C05_7,7aa8577984f015203511e289e046e52a1e7c947d0ecbb55896220c882403d4b5
VLM_R00256,False,77d550604a794c939b893323a6de03c5,RUN-AESTHETIC-4,AESTHETIC,1254,C05,7,C05_7,ce688cdd1393fd617b168a31d45293046e7aa17111ea32c52b2725052630ef30
VLM_R00030,False,797482d852fd4a71a3404d54a3884937,RUN-CONTROL-4,CONTROL,9865,C05,7,C05_7,1960ddcdd86130ae9d22d7fc004b0aad82c78d03fd79b8201df47587583f2db6
VLM_R00272,False,173f9c0cbdfa42129635e663b737a2ba,REP-AES-S9865,AESTHETIC,9865,C05,7,C05_7,9b30e38e640e9c473bd3d07949fa9199609e8d1846ee041474aa51591b31301b
VLM_R00278,False,77c55a49ee4e439fb299a430ffc2cac7,REP-CTL-S42160,CONTROL,42160,C05,7,C05_7,4092c8fd03812fb3c53c3f928be2fb5e5d66376e98c3854562bc07d6b1f17dbf
VLM_R00160,False,61c0a64afdb94455be4f8fb898766719,REP-CTL-S1254,CONTROL,1254,C05,7,C05_7,b77e0cea40e969a1aa0d70dfbdc7d01c13509758ac3edbee94d4dfcd2fc865b8
VLM_R00075,False,303197aa65be48daadd89172edf46e74,REP-AES-S9865,AESTHETIC,9865,B01,85,B01_85,59a6d207cb3eebc5713ae90f3cfecdc7088995b616eec188cbf17b3c6d93e2a5
VLM_R00054,False,7744e082f643472499209a5efaac3abe,RUN-CONTROL-4,CONTROL,9865,B01,85,B01_85,27dd3c2bc9e2b7be277bd236be24d2b777a38508c8371bf5b44b7f89c8f806a4
VLM_R00099,False,5e114a7c1ff34f5d8d7eb106d04fcd57,REP-CTL-S42160,CONTROL,42160,B01,85,B01_85,8056b318e979d433e64c96265721ebac4247454d6988452d7fdcd8c54aba6b31
VLM_R00023,False,01f106cf016a4ecbb054b35d439bd6bf,RUN-AESTHETIC-4,AESTHETIC,1254,B01,85,B01_85,ab054775d69a32dc6e6ab59027636f20a5b1f3f1bab274e15a3d1020b45a7384
VLM_R00015,False,8bda43af1d364dcabd0f18bd8fdf1ff8,REP-AES-S42160,AESTHETIC,42160,B01,85,B01_85,44496bc8e61ec94ac51d178cb6e8f4244d84c114c87c39d845edf54b19addc6a
VLM_R00186,False,ef869ca7e3f746ce815f550255948724,REP-CTL-S1254,CONTROL,1254,B01,85,B01_85,65cd1f8f67fdfe27431b71d6e46a437493f992b9983808e99e234a63115caca0
VLM_R00134,False,c906df580d014049b15e3c7e8ef40d82,RUN-CONTROL-4,CONTROL,9865,A11,6127,A11_6127,b0eb44103afb4deff1c5951168d0f53da64f32faabc51077db7442da2a0befb1
VLM_R00046,False,29d04e9392074877b1ccb84f97909dba,REP-CTL-S42160,CONTROL,42160,A11,6127,A11_6127,4ca3d05344c772bf7aeae6baab8693f01240dffa778b49d0ec904ce36a02e4b8
VLM_R00228,False,659d8c6787ae4a8ab52a8404cef1b30b,REP-CTL-S1254,CONTROL,1254,A11,6127,A11_6127,65b6a6f69c3836613bd4b718336d0442c03d194800ccc0fc99732fb11ef8d8f2
VLM_R00176,False,0ca63a38f7d34be7941275fba35b6456,RUN-AESTHETIC-4,AESTHETIC,1254,A11,6127,A11_6127,7c7c406c693a3c3c8dc44a9ff84d49f9ca4f4bdd2a7cd05c5ec42a99900b20d4
VLM_R00291,False,29b266f9f79a482b96b633754458f129,REP-AES-S9865,AESTHETIC,9865,A11,6127,A11_6127,94d84688fdd73b19f01c9241d69c1f0a6f71b729ffb6a576f27e4d5932a3ae68
VLM_R00244,False,bc87690f06fc4a3d81800ffbf8da50e1,REP-AES-S42160,AESTHETIC,42160,A11,6127,A11_6127,be280a6513d47f8011bb34a0f8e95677a129b60ba228aa5397aab29a2a38d13c
VLM_R00262,False,f71320c8b31548098bf44bf42429b525,REP-AES-S42160,AESTHETIC,42160,B26,6127,B26_6127,f2ec7333e5ccbba119e210c3ab1f224b92d2f90cfc7ac5c722b9fc7fe3f5db4e
VLM_R00050,False,d810b50a6d05427eaa6e7894f569cb16,RUN-CONTROL-4,CONTROL,9865,B26,6127,B26_6127,02b3bc0f6514d1e6b024dd967cca495c6e81e08e3a47dd4d0967d2409600af82
VLM_R00266,False,f7f1a70b0c364d89a0fd2aa9a4695d6c,REP-AES-S9865,AESTHETIC,9865,B26,6127,B26_6127,e5f21b7c08db52e1415e653a21aaa4d0fda23fbbe411f841599180349d4fd5e7
VLM_R00111,False,a4b3a7d1c87944c9933403b483fd8354,REP-CTL-S1254,CONTROL,1254,B26,6127,B26_6127,78de74e8606560177100c8b2664d795dd71ae405518465048e49e91dee83657c
VLM_R00016,False,ad433a58ced448598b507a41cbc1fee3,REP-CTL-S42160,CONTROL,42160,B26,6127,B26_6127,56ec75fd27f06855d7d49fd27716c2af7b7ea56e9e6e6fb10c4800a6d0698839
VLM_R00200,False,f029cb89fc524e11ab453e3059ef3084,RUN-AESTHETIC-4,AESTHETIC,1254,B26,6127,B26_6127,e933a868de998a1cec0357baea5228eb1a8a144dff1a76350caf412daa636d22
VLM_R00159,False,3e0a0956db5c442193087613edad8684,REP-AES-S42160,AESTHETIC,42160,C01,6127,C01_6127,bef24a46b8c46699da3a5fbf86b1f2040a210a1a65d70f0b4f454396e22cbc62
VLM_R00132,False,d77901a533074bf390b5fcb970c5d299,REP-AES-S9865,AESTHETIC,9865,C01,6127,C01_6127,0393a9e42feac407dc772fcd96698756da49dfa65de02ed34f10cf9a6ccee39c
VLM_R00013,False,6c3a4f825e0440feb6328278286ccf63,REP-CTL-S42160,CONTROL,42160,C01,6127,C01_6127,e7818a92a48383b374e360ce2e54ab70ddf05b9157708dcf7aea5bafbf9a1bdd
VLM_R00227,False,561acdc1d28a464aa5c9830d1e4d582d,REP-CTL-S1254,CONTROL,1254,C01,6127,C01_6127,2aa290d346bd38b3e9e234c1640fe4a740b09c5077d16bced262c4f49f266545
VLM_R00091,False,36d315093c1044ffbea22dcac0c78305,RUN-CONTROL-4,CONTROL,9865,C01,6127,C01_6127,36486cc81f0bd98332c1400732ffc16715c2385f838d3d4e00242f5e32f69354
VLM_R00113,False,6219db41d96e44eb8c4e9477e9979080,RUN-AESTHETIC-4,AESTHETIC,1254,C01,6127,C01_6127,7427df39d74c016c40f2daba25760adb5273f3ca1d2541d2e60ad6e39376bbab
VLM_R00268,False,53be9e5d3b4b4745953b9fb641c4fa42,REP-AES-S9865,AESTHETIC,9865,A15,7,A15_7,d19bedd94ce3ea0e2d48efa0a402c195c7d33ef0c68e30e0bdf1c80528cd2669
VLM_R00042,False,9b6957db27514e5f8f6c079c24d9c61e,RUN-AESTHETIC-4,AESTHETIC,1254,A15,7,A15_7,9f41e37468d995cbf66efe583934026cb9faa18b5a61b68c7088ebd23b1347ad
VLM_R00202,False,6f091b88964c4fe6946bc65eecd5ec3a,RUN-CONTROL-4,CONTROL,9865,A15,7,A15_7,fd3e0937b4c3d6a6be532cc61ff9207406fdead70ba2eea3faf65d84324ac2ed
VLM_R00226,False,0bce4f2c42544b77a5afd19f322e49a3,REP-CTL-S42160,CONTROL,42160,A15,7,A15_7,318048e9253eadef69f99b5e54bed4dfa9569f306ef460292f70aaabd1874f27
VLM_R00312,False,bf04673a36e943f4b4fd674deadfd882,REP-CTL-S1254,CONTROL,1254,A15,7,A15_7,ddbbae85efae64cd2b075fc2f033a42159014b2e3c873c2c311b7e1327a6cb47
VLM_R00004,False,c1cb03bb5b44437282450d60012a418a,REP-AES-S42160,AESTHETIC,42160,A15,7,A15_7,4895d8a9513586a235e7a6225cec3af7f6686c590d701191a9492d3710b75e0c
VLM_R00068,False,707ae748128a4f0ca26f35c337880322,RUN-CONTROL-4,CONTROL,9865,A22,85,A22_85,501469ed224f705dfbd3f7e502e020aa7ffea0397e1747a85e1d1d6f432b70a6
VLM_R00273,False,1cb34a4ebf894c03ac3ad842d71a9898,REP-AES-S42160,AESTHETIC,42160,A22,85,A22_85,9f225916ab3dcc5355395f0a85817d081abe1424551ceae91eb7c54d9afc55d1
VLM_R00185,False,8c7aa46ecb5347d1a4229c0e2be7396a,REP-CTL-S1254,CONTROL,1254,A22,85,A22_85,c4ddb3cf94303eb038a54cd9bbd1bf627f2c7193322e5dbb21f04ab2e18cf60e
VLM_R00325,False,9aff3816b0a9434f8f2511d5fb03450c,REP-AES-S9865,AESTHETIC,9865,A22,85,A22_85,5d6f546a33d69029cbdfe0ca8459d32a06f36571ff3fb4b88e3c149f4cfbe786
VLM_R00012,False,e9b532f14e9644e1b495481eb467a4aa,RUN-AESTHETIC-4,AESTHETIC,1254,A22,85,A22_85,13eb547e77c5cf0a6ac41301608b89fc3b041914743c26dec6ddcbdfa6f7beb6
VLM_R00310,False,d6778d572cc043d0a8ab5c4fbb27cdbf,REP-CTL-S42160,CONTROL,42160,A22,85,A22_85,4dc48262a559d7513ba131ed581a1a594a0cf025fde91a438954a10d34d71b4d
VLM_R00069,False,dff9eb80aa9e40d9b3e38b1325306291,REP-CTL-S42160,CONTROL,42160,B06,85,B06_85,2d4dcfa91fe2a8d1697307a25c9d4e9b2a66aeb25d7a6f6f044c308ea6cccf01
VLM_R00239,False,d0aea021c3ec421d9f75ea3c97ef53b8,RUN-CONTROL-4,CONTROL,9865,B06,85,B06_85,c778b30f7698cc80a199b0030de953a91b3a649ad9fd098a330ae2b88f215aa1
VLM_R00100,False,2fb9b21ed92545748c5f39fa549e1df6,REP-CTL-S1254,CONTROL,1254,B06,85,B06_85,49f77e3a84cea3b5a182e8137e4274e8e63ba69fa618874aeaaf1f0a2cc61b28
VLM_R00108,False,172e304059004a00b7ee22c80473135f,REP-AES-S9865,AESTHETIC,9865,B06,85,B06_85,1f5db0401f585de3f6658dc44a9116abf61a58174d1de7254cf3a3e1c851771d
VLM_R00006,False,93dec85a998c4b53851cf4b11075aab0,RUN-AESTHETIC-4,AESTHETIC,1254,B06,85,B06_85,415c586c3be01d5337d518afea083d43192d949e8664790b3858b46b88e0526e
VLM_R00345,False,5bbf11a02a2644b4a2dc4c820a7a1588,REP-AES-S42160,AESTHETIC,42160,B06,85,B06_85,b68493c5b41e0ab11da12bcae4b2440939b8d10a6b4bdccb88386df23780ae9d
VLM_R00193,False,2a579a020b4e4bcf9c162a0473d9bc72,RUN-CONTROL-4,CONTROL,9865,A08,25478,A08_25478,be5aed9e97f994498a81e48d453819bc7755b65283c5a0e4772235cfbf66a82f
VLM_R00007,False,33a44c1e2718430280c839001e449a80,REP-AES-S42160,AESTHETIC,42160,A08,25478,A08_25478,95d76ebca0e6e0f668f5aeb92c785102f414526ec2460e443a3fb0dcce595f24
VLM_R00056,False,f1adea92117a47d1bfc74c0e3d54c028,REP-CTL-S1254,CONTROL,1254,A08,25478,A08_25478,108f516f798cad02f83714f968837f8c568dff54008c18171526f768807b61b2
VLM_R00231,False,0b0cfd6c9b174b198a7d950e6fbc1f65,REP-AES-S9865,AESTHETIC,9865,A08,25478,A08_25478,f67fef731374b907df0301c568dd72dc919550cf30525cec6e2d9d73f26f6f1a
VLM_R00144,False,7f79439087064de0b0261fcbb8c5fc34,REP-CTL-S42160,CONTROL,42160,A08,25478,A08_25478,0601b55ba21d9b8b31ac0e0346b6ea61f33cbc6dca584c2fe9ebbee423cb46e6
VLM_R00080,False,3ff0f15f35364a94b1b6aa27ac1b0420,RUN-AESTHETIC-4,AESTHETIC,1254,A08,25478,A08_25478,8093d2fc8afce62fe62dc599f2378fd88091221118c691b2f2f0ea328ef1982a
VLM_R00072,False,6b7f2529d02f48d694addf1f29faa935,REP-AES-S42160,AESTHETIC,42160,B29,7,B29_7,fd17907c7491a760204620efb910554ff7152ab4c21871bebb38b796ecf85cb8
VLM_R00270,False,c9aaf17ec0b944ed893b327ee2085c88,REP-AES-S9865,AESTHETIC,9865,B29,7,B29_7,23396dd2fc9616fd381532f98e79da7ae28a5d4ce63e106c2f241d17937d4609
VLM_R00088,False,7f2449d6576a48a6b5b151ee040ad81c,RUN-AESTHETIC-4,AESTHETIC,1254,B29,7,B29_7,a69dffca9111ab029ee625f9a9ca10cb56ef497d3965b7bf2734a4b25560129f
VLM_R00107,False,d0fd43d44b504508bdefdc51d70aa76d,REP-CTL-S42160,CONTROL,42160,B29,7,B29_7,4e3f9fe352e1ff0334c64ecd5380cf4662d72cc8ad8ad7c95f80b3c9bf1713d1
VLM_R00141,False,1b4cf68502d3497cba5cf8d87c249fe1,RUN-CONTROL-4,CONTROL,9865,B29,7,B29_7,18a06c1fc857547a1c340c395accadc35a5d6b56a019328a6347a13af0be50bb
VLM_R00138,False,b9d553a140a94f1cb874489604c4e6e5,REP-CTL-S1254,CONTROL,1254,B29,7,B29_7,45f27ba1a6ebf2f73a6ac9b49221bec3621cd0b96f302f8c4233f7e36019f646
VLM_R00243,False,85d650cc71bd4f3da6bf8d8b61cd9afb,REP-AES-S42160,AESTHETIC,42160,B20,25478,B20_25478,df67c258880117f4b9011a22dc09034874101cb3ae33ac1e1578fdd91578249e
VLM_R00009,False,9e8c1ef4c7744726ae837642c0e281f7,RUN-AESTHETIC-4,AESTHETIC,1254,B20,25478,B20_25478,fa014633e4d7a2fd65fcf4dec2a20923b91fa805f6db03c52d1abb64b04d8221
VLM_R00145,False,8f99f20bd3624fe0b210ae9a22a1c530,REP-CTL-S1254,CONTROL,1254,B20,25478,B20_25478,b7403e615879711946486c287db8d4055eeccb6adeb3da4eac5af3416734626f
VLM_R00335,False,1e9fc6a0a7bc4073b4c09099053bccd0,REP-CTL-S42160,CONTROL,42160,B20,25478,B20_25478,e46055201e2895ad744a926f601a27eebf1abf3eaefae19deaed50a0b4095cce
VLM_R00055,False,8c05a3052bbc4cf2ac9afa6203730d09,REP-AES-S9865,AESTHETIC,9865,B20,25478,B20_25478,0fab60e575eaca41c988ad183c8fa2711950814f7555664d62611a26e3d520f4
VLM_R00179,False,66b20c8994c3423f85601552732ff3af,RUN-CONTROL-4,CONTROL,9865,B20,25478,B20_25478,763097a75e3dedf17b3c77edbf45640962c1604212515af0f601a6d11c8ee946
VLM_R00105,False,84b41a4c0a814697962ffda3960017f7,RUN-AESTHETIC-4,AESTHETIC,1254,A22,25478,A22_25478,ead113508ff3fded7b309888bb41c4a9c0ecde20316abce76e21a47f10dee8a1
VLM_R00092,False,247ebcf4eae1450a977363d14ee16f51,REP-AES-S42160,AESTHETIC,42160,A22,25478,A22_25478,b90c6ac29b80911799c75d7f04d64e96e2fd6476aa6c2c492e35740fad2ca2c9
VLM_R00045,False,b802b7890ea0437b9d634fc0222dd3ad,REP-CTL-S42160,CONTROL,42160,A22,25478,A22_25478,5ce29def01988a0df0fcaaaa617ba27c87d29001373272838d4bfb4a780b1750
VLM_R00126,False,f8551b632972479fa6627fb084a7fa80,REP-CTL-S1254,CONTROL,1254,A22,25478,A22_25478,6e5c715f69eef7d7918445647d919e7647bad9cf6486cc9e0e9aa216066f0956
VLM_R00297,False,04c5edbc29b04214a42dd8bc6d8937e3,RUN-CONTROL-4,CONTROL,9865,A22,25478,A22_25478,59191f4267691f82b9263471b1742a07220dad1bfeb4fee80397e805730fbb36
VLM_R00285,False,24aa1dab526549e59d4cb89aebd8c92b,REP-AES-S9865,AESTHETIC,9865,A22,25478,A22_25478,4a0bc9a50942992a928406d88117ccc9cde14014b215692dc6ae29d800eda518
VLM_R00318,False,d83d8057ed7a4a099dfee97e46c34bf6,RUN-AESTHETIC-4,AESTHETIC,1254,C12,7,C12_7,354454793c8d7e3a930ad8e9c9c00db17ab939186a9bbb5e3675bc68293f2b1b
VLM_R00223,False,979da04dc65d4194bb4449f16e0fb2b1,RUN-CONTROL-4,CONTROL,9865,C12,7,C12_7,a9ef3cf66b80b2db5467fbd3fd662018a4cf8fb0634f553b5025f2b0f52af45d
VLM_R00281,False,c3e09986c4f041aa9470979e7f66dffb,REP-CTL-S1254,CONTROL,1254,C12,7,C12_7,fa671edbe6c0e20ccea5c74a7e16080d4a270b7ddf03dbc7ff77f396b0eec004
VLM_R00087,False,8eb1d4ba0ba64ecfb46844e3a62f67f4,REP-AES-S9865,AESTHETIC,9865,C12,7,C12_7,74033f2dfc4c03890c3994a9887a414b7d7162bbbcd9a65f9dc2f5a3ba7bca83
VLM_R00181,False,b905ab45eaba43979772f1843ba92dcf,REP-CTL-S42160,CONTROL,42160,C12,7,C12_7,e1472433c6993907af2a62d0015bfd9697e217b5ee551a6fa146ae519ddd3e27
VLM_R00204,False,7bcf98fc1813424194f6aba7f9364e33,REP-AES-S42160,AESTHETIC,42160,C12,7,C12_7,750d4e6714921a27048a07f15ed224d41c8e95f1c5e192464aca3777fe3c7166
VLM_R00022,False,d3d2fc4a6fb547e0a6eea87c4267dac2,REP-CTL-S1254,CONTROL,1254,C19,6127,C19_6127,519125abe2d351730e87a7ff4854304674a5a9c5b8d82e80b518cc3c575b6b73
VLM_R00146,False,bd4699bf36c84f259ba973d06ec63618,RUN-CONTROL-4,CONTROL,9865,C19,6127,C19_6127,2ec0cd1e4bf899dc4e520dd36b20e2f1bcc7a67ad8f8a45cade504b91af00297
VLM_R00301,False,0908769d3b014cf3964e59817f6e9a15,REP-AES-S42160,AESTHETIC,42160,C19,6127,C19_6127,d14020ec9cd465182fb74109de75468881a6bb1dc918ade58f6476912fa6defa
VLM_R00121,False,834f7e866ba54775be36d8e41b8708bb,REP-AES-S9865,AESTHETIC,9865,C19,6127,C19_6127,04d9ea9cfc725cd0e937a386fb28b26e1fbf8ac073369065e0c369d62edee33d
VLM_R00047,False,03f9284faa9b4e8c8de985c2258288a4,RUN-AESTHETIC-4,AESTHETIC,1254,C19,6127,C19_6127,334efacc27af42e598282e04443accef664e67a1f068745ab724efd1334b52a3
VLM_R00025,False,43c5bf6d88764c8b93df44a2fae3e08f,REP-CTL-S42160,CONTROL,42160,C19,6127,C19_6127,7ba84fbcf50fc90e72b30b0365d1c9e65739d13e87b43038d5116833856ec4a1
VLM_R00194,False,f7faf99deeb7414ba5c4a2c482879c9d,REP-CTL-S1254,CONTROL,1254,C06,85,C06_85,21d14abcdbde79ce4655b0f8e9514c867bf9248aa8dae5d1900275b2839f0b08
VLM_R00213,False,5de8f0be5f3843388c68302103c45e6d,RUN-CONTROL-4,CONTROL,9865,C06,85,C06_85,b063bbeaa2a08b97d3e6ab284ac60308e90304a4bef960414b4025cdc71418e4
VLM_R00339,False,2d92028ad8b64c0aa8a5621fd4caa844,REP-AES-S9865,AESTHETIC,9865,C06,85,C06_85,2b8c6d659bfc58b1723587de4f4b1de2dfbcd5e8d7cab673f12967939dc5fb90
VLM_R00216,False,ff394c07e292481791e5c673ae596aaf,REP-CTL-S42160,CONTROL,42160,C06,85,C06_85,9680ab04fb247b3388dc8a22264fe5338fd95674fbea4111c23996b6f904f89b
VLM_R00123,False,cf090bb3e683499785e9202835c65bd6,RUN-AESTHETIC-4,AESTHETIC,1254,C06,85,C06_85,47de83b316ce7a40e5388594eff29950bf98e81ffec2da3dec643ae8dd6aa9d6
VLM_R00136,False,1b06d03ca29b49a8b3444e20e6a3625e,REP-AES-S42160,AESTHETIC,42160,C06,85,C06_85,2008b94a8eb990625bc100b15b9ac56baf835409a98b16fd3d4ae33a4220256f
VLM_R00089,False,2bfa4c524a6e490daedab0a1b95913b2,RUN-AESTHETIC-4,AESTHETIC,1254,B15,85,B15_85,4eb657b1f38105a7bd5c656ce7029f9e3041f50e9f64c60e2cb1479c52de8fd4
VLM_R00131,False,483974b346b54ab9b90348e946cd1789,RUN-CONTROL-4,CONTROL,9865,B15,85,B15_85,26b3800e9e45641343fdcaac7174fab52c6daa2ecd6c836a523b24c0b6e87c05
VLM_R00327,False,1bec07a6071f452d97beaeb28251e7cb,REP-CTL-S1254,CONTROL,1254,B15,85,B15_85,ee0b623ac58e2b4da255e9b939728e5360030a5733269060cbe9397898385ddc
VLM_R00303,False,9ca09eb29a9c43eca3196516f2e2d050,REP-AES-S42160,AESTHETIC,42160,B15,85,B15_85,c873701dfd0a88018184d4b5695a4b1a7c2caee7e5710dda298d39f85f309bc0
VLM_R00064,False,2436e1e80a804f3bb29d0c00e4693803,REP-CTL-S42160,CONTROL,42160,B15,85,B15_85,b4a913133e086bf9562ed9a20fc87866223b72eb223e2ebd0b5fd00daf2323d5
VLM_R00163,False,2100b65c01fd408c9610db0061564172,REP-AES-S9865,AESTHETIC,9865,B15,85,B15_85,ad53f6cbdebfbb0dae5ee3c6088eb1bcc193a6f884114958a61d26f83173f11e
VLM_R00170,False,c3ce97d8c1bd4209a6c80a8abaa87f8c,RUN-CONTROL-4,CONTROL,9865,B02,6127,B02_6127,f79e3bc87569c84b2270ec3215505999ea96231991971f1c09ec5c0b19f99e94
VLM_R00077,False,5a33af0f1ecc4e11bb24880e2e825845,REP-AES-S42160,AESTHETIC,42160,B02,6127,B02_6127,29479ecf9c56e2d834b22d6091768761daab59cfe7a8038a0e09bb05a2b74b5f
VLM_R00070,False,931f346f84744c4c915e837fbe3ccb03,REP-CTL-S1254,CONTROL,1254,B02,6127,B02_6127,ece20de89092d2dfc26c4edbbac2608eb89db1178c1b008bd1d6aa54575ff36d
VLM_R00084,False,a39a5045d8d54c6da33271b62eb1e72d,RUN-AESTHETIC-4,AESTHETIC,1254,B02,6127,B02_6127,d9416b8fb478ee0b053a78b31ad0e9ce872444a2610c2be622495da36283f4fd
VLM_R00205,False,d236db979c144f938f252aaf0b608795,REP-AES-S9865,AESTHETIC,9865,B02,6127,B02_6127,1bff1a33acd4d72f2404986f03a0dcd9078cd233373656ad375d62add07430ed
VLM_R00269,False,e98051c44b094383b494c3eb58dbff86,REP-CTL-S42160,CONTROL,42160,B02,6127,B02_6127,fb17296a803739391167b3b61b6da2d302234cbb5ae4f7f56ba0ac8203d0bfbc
VLM_R00008,False,941419dd14e64b65828831b99af3eedd,REP-AES-S9865,AESTHETIC,9865,C02,85,C02_85,a8ed24c54c3ad831d350d5cd398f1af6b616717b16fa2e1eae641f62fb659b33
VLM_R00082,False,0b120f4ed51c4b639a376bc852d000e1,REP-CTL-S1254,CONTROL,1254,C02,85,C02_85,43d940b632738041fd6831edd4c27db3120ce1f8202742fa2ff0bad7b2c7b83d
VLM_R00323,False,67e0dffed7a64c8fb5b71d96e3965d21,RUN-AESTHETIC-4,AESTHETIC,1254,C02,85,C02_85,f09e952f2545d6348b031c0803bd4524b7177508ce34a5d743b75fa979541d89
VLM_R00311,False,2bd702ce1f544c3e962d7da1dce357b4,RUN-CONTROL-4,CONTROL,9865,C02,85,C02_85,bf197a33fb1daa1b43b1d7a92a52de3dea81c648f7072c7666f665cec98a7241
VLM_R00021,False,7a3dbd85761946549bb551f0605c7cf8,REP-CTL-S42160,CONTROL,42160,C02,85,C02_85,81982600746948fb6a0f4f896600e3d30627a0f0d2c5917223177b4f5a5f838e
VLM_R00156,False,6b6ae7381002447689ac93c9b8d2744e,REP-AES-S42160,AESTHETIC,42160,C02,85,C02_85,a99e38f1b41a9bab7c81cc5e3d07c1fd8db960fe6273570a54a7b25c4350b6b0
VLM_R00322,False,375cf65a5e564660a3c6ca05a607c785,REP-AES-S9865,AESTHETIC,9865,B02,7,B02_7,b0b6f0448932ba7c26743b593703ed0636490af3a9debdd7bf7aa22308feb026
VLM_R00195,False,b4739caf267244218dab33c62b89ac1e,REP-CTL-S1254,CONTROL,1254,B02,7,B02_7,5bbe8de3603cc46abf788d717189d6e66dd69f618bb920daeb28d84b6c72f35b
VLM_R00041,False,5700dccad2da4140894a81136807aee8,RUN-AESTHETIC-4,AESTHETIC,1254,B02,7,B02_7,61b3ef37427d68ba8d7f1ff2e72d33da4c06f60f318c9dd00b76848005fa6e6f
VLM_R00073,False,7d4b1b4c95b1420fa90edf275acd9770,REP-AES-S42160,AESTHETIC,42160,B02,7,B02_7,42daeecd0c0fe8308344e94481a91dd49815c8f8288a449f6727f695d62b0c5c
VLM_R00196,False,ccf75ab785e144a9bb16e3124d9572af,REP-CTL-S42160,CONTROL,42160,B02,7,B02_7,ebacd912176decca578d7118c50ef0bdd5b62c7f2b3851874303e1a6fe3bf96b
VLM_R00294,False,259f85167d9640d280d86c5e97d9d36c,RUN-CONTROL-4,CONTROL,9865,B02,7,B02_7,cc361c345a3a28d5ad4b5cb4dd23cb5cf957162d3c55a1e7a83f86b31db1773a
VLM_R00173,False,4f7eaf419bf048319dd963548e718273,REP-CTL-S42160,CONTROL,42160,A01,85,A01_85,782da84359a0dd54b5f3680917258e7d71eb13c780fca1215b25cb698d87698e
VLM_R00043,False,14327aa65da345d0ace9912d31f04b07,REP-CTL-S1254,CONTROL,1254,A01,85,A01_85,ff058bd9ab1dba9e3effa254cbecc56fc74c59fc481750f0e89a3620e09900f8
VLM_R00288,False,cb9b0cdbfb0e47aba142658a2b736310,RUN-AESTHETIC-4,AESTHETIC,1254,A01,85,A01_85,e9c169feb76adda6600f2bddf09a022e8cc603e4ce18b673048c7486d6b3f800
VLM_R00063,False,abd3d7a5f1cb4c1bbb87e04b05b98c9c,REP-AES-S42160,AESTHETIC,42160,A01,85,A01_85,d1d6850cb847f297ae3e0bdab0b3d59c1e69d877207dc4689fe2f35567320f06
VLM_R00172,False,453b1b6b6a0b4bd4b33f542a5c981b46,REP-AES-S9865,AESTHETIC,9865,A01,85,A01_85,1c3c06084078311614b2f00239c69e49665a0d33ddeb16e56c1674b7486e4783
VLM_R00060,False,083d20b35e7548e49878a1ab201ffb43,RUN-CONTROL-4,CONTROL,9865,A01,85,A01_85,33f7c286694d11fd0b85f5412960cbf534d6f2a3be8b3c439b278a8f140ee2ea
VLM_R00065,False,e5797b899658411caf0003237d5d2322,RUN-CONTROL-4,CONTROL,9865,C18,85,C18_85,b37d358fd0a6a9706c822af754bdc75bbd4c868606b710423c126330fbe55987
VLM_R00292,False,7f05386b9c554858bd81af4edefbd2bb,REP-AES-S9865,AESTHETIC,9865,C18,85,C18_85,6fb5096e5f764dc5a50d35f7422920a7cc7356748b793060b9c5cd38eb86991e
VLM_R00102,False,052dfc7cbec14241a2d83bcb8695ce9e,REP-CTL-S42160,CONTROL,42160,C18,85,C18_85,6a38348ef95e6c36e83682d9f611c76ae322f09bcdb50fc37f92ca77b9724b63
VLM_R00066,False,5d418fbea0cc423ea5d3815f3867658a,REP-CTL-S1254,CONTROL,1254,C18,85,C18_85,2d09c5086a41412c4705adb8b815af0172aaf297af4acdd1dc87ad7d60fa98b0
VLM_R00222,False,68e49287c31b402aa139fbf3a40b15ee,REP-AES-S42160,AESTHETIC,42160,C18,85,C18_85,7ea1d2df19952a0041fef2f89899384d566f61aa6785acda2125432c8df70c7b
VLM_R00293,False,ac6bb8d3e29d47f09532c05ce5f9a36a,RUN-AESTHETIC-4,AESTHETIC,1254,C18,85,C18_85,a251c7bba54e889095e8b5214099437dd24761884397d2c6a3cec0c7f6712676
VLM_R00127,False,041b906d8deb4889b0fa459f1c075185,REP-CTL-S1254,CONTROL,1254,A27,7,A27_7,40700ce5855923e20e7b2c6cfdfa5104b10978d20ec00b1a11f3999d92c02ebf
VLM_R00282,False,73f2f55082954be29c98161a7e758cde,REP-AES-S9865,AESTHETIC,9865,A27,7,A27_7,8d772dadd53136d9fdeedbfb1596225ef24f084983e63454a3cdedc331db2fc3
VLM_R00133,False,509255f81448427883ec941da938b625,RUN-AESTHETIC-4,AESTHETIC,1254,A27,7,A27_7,f14c12348d8a55f080f9a3fef26a0bfc6ecb1f211fd997d71c6cf6828e65a7bb
VLM_R00283,False,b138713f2a6c4d8db686a4da4d125326,REP-CTL-S42160,CONTROL,42160,A27,7,A27_7,e1e5ad25d43d77a8e4b019be02089ec02e216bf79983517d127fba0278587136
VLM_R00085,False,82579f94ae8c41858e296f0261f6a1d3,REP-AES-S42160,AESTHETIC,42160,A27,7,A27_7,0083f3d7b6347431abf999b9ce759493b039e9ed744352863752f8c749d4e26f
VLM_R00116,False,8e712cbec1d54064ad3992eda77693b7,RUN-CONTROL-4,CONTROL,9865,A27,7,A27_7,3f7eeb3cce8f72924713058b57428ef953c376eef5fe46b14b36ce79383ea39d
VLM_R00067,False,3d82e7094bec4ed3a979b84a9cd4983c,REP-CTL-S1254,CONTROL,1254,B20,6127,B20_6127,202028e6e9298157ac4ed51cbe5ea8ab0f767a91efbb5f6a6a15fecd8d823d2a
VLM_R00164,False,6c4f2c08870b401c97570aff9dc75915,RUN-AESTHETIC-4,AESTHETIC,1254,B20,6127,B20_6127,3b55f94fcba01fc8b2bd3a238be6d18f5df4aa8147fc7dc880cd23454f3af463
VLM_R00338,False,780605b222434e9f8e15348bf7e4c592,RUN-CONTROL-4,CONTROL,9865,B20,6127,B20_6127,bb167c692fb62569d8a6433618a844b9b214baf84adb8bc7f160eb0c10d3d9a2
VLM_R00034,False,2efb527a56a043ddb31a2d3f0553bf39,REP-AES-S9865,AESTHETIC,9865,B20,6127,B20_6127,de20f973473466ea40b7a7c5d4623a36022b797110e767dad7c3c635728fb42e
VLM_R00342,False,15404ba9615a43d181aed0ea8ce54d3f,REP-CTL-S42160,CONTROL,42160,B20,6127,B20_6127,295fae434787dd47b291894a865b6408bde06256809184645797608f2c7fa7d2
VLM_R00241,False,931098b018514153ba9091268eca5bb9,REP-AES-S42160,AESTHETIC,42160,B20,6127,B20_6127,cbc50948fd86069e05f8030cafc83628cca7e1e33aef0c9d96e3e754dd955dc8
VLM_R00040,False,6d1c5367137b4bc09b407a82d61b6b9c,RUN-CONTROL-4,CONTROL,9865,C10,6127,C10_6127,822dba2a1528f317e01b471e7b8e00a4264801cb068eb0fa87ae0a2c420f0394
VLM_R00330,False,5b80cd1d412e465fa00a7c8b6050f8a6,REP-AES-S42160,AESTHETIC,42160,C10,6127,C10_6127,2c1dd4178bd5b7dd284073c88634af47ecd1045451a173be11e762729765e101
VLM_R00242,False,42bf6437c0cb4e2887e468f544d93228,RUN-AESTHETIC-4,AESTHETIC,1254,C10,6127,C10_6127,5c1022994ee8b716db5ffff889e5e947d90995f28d0a5eeed9b314c71a77ffd2
VLM_R00029,False,7e7f20133b834edd87930004b4d4b81f,REP-CTL-S42160,CONTROL,42160,C10,6127,C10_6127,9b617f820ef2785b5bf5ee4f66c063a4eb051c26ee4c5de628c24a19268874b5
VLM_R00302,False,829ffe7645134db2851d1efed782b25f,REP-AES-S9865,AESTHETIC,9865,C10,6127,C10_6127,39abc1b1c26e74f852eb71dd60d2d9695219ab5575f7428cff1e6d0c974ebb0d
VLM_R00192,False,4c0a89e7fabf4e049c72a593ed6894d3,REP-CTL-S1254,CONTROL,1254,C10,6127,C10_6127,87a9db824ecaf3c460f5acf3172aea960da3f4773cf4d9c371f62a0e22a09d80
VLM_R00214,False,f448f0bee23c41998e858c4e482b6170,REP-CTL-S42160,CONTROL,42160,C18,25478,C18_25478,e81e3ac674e8a8f07f1eb281678426d66ed68c3c28fbce7c925767596914960c
VLM_R00240,False,304687dd7ca34821bdf2b7d7c26d074d,RUN-CONTROL-4,CONTROL,9865,C18,25478,C18_25478,d597b9b673b693f8a8460b2e242d0dda73a5b35e1ea6802104d1ea774cd63d62
VLM_R00215,False,38da9432008a42329dbe9ae6dee91b80,REP-AES-S42160,AESTHETIC,42160,C18,25478,C18_25478,9590ba93532900360ca1d055d47aa1bd6a01b46e61d06e9a51e7b8dfdb1592ed
VLM_R00280,False,e221a41116974483991dadf8e467188c,REP-CTL-S1254,CONTROL,1254,C18,25478,C18_25478,92e1e495564af595329860edde0d7aa678aa6aa182f9e4e089feabe694d3bfbc
VLM_R00219,False,e07577de3a06469cb108ed3d2b235f84,REP-AES-S9865,AESTHETIC,9865,C18,25478,C18_25478,34dad02d25f93d3016f7179997aa485e3ea8950c4348a83c40e399e0aec0fbaf
VLM_R00178,False,7a3c66f0ce2b4990a151fe8d29e7c9a1,RUN-AESTHETIC-4,AESTHETIC,1254,C18,25478,C18_25478,7b6b3bcff061f6901ce9f8835ccd62badd287cc405928a03350e69285a5f8f8a
VLM_R00033,False,a6bc23137cb44b55b6b3df9417e86f3b,REP-AES-S42160,AESTHETIC,42160,C11,7,C11_7,7af45207baa58b3e35b6846ebfe2e4d6b0052babe6ada65ede35abcb1f12e38f
VLM_R00081,False,a8b949669cd54436b8c459768554acea,REP-AES-S9865,AESTHETIC,9865,C11,7,C11_7,e1ed308e3719592020a17ddcff4950725d86dfa02ec2ca9e512afe8be336e37f
VLM_R00284,False,49744c3cccf243828de3ad0a890bbad0,REP-CTL-S1254,CONTROL,1254,C11,7,C11_7,dff476259da9ef0dff55d2d431f5d1427ccec59131c0b1c73dccb262c0db6fcb
VLM_R00289,False,aba44cbc8f1e4fed939744a0179b2fbc,RUN-AESTHETIC-4,AESTHETIC,1254,C11,7,C11_7,1bd1b02fdfdd9ee3290d8a3a4de9e696004194f4a6a133e7a5457077eb0d34a5
VLM_R00308,False,3151667d03e6464b8d0531c7c2b0065a,RUN-CONTROL-4,CONTROL,9865,C11,7,C11_7,bb5c8ff306d7177803024ae9c1efc476a0f1f8a80482ad0909d98d98234b7b3e
VLM_R00346,False,a2d7b08b630448b8b5514c04c95128a9,REP-CTL-S42160,CONTROL,42160,C11,7,C11_7,e7e0da34473a67e302f14ea1ca7a24597504a05c9c363c7799b5ff091842040b
VLM_R00234,False,8b84bf967b0c43669ba734e428b727f4,REP-AES-S42160,AESTHETIC,42160,A08,85,A08_85,f03b6d9b5dbd81791fd51a6159101a2274df4aacf4cd24e58d677fadcb3719d7
VLM_R00299,False,8ddbab98ab484ff797b30668fdd35c36,REP-CTL-S42160,CONTROL,42160,A08,85,A08_85,9733247d9fa77b39913d50074cc0fdb34ef7b64597274f3d3e6306d12876eed3
VLM_R00001,False,a8860801b17241e5856f920be65e627e,REP-CTL-S1254,CONTROL,1254,A08,85,A08_85,b12a2b34899361582615ae154c2c39c2984c506f98eb404b20cbc807014b3dec
VLM_R00020,False,b7c6c382b05e45e69f9243e4f392205a,RUN-CONTROL-4,CONTROL,9865,A08,85,A08_85,2108c969f8384634221f2ab45b247f189a684c39fc80a59f5d8be95847ad83c0
VLM_R00305,False,1c728adecd284724aac7d3f4b0834149,RUN-AESTHETIC-4,AESTHETIC,1254,A08,85,A08_85,a8511e43aac0b9437d9140db2456f24800fa5ec2f12f2daa8e35859c22b00c1b
VLM_R00051,False,aa36a7bf764f448fba2477978a24b2d5,REP-AES-S9865,AESTHETIC,9865,A08,85,A08_85,85f6438fa0fc6677bcd63359479c68eff98c00ffd0921cb0295b299f9b6c0cb3
VLM_R00142,False,ec3c8dcbdaa24663acea22cbb2ac7cb9,RUN-AESTHETIC-4,AESTHETIC,1254,A27,25478,A27_25478,5f82e6b8d52f4925f33d2c85e2ce56551454673aebd448b96e3361b28a8206fe
VLM_R00115,False,91595d50d96a4d07a080ba67dd20afa1,REP-AES-S9865,AESTHETIC,9865,A27,25478,A27_25478,c62566fb696d3c5dec060b3e3580a914c6d7fed28f25357e2975748de694b5a2
VLM_R00276,False,2359652a3a0048e388f5cb159bac47e1,REP-CTL-S1254,CONTROL,1254,A27,25478,A27_25478,c373e70bc123a35d853fa6c36f6751b54f1e02744e51f4b982a866272102579a
VLM_R00182,False,fb9203c44f8a402d82b48a17871e739a,REP-AES-S42160,AESTHETIC,42160,A27,25478,A27_25478,6a5f6d96449b4eebefe4cf6de4950598267c57eb2e2fb4787d88532a1c7ee298
VLM_R00236,False,0b46e9a0b3ec4d83bf77401aba817ca9,REP-CTL-S42160,CONTROL,42160,A27,25478,A27_25478,56f11beaaf074d77e132a20495b52a3fb883ecdead23671424ad360a3a287e30
VLM_R00343,False,16250bf57ef3496c9240cb0524cd60e5,RUN-CONTROL-4,CONTROL,9865,A27,25478,A27_25478,de8a33dd65d7120e0378bfd368f4d62bec9031f00c27c34035e1dbcb2f6996ee
VLM_R00024,False,4e16f40161a84254962fe7e18ee3260a,REP-CTL-S1254,CONTROL,1254,A15,85,A15_85,8af87b9da7c2b04d4d01f5447b554bb8b65f52cb6b3a6b09ae4b77f08da9debd
VLM_R00307,False,9d1c33b5859447c7b1f4a0f0129b75c8,REP-CTL-S42160,CONTROL,42160,A15,85,A15_85,537300e2cf33c575ddbe45a6877ee6e6f345b52ee54735cb81e6b0e376cfcf70
VLM_R00026,False,3f68b8d81d384c29a7f45551a590667a,RUN-CONTROL-4,CONTROL,9865,A15,85,A15_85,2c484b366f224783ab84842cbc19b1ab57508fa0d976809c97b15ab1f3a260c6
VLM_R00209,False,4f69a9d3de93441690ae3e85941f7917,REP-AES-S42160,AESTHETIC,42160,A15,85,A15_85,f616d9cde5abf473de12e2edb76c247e7e1e95727d8c3d667320d23b8166264f
VLM_R00265,False,c5bced0e538747eab33438b33c8b9227,REP-AES-S9865,AESTHETIC,9865,A15,85,A15_85,8a9bbb55ccac3d7111720cb4f84e980fffc4bc8715ebca1feea24a115a398820
VLM_R00112,False,99e1f41e8c2440c19bbf86f7e99fe96b,RUN-AESTHETIC-4,AESTHETIC,1254,A15,85,A15_85,213ffafca7bce2d98bbe50639883f204edb5358e12a2fa4ab77eb0e0dee59e5c
VLM_R00344,False,dcdf53d78c6c4f0e8a57b6d9b81fa0de,RUN-CONTROL-4,CONTROL,9865,A01,6127,A01_6127,ddc97157d52a839fe56208f8a8c8ba3429dfa2b848fa87d1044fd260ec108b19
VLM_R00341,False,538561646e15429ea7b4ea335aa543a4,RUN-AESTHETIC-4,AESTHETIC,1254,A01,6127,A01_6127,450f3bde55ad8497be5a9ec09769ed43f7aa88081044828faa4177fc1c514a2c
VLM_R00296,False,824ca8c2b6a74e7b83c625bcbd65faf4,REP-AES-S42160,AESTHETIC,42160,A01,6127,A01_6127,146d482ee80d404fbe273a7d06a820a9d144c98f5aad2b33b6837690f9ef78af
VLM_R00014,False,a5e0f77ea5c247aca1309ee5edd6b198,REP-CTL-S42160,CONTROL,42160,A01,6127,A01_6127,f830a5150303d7abd80fbcb409f68c5b0ec4e89f7745ad61ac7083a39d9aa901
VLM_R00096,False,5a866f8cead846dab2a7b07578cccba1,REP-CTL-S1254,CONTROL,1254,A01,6127,A01_6127,6bc45ea3cb7a1c34b0f3d08f6ef97ee576aa5c98a9fcf6ac64ec310d4122922a
VLM_R00149,False,b87d18b7b12f414889edf006ba98420a,REP-AES-S9865,AESTHETIC,9865,A01,6127,A01_6127,07abec2b1f5ec87e389e3a023ab3897cea9ccfc0073ad2a77bdaa779e608955b
VLM_R00166,False,76a3ae2c358746a3a9677aec55042b33,REP-CTL-S1254,CONTROL,1254,B06,25478,B06_25478,0210464e93b25b2bdaf5e4b733da0ad594b26ff0d8b31623721126dd7c0464a2
VLM_R00190,False,5b5dc60290344ffd8e9b661f47f50386,REP-CTL-S42160,CONTROL,42160,B06,25478,B06_25478,fe1a5b97c4628f2f93828937a694f42aee4c24259e75f4ca6a1d82a3ff784cbb
VLM_R00129,False,cf7607c1efb9451880b9f6b42dba9453,RUN-AESTHETIC-4,AESTHETIC,1254,B06,25478,B06_25478,404c9a24e79ba484afc714d9c1494553b2e33a07e8408adea5db9de4c3a690ec
VLM_R00048,False,337ec4efa15a464b86cb40c299c822f4,RUN-CONTROL-4,CONTROL,9865,B06,25478,B06_25478,1683546c0e762e6ad325f0146d1fa5dba4bf4d8b593bdc8ea4d4f3eee86a2cc4
VLM_R00109,False,10922275fd234787845d4e87900e101b,REP-AES-S42160,AESTHETIC,42160,B06,25478,B06_25478,8304bec80f119338572567af85fb9abd605aac51957c68d78cc0cc3e0bc95d4e
VLM_R00286,False,d57669900f714ff8ac038ea1b342b692,REP-AES-S9865,AESTHETIC,9865,B06,25478,B06_25478,71a502f2872a7dabcc37cc13b5ab7b9b27f152793d20743d57db3bb37028d618
VLM_R00238,False,14fc0a7ac0d243c898366934fbd7045b,REP-AES-S42160,AESTHETIC,42160,B29,6127,B29_6127,5af3d2ece61ac17d1bcb26928c664f9fdb7cdde8f0f68675be9d932aac83a10f
VLM_R00002,False,65906a58bdf24a95b4f091385f0a3bba,RUN-CONTROL-4,CONTROL,9865,B29,6127,B29_6127,086e533e4e97e67d23598ee391e84778a733f9b9dc4b7be9e7e93bfa73d3c21e
VLM_R00245,False,fb07d9508f344d408e7db12988c77dd1,RUN-AESTHETIC-4,AESTHETIC,1254,B29,6127,B29_6127,c7f0c3d2d28eb99156c6cf543bce57f34d1a2ea37468168961e7f44a6dcd6a57
VLM_R00128,False,20f2d391694747669a30f76dae038cee,REP-AES-S9865,AESTHETIC,9865,B29,6127,B29_6127,01151199282c4b6bc46e31038fe88e558e56e78027fa57b38ee5b218f776504f
VLM_R00235,False,84f53c04da6d442487e0abdc5790d21c,REP-CTL-S42160,CONTROL,42160,B29,6127,B29_6127,bb4d5bee5c11e8eaf880b7db3ca40af8aba14ece9554ec0b3738b018d3e6ec2d
VLM_R00254,False,55f7f0190db14c26b6efa3fa282c7e79,REP-CTL-S1254,CONTROL,1254,B29,6127,B29_6127,19d35af8f0e08cc4cbcd85dbee20fef2616815e61ec94fa4d61c88ed37d15be5
VLM_R00119,False,c5372e3cee254e88b54f4c2c46b70b44,RUN-AESTHETIC-4,AESTHETIC,1254,C06,7,C06_7,a65f84b12e26efc458a2c2cb81ab8660666411b2ebc5ebd288e1f43ccb134ff1
VLM_R00049,False,2e5b6c4d177a48a1a8ccc63bce087afd,REP-AES-S9865,AESTHETIC,9865,C06,7,C06_7,3919578fe85a40659ca733b8db5224b23717509edc246c33f49e31ae73d74185
VLM_R00306,False,d1ed8cf2c4f743fe960d1213263314fc,REP-CTL-S42160,CONTROL,42160,C06,7,C06_7,351db3be716d0ad204785bca707cecf36c76c4b43e893325c7e38618c922ae2f
VLM_R00151,False,b8f35654ef054821bd1aa68406a0d6e9,REP-AES-S42160,AESTHETIC,42160,C06,7,C06_7,3f1221e0990cb3b6a387ef1bdea6a7855885aaba06bb72b54c949c4dc4ad29a2
VLM_R00329,False,2faeeb77d39a414cb016cf25f84f9f62,RUN-CONTROL-4,CONTROL,9865,C06,7,C06_7,0be955228eb06ca19df37d761703507864f9e7d6055a856a93c21f163a57c37c
VLM_R00147,False,b89081657ac84971892927543da26a9a,REP-CTL-S1254,CONTROL,1254,C06,7,C06_7,ab29b96b504fa5e2b6dc58aa9b1fb036611ccda51c28ad9665841715fa14ed72
VLM_R00332,False,18b76f719cd14975b49f2283d2ca551f,REP-CTL-S1254,CONTROL,1254,C11,85,C11_85,479bd69dd296fa82cddfdd0a7cc34ca56158e3561a5343896ea7c3f54b2f5d05
VLM_R00324,False,1f22afb9954d43a7bf63966a8a36281e,REP-AES-S9865,AESTHETIC,9865,C11,85,C11_85,ec42c04309ddeedd4bb727a3b268b5583d9ce21403804de6ca99531ca6d30802
VLM_R00287,False,16d81f71c006450385e0b3e784a05469,REP-AES-S42160,AESTHETIC,42160,C11,85,C11_85,65d330bac0daea15956685d2bbe1bbec8e61d64ef3784124d73d18ef7eda1f4b
VLM_R00094,False,b39ca3579a984b9ea4a28039fa01357a,RUN-AESTHETIC-4,AESTHETIC,1254,C11,85,C11_85,19400a8fe0a723926e632da64e3cf77ec578dfb6000f24b5093ad2a547244504
VLM_R00117,False,c9c3753815e747e7926291919da9f596,RUN-CONTROL-4,CONTROL,9865,C11,85,C11_85,9f2c32cb1329e9787fab47bf070bec6743c61d3b2ae2cf11efdb2f614cd64b02
VLM_R00246,False,9c35d7ba41b141988e34bdfd1ed8ae96,REP-CTL-S42160,CONTROL,42160,C11,85,C11_85,db3f73cee470f1a3dbd22354b65c14e01255fdb7b0c48e59c3cf8e3d91d223d8
VLM_R00155,False,32768bb4ea4d4754a8b82a5e564e1f0a,RUN-CONTROL-4,CONTROL,9865,B26,85,B26_85,f71ce2e9a91ccf2b3e3485ec5eb4f581c0978bb32faed5ca16cd9f193f3fefda
VLM_R00263,False,556238b292834b749e931107b2c2e05c,REP-AES-S9865,AESTHETIC,9865,B26,85,B26_85,9cd9f33e422bd57129ecd5c8df5ecf7babc93d812af1b8196545b31bbf8d94ef
VLM_R00130,False,22b034175b1e431483ad6114f575b136,REP-CTL-S1254,CONTROL,1254,B26,85,B26_85,db66a2f96f8a4e42a90bde539f8be5f863f1094aa985f6a3e467c759ae67d34e
VLM_R00165,False,6f2e682a33574d6586e56ed8a3d29cf1,REP-AES-S42160,AESTHETIC,42160,B26,85,B26_85,e616e38366db90a47e37855cf5be953403cdc36799652e0dc7029af42ecacf96
VLM_R00098,False,ae6c0799a9d64970bdee5ea2d48d7f0c,REP-CTL-S42160,CONTROL,42160,B26,85,B26_85,9fe28d04b55cc1f0d47803b9dd1118f92041f53ee64a4b9b726c45bc20b03388
VLM_R00316,False,d0d32104250d4deab0498c1ec6128659,RUN-AESTHETIC-4,AESTHETIC,1254,B26,85,B26_85,5ccd0939ce6c60b681095e73abde137b83aa64126a6375516bffe273e452629d
VLM_R00038,False,34e3ed289d934defa997acfe2b3cadd5,RUN-CONTROL-4,CONTROL,9865,C19,7,C19_7,7c22cd24d170507a2f8180152f4dc58415f0f3e2368b9edd0a27f885b7da9ea0
VLM_R00253,False,dcda6de3df8e4c64a19d26c43597644c,REP-AES-S9865,AESTHETIC,9865,C19,7,C19_7,568f2d151d6e24aea67891048f91368f3b49abdcc40111e834688c940aa12773
VLM_R00174,False,8b90cee7896744a69567433976e8f90e,RUN-AESTHETIC-4,AESTHETIC,1254,C19,7,C19_7,2d8b9994bc96ef3412ea9f9a2dc5f4b87287491e12a50e24c9b1b30d588e24d0
VLM_R00104,False,2861b4855b5b4c079c39bb236aeb8055,REP-CTL-S42160,CONTROL,42160,C19,7,C19_7,5f7c9ad270c6d586e9be7130d29871c402823fc4e4c3837e2e49c5f37e79f2f3
VLM_R00177,False,3f8bfe0a98224148ba1a64cc566b30e7,REP-AES-S42160,AESTHETIC,42160,C19,7,C19_7,582c529b6ce02cdef09abf3aaf899f09ba478e6b311ebca5aabe2da6760bee53
VLM_R00158,False,1fe2f91e50304235a77ebf4d2d70155e,REP-CTL-S1254,CONTROL,1254,C19,7,C19_7,03d2c03fa380830851f805767962c626158b3b2f0a60fe659a850b643664a350
VLM_R00333,False,ae4907dd49b8442d9f4e8788d6e02e78,RUN-AESTHETIC-4,AESTHETIC,1254,B15,6127,B15_6127,345b1f59cfeedbc172529a1aa550c69fef0e986041e9264fc15958fb3a31c961
VLM_R00275,False,61052f76bc534ff58ab3b36843c9e3aa,REP-AES-S42160,AESTHETIC,42160,B15,6127,B15_6127,80e397f7e8b83bac2ae051dc2d89c2bc43505acc0088bc6c1e687456e211a30a
VLM_R00114,False,9f68b62ed32043629d2c590d440844bf,REP-CTL-S42160,CONTROL,42160,B15,6127,B15_6127,d691ddbe3862cb52569d7c17960e54920847e96dd8d2a4df190c5a3f11690a3a
VLM_R00257,False,d627060464df4f519347443c63d4f480,REP-AES-S9865,AESTHETIC,9865,B15,6127,B15_6127,1deab0a02ec1ffa99c288b4d47cb12d9020a004dce1a004eec9878e4f469b7ad
VLM_R00061,False,f6c6b02f71e24b48a0d13630e0fe3668,REP-CTL-S1254,CONTROL,1254,B15,6127,B15_6127,31ad76789ac031146c160f1a5d07028985ec338231472b0f64f8ef64ec128d25
VLM_R00220,False,57d230efe6ad4bbd976a0a651eb499cd,RUN-CONTROL-4,CONTROL,9865,B15,6127,B15_6127,d5fb7a1d502b9209fbe0fa86c45e5497b7f427473a57b2066dc68f82c50c668e
VLM_R00319,False,7122a2610c1e4471ae1002d7a58ae444,REP-AES-S42160,AESTHETIC,42160,C12,25478,C12_25478,1d538a90152773c761b3ab585aed20e57a776d0ef7fa95710ac6363e3246ab14
VLM_R00191,False,a4f6240a327242818fe296692d6ac153,REP-CTL-S1254,CONTROL,1254,C12,25478,C12_25478,b79b122d9ec971ff22527eebb90dbf7408455ed3e72da0801efd7daef6249091
VLM_R00071,False,5b6a3d6ac4a947f7b4772f4592eea6f0,REP-CTL-S42160,CONTROL,42160,C12,25478,C12_25478,dd4ebbab940f718aee8c45a6a1032253f9a2c0fad221989642c4fb1806da7da1
VLM_R00251,False,30f245aa25464b9282aa49bb2249c8cc,REP-AES-S9865,AESTHETIC,9865,C12,25478,C12_25478,544032c769fa77874c59546d7a32ef3f4d982274db919a028059cc8b4b732baf
VLM_R00279,False,f5a751796e134b50be7cfdec2d540ec9,RUN-AESTHETIC-4,AESTHETIC,1254,C12,25478,C12_25478,f8ad48b9d4e108ab90c64908c29756e8148c2742e47e306275469556ac3e0a52
VLM_R00247,False,33a64450e196452cb1853a295f4f257c,RUN-CONTROL-4,CONTROL,9865,C12,25478,C12_25478,9e50736d438e9ec69d02fed1818b6ab384ba06752bf35b5042895a261d5b2b36
VLM_R00203,False,5ebefc4fb51d448091f25476936dab90,REP-CTL-S1254,CONTROL,1254,C01,7,C01_7,e49416fa0ebef28943bcbfeb52c9859e67553ba1f5870a6e0fd3a5cd8a3668fb
VLM_R00298,False,99fe4bbbaa204a9a9fb0a5b05d094bec,REP-AES-S42160,AESTHETIC,42160,C01,7,C01_7,61b6de452a31a86995cda88a39376d9b477266ed4d63968e4283e94040aa7faf
VLM_R00037,False,89ff258cb115401a98c2c6e3e7335e7a,REP-CTL-S42160,CONTROL,42160,C01,7,C01_7,c64e18c4638118a0b8c9ce560827284c1c5a83cd3af8dd3c33117b537f949b71
VLM_R00259,False,fa398fa42f4e430897ffd6ce833ca430,REP-AES-S9865,AESTHETIC,9865,C01,7,C01_7,33514e2467026b64fea4b9b451b62920513a42498b0ef3f51e9c60ca45a80fd4
VLM_R00290,False,20296cb6e00e4e829488c0dfd32c3b1e,RUN-CONTROL-4,CONTROL,9865,C01,7,C01_7,38bd78fe850f74b4c69c4c0704812a2f8829f432c70697a9a8cc925624b29a32
VLM_R00331,False,5766ee6397374c71a8090b0ef355b173,RUN-AESTHETIC-4,AESTHETIC,1254,C01,7,C01_7,81e2981d9196cb3dd9d5f155163d349962dfb227a021d3078593f0c088d35d3b
VLM_R00168,False,c39677666f3b4d4c8679c320ab1468b9,REP-AES-S42160,AESTHETIC,42160,C05,85,C05_85,627a839664c6ffa4ddcde2c0d2036c486b39218965b1000bf5d34da964265008
VLM_R00175,False,be0b56971bae4dc9a784c0fdd93f6f25,REP-CTL-S42160,CONTROL,42160,C05,85,C05_85,151a5c3e4c405de4ccb82d9a1826df07c236e039952e01ee27640ef7dd0bc688
VLM_R00135,False,cdb2a51e49764925b74f34f37ba17e20,REP-CTL-S1254,CONTROL,1254,C05,85,C05_85,2c1ada03d4bf1bde0c6552f5ace302108e08df0cdb438b96096cb0f1d64b8827
VLM_R00217,False,08b6bee12eb347fd93e7bef7c16204b7,RUN-AESTHETIC-4,AESTHETIC,1254,C05,85,C05_85,cb320e5458a39d94ae6880d1b4a3046a255740947b7990605fbfb4c4e7a94a5b
VLM_R00152,False,80922e85c279494eb3d422d3f875e97b,REP-AES-S9865,AESTHETIC,9865,C05,85,C05_85,b1c4ba589fc1daa09ad6d9f1751be14de9e1f8921311109e301952cdaafaa04e
VLM_R00212,False,8161abbc51624293bdc877ea63223f2e,RUN-CONTROL-4,CONTROL,9865,C05,85,C05_85,5b967990cdb690dd3a6dcbf4c68b40d2659f30e4498da34aaa05186083749056
VLM_R00326,False,0bf8e110fb8a45a5ad708ce32524c36b,RUN-AESTHETIC-4,AESTHETIC,1254,C10,25478,C10_25478,3d9cb19fb182a0d37da4f469e3f6b1f86c654f38c3d74f9029c104561b1dea37
VLM_R00224,False,de42230ed79949f08c483c34fc879f8a,REP-CTL-S1254,CONTROL,1254,C10,25478,C10_25478,ef0be55c80b168470afa9b99664d4506866da853be508fec09110c63c5f223d0
VLM_R00044,False,2c54b3fb25b145ab882e12ca8b6f0f52,REP-AES-S42160,AESTHETIC,42160,C10,25478,C10_25478,abddfe42eaa9477d8cf5626806d30f076a0d1585c1a6a899e24f93f245f84759
VLM_R00062,False,83f3b6e00bdf47ac914061f2222d9fa6,REP-AES-S9865,AESTHETIC,9865,C10,25478,C10_25478,5f311a907bd764117d59c6f45d3537e0326be845143dbc93f94168b25542063e
VLM_R00218,False,069b99fa410844ed941518b69e482c2a,RUN-CONTROL-4,CONTROL,9865,C10,25478,C10_25478,5c094fa2ff49e3c8d41f2e81f8d8cb985ec585b49918872fef1ed9db89cfe8b6
VLM_R00210,False,1cc8dfda8ffd4e0fb0f69c98307d8f94,REP-CTL-S42160,CONTROL,42160,C10,25478,C10_25478,0fc7d6790227a0e57e8a1c28ff0133c4fe0dbdeaaadc733862173b2bf8f5a8d7
VLM_R00300,False,1b528a1e65414564bd31be54f684cc6b,RUN-AESTHETIC-4,AESTHETIC,1254,A26,85,A26_85,15dedc3d7499a1415aa7e30ce7c7e63d1ee0faa3dca364576b2cd229619191e8
VLM_R00274,False,6922fccdbaed45409ec0b49611e4389a,REP-CTL-S42160,CONTROL,42160,A26,85,A26_85,a438a312e4d4630b74e7cb381e09d04e8d076417ae25e71378f958340383bc26
VLM_R00248,False,7e975ee04acd465c9abd8fad7c31e344,REP-CTL-S1254,CONTROL,1254,A26,85,A26_85,4c94706b4357485084488f13003a98072977a6f7df5e23082b7c80fab3a16662
VLM_R00328,False,5145e1d4805e4a749ee485c5686ccc00,RUN-CONTROL-4,CONTROL,9865,A26,85,A26_85,0140a53778f8062ec06c09641af01ef17e517c562f0846c5a3104ffa5e1f1707
VLM_R00148,False,b8ecd54f3f89499b9caab6d23803bd6f,REP-AES-S42160,AESTHETIC,42160,A26,85,A26_85,38ead00aada19e96f2789c74d20f6c8da8d7893f2d5d27874cab75743b6bd239
VLM_R00125,False,60e59600cdf54a2a8b0dedd7e485e692,REP-AES-S9865,AESTHETIC,9865,A26,85,A26_85,e82f50c1ae5e2d474d2b83d15a404e6f65f85a232a1529ed71a0161b9043cdcd
VLM_R00184,False,902fa0bba6e94976914d6a0e94ead753,REP-AES-S9865,AESTHETIC,9865,A11,7,A11_7,5dcf2a8c3e9e706a00c0fa8cdab02cc825ac090a187cced00f5a1ac9302e711a
VLM_R00187,False,9ff2329a8535455f9b1c400f14188c12,REP-CTL-S42160,CONTROL,42160,A11,7,A11_7,3a12d4267aaf5f6c1684a88732d7d22713d0432568807d78db49592bfa525845
VLM_R00095,False,9a51cc408a384f8e981828c77ce0c142,REP-CTL-S1254,CONTROL,1254,A11,7,A11_7,ffe30908ad84d18893951122eeddcd6d7aa5cd7595819c43dbfaa07576d48b0a
VLM_R00249,False,4df22d8f748149cf8077feb36685bd19,REP-AES-S42160,AESTHETIC,42160,A11,7,A11_7,aeae6e10ad0525b8e98f888b01d9a06f74517ac6d5554bb22d7f77d926cbb5bd
VLM_R00304,False,37469d66663b4555a2ed34d485eb5534,RUN-CONTROL-4,CONTROL,9865,A11,7,A11_7,65bc1ebf2aede619ee2aad12eba6a480ae1d106f787c731ee98d7b11bfaebc84
VLM_R00271,False,f99a30e5aa5b4df7861bfd978376d5b2,RUN-AESTHETIC-4,AESTHETIC,1254,A11,7,A11_7,2c508f9a449653726a392a616a74b8701a134d7d19711154c9ef765cb4687c9b
VLM_R00309,False,473592cd07164bc385ebeb7dd8a6bf71,RUN-CONTROL-4,CONTROL,9865,C04,6127,C04_6127,f8a4c86e43e7cd8b33512fed8ffae8428ecd6ac59bb63eee46f35cdcbc2d3885
VLM_R00336,False,f63826e3869a4c0c93d702c7c710441a,RUN-AESTHETIC-4,AESTHETIC,1254,C04,6127,C04_6127,70a068c43f2d469f7081515fde983ddbdeffb1549f7689d6c6716b7dda022d0a
VLM_R00003,False,cc387a4836de4c04bc7e1fdbcad22f1e,REP-AES-S9865,AESTHETIC,9865,C04,6127,C04_6127,90220ef11186edabcc0e0659a00c03802c1a02f83031c47cd762a628a062ac21
VLM_R00097,False,30029fdec75c434f85f53966fe23da45,REP-AES-S42160,AESTHETIC,42160,C04,6127,C04_6127,701ba2016d6031745851f46114ce4959340160517b5d1daac3bdaae88e1d6d34
VLM_R00162,False,b8b5788fa9d343fbac83b2f520e01cb0,REP-CTL-S1254,CONTROL,1254,C04,6127,C04_6127,c6a45a1020b51a8a92611b3be24d2301dd92b4087d1e4d4987eac711589e937a
VLM_R00154,False,42851c9b29f24afd980dae7f2ca14e7a,REP-CTL-S42160,CONTROL,42160,C04,6127,C04_6127,3a141eb2054802d86833f8b41e5c15c1382ca4fea8e1146b725d6501c07989c6
VLM_R00261,True,8b90cee7896744a69567433976e8f90e,RUN-AESTHETIC-4,AESTHETIC,1254,C19,7,C19_7,2d8b9994bc96ef3412ea9f9a2dc5f4b87287491e12a50e24c9b1b30d588e24d0
VLM_R00169,True,61c0a64afdb94455be4f8fb898766719,REP-CTL-S1254,CONTROL,1254,C05,7,C05_7,b77e0cea40e969a1aa0d70dfbdc7d01c13509758ac3edbee94d4dfcd2fc865b8
VLM_R00101,True,303197aa65be48daadd89172edf46e74,REP-AES-S9865,AESTHETIC,9865,B01,85,B01_85,59a6d207cb3eebc5713ae90f3cfecdc7088995b616eec188cbf17b3c6d93e2a5
VLM_R00079,True,6f2e682a33574d6586e56ed8a3d29cf1,REP-AES-S42160,AESTHETIC,42160,B26,85,B26_85,e616e38366db90a47e37855cf5be953403cdc36799652e0dc7029af42ecacf96
VLM_R00334,True,77c55a49ee4e439fb299a430ffc2cac7,REP-CTL-S42160,CONTROL,42160,C05,7,C05_7,4092c8fd03812fb3c53c3f928be2fb5e5d66376e98c3854562bc07d6b1f17dbf
VLM_R00120,True,7f79439087064de0b0261fcbb8c5fc34,REP-CTL-S42160,CONTROL,42160,A08,25478,A08_25478,0601b55ba21d9b8b31ac0e0346b6ea61f33cbc6dca584c2fe9ebbee423cb46e6
VLM_R00110,True,9ad1c29b740041b5bafc5b247c5ca02c,REP-AES-S42160,AESTHETIC,42160,B01,7,B01_7,f3be3fda4f7e77818f374c11486889b387f4fab72c6688c0ed996b33539fd67a
VLM_R00255,True,d4e4989b82144e27bd7164966d4e2936,REP-CTL-S1254,CONTROL,1254,A26,7,A26_7,6ab8485a68caa3c1eb702be0d4b3b21114065d5ef38e1a99fe37d31d2a5c8948
VLM_R00260,True,ae4907dd49b8442d9f4e8788d6e02e78,RUN-AESTHETIC-4,AESTHETIC,1254,B15,6127,B15_6127,345b1f59cfeedbc172529a1aa550c69fef0e986041e9264fc15958fb3a31c961
VLM_R00150,True,75b088f945344f24885416f2ceadfbb4,RUN-CONTROL-4,CONTROL,9865,C04,25478,C04_25478,4410c217158a4b1a3e31464c059d624f031c5dd26a0a41270f479a0219fefea2
VLM_R00083,True,dcdf53d78c6c4f0e8a57b6d9b81fa0de,RUN-CONTROL-4,CONTROL,9865,A01,6127,A01_6127,ddc97157d52a839fe56208f8a8c8ba3429dfa2b848fa87d1044fd260ec108b19
VLM_R00052,True,bf04673a36e943f4b4fd674deadfd882,REP-CTL-S1254,CONTROL,1254,A15,7,A15_7,ddbbae85efae64cd2b075fc2f033a42159014b2e3c873c2c311b7e1327a6cb47
VLM_R00201,True,84b41a4c0a814697962ffda3960017f7,RUN-AESTHETIC-4,AESTHETIC,1254,A22,25478,A22_25478,ead113508ff3fded7b309888bb41c4a9c0ecde20316abce76e21a47f10dee8a1
VLM_R00093,True,6219db41d96e44eb8c4e9477e9979080,RUN-AESTHETIC-4,AESTHETIC,1254,C01,6127,C01_6127,7427df39d74c016c40f2daba25760adb5273f3ca1d2541d2e60ad6e39376bbab
VLM_R00118,True,3f68b8d81d384c29a7f45551a590667a,RUN-CONTROL-4,CONTROL,9865,A15,85,A15_85,2c484b366f224783ab84842cbc19b1ab57508fa0d976809c97b15ab1f3a260c6
VLM_R00137,True,ec3c8dcbdaa24663acea22cbb2ac7cb9,RUN-AESTHETIC-4,AESTHETIC,1254,A27,25478,A27_25478,5f82e6b8d52f4925f33d2c85e2ce56551454673aebd448b96e3361b28a8206fe
VLM_R00211,True,b4739caf267244218dab33c62b89ac1e,REP-CTL-S1254,CONTROL,1254,B02,7,B02_7,5bbe8de3603cc46abf788d717189d6e66dd69f618bb920daeb28d84b6c72f35b
VLM_R00315,True,99e1f41e8c2440c19bbf86f7e99fe96b,RUN-AESTHETIC-4,AESTHETIC,1254,A15,85,A15_85,213ffafca7bce2d98bbe50639883f204edb5358e12a2fa4ab77eb0e0dee59e5c
VLM_R00206,True,60e59600cdf54a2a8b0dedd7e485e692,REP-AES-S9865,AESTHETIC,9865,A26,85,A26_85,e82f50c1ae5e2d474d2b83d15a404e6f65f85a232a1529ed71a0161b9043cdcd
VLM_R00032,True,0bf8e110fb8a45a5ad708ce32524c36b,RUN-AESTHETIC-4,AESTHETIC,1254,C10,25478,C10_25478,3d9cb19fb182a0d37da4f469e3f6b1f86c654f38c3d74f9029c104561b1dea37
VLM_R00320,True,295230fa80ee4463b12891e64313c62f,REP-CTL-S42160,CONTROL,42160,C02,25478,C02_25478,02afde7d2c81e22506f8ba3f94cbefaf75d159d26630308c0b7d875defd140ac
VLM_R00019,True,3e0a0956db5c442193087613edad8684,REP-AES-S42160,AESTHETIC,42160,C01,6127,C01_6127,bef24a46b8c46699da3a5fbf86b1f2040a210a1a65d70f0b4f454396e22cbc62
VLM_R00221,True,65906a58bdf24a95b4f091385f0a3bba,RUN-CONTROL-4,CONTROL,9865,B29,6127,B29_6127,086e533e4e97e67d23598ee391e84778a733f9b9dc4b7be9e7e93bfa73d3c21e
VLM_R00340,True,5a866f8cead846dab2a7b07578cccba1,REP-CTL-S1254,CONTROL,1254,A01,6127,A01_6127,6bc45ea3cb7a1c34b0f3d08f6ef97ee576aa5c98a9fcf6ac64ec310d4122922a
VLM_R00189,True,259f85167d9640d280d86c5e97d9d36c,RUN-CONTROL-4,CONTROL,9865,B02,7,B02_7,cc361c345a3a28d5ad4b5cb4dd23cb5cf957162d3c55a1e7a83f86b31db1773a
VLM_R00053,True,68e49287c31b402aa139fbf3a40b15ee,REP-AES-S42160,AESTHETIC,42160,C18,85,C18_85,7ea1d2df19952a0041fef2f89899384d566f61aa6785acda2125432c8df70c7b
VLM_R00031,True,ae6c0799a9d64970bdee5ea2d48d7f0c,REP-CTL-S42160,CONTROL,42160,B26,85,B26_85,9fe28d04b55cc1f0d47803b9dd1118f92041f53ee64a4b9b726c45bc20b03388
VLM_R00258,True,797482d852fd4a71a3404d54a3884937,RUN-CONTROL-4,CONTROL,9865,C05,7,C05_7,1960ddcdd86130ae9d22d7fc004b0aad82c78d03fd79b8201df47587583f2db6
VLM_R00314,True,2efb527a56a043ddb31a2d3f0553bf39,REP-AES-S9865,AESTHETIC,9865,B20,6127,B20_6127,de20f973473466ea40b7a7c5d4623a36022b797110e767dad7c3c635728fb42e
VLM_R00035,True,22b034175b1e431483ad6114f575b136,REP-CTL-S1254,CONTROL,1254,B26,85,B26_85,db66a2f96f8a4e42a90bde539f8be5f863f1094aa985f6a3e467c759ae67d34e
VLM_R00090,True,49744c3cccf243828de3ad0a890bbad0,REP-CTL-S1254,CONTROL,1254,C11,7,C11_7,dff476259da9ef0dff55d2d431f5d1427ccec59131c0b1c73dccb262c0db6fcb
VLM_R00208,True,d0d32104250d4deab0498c1ec6128659,RUN-AESTHETIC-4,AESTHETIC,1254,B26,85,B26_85,5ccd0939ce6c60b681095e73abde137b83aa64126a6375516bffe273e452629d
VLM_R00027,True,a4b3a7d1c87944c9933403b483fd8354,REP-CTL-S1254,CONTROL,1254,B26,6127,B26_6127,78de74e8606560177100c8b2664d795dd71ae405518465048e49e91dee83657c
VLM_R00317,True,0ca63a38f7d34be7941275fba35b6456,RUN-AESTHETIC-4,AESTHETIC,1254,A11,6127,A11_6127,7c7c406c693a3c3c8dc44a9ff84d49f9ca4f4bdd2a7cd05c5ec42a99900b20d4
VLM_R00233,True,37469d66663b4555a2ed34d485eb5534,RUN-CONTROL-4,CONTROL,9865,A11,7,A11_7,65bc1ebf2aede619ee2aad12eba6a480ae1d106f787c731ee98d7b11bfaebc84
VLM_R00250,True,083d20b35e7548e49878a1ab201ffb43,RUN-CONTROL-4,CONTROL,9865,A01,85,A01_85,33f7c286694d11fd0b85f5412960cbf534d6f2a3be8b3c439b278a8f140ee2ea
VLM_R00074,True,8c05a3052bbc4cf2ac9afa6203730d09,REP-AES-S9865,AESTHETIC,9865,B20,25478,B20_25478,0fab60e575eaca41c988ad183c8fa2711950814f7555664d62611a26e3d520f4
VLM_R00057,True,29b266f9f79a482b96b633754458f129,REP-AES-S9865,AESTHETIC,9865,A11,6127,A11_6127,94d84688fdd73b19f01c9241d69c1f0a6f71b729ffb6a576f27e4d5932a3ae68
VLM_R00017,True,b89081657ac84971892927543da26a9a,REP-CTL-S1254,CONTROL,1254,C06,7,C06_7,ab29b96b504fa5e2b6dc58aa9b1fb036611ccda51c28ad9665841715fa14ed72
VLM_R00161,True,aba44cbc8f1e4fed939744a0179b2fbc,RUN-AESTHETIC-4,AESTHETIC,1254,C11,7,C11_7,1bd1b02fdfdd9ee3290d8a3a4de9e696004194f4a6a133e7a5457077eb0d34a5
VLM_R00232,True,33a44c1e2718430280c839001e449a80,REP-AES-S42160,AESTHETIC,42160,A08,25478,A08_25478,95d76ebca0e6e0f668f5aeb92c785102f414526ec2460e443a3fb0dcce595f24
VLM_R00039,True,2359652a3a0048e388f5cb159bac47e1,REP-CTL-S1254,CONTROL,1254,A27,25478,A27_25478,c373e70bc123a35d853fa6c36f6751b54f1e02744e51f4b982a866272102579a
VLM_R00183,True,e1eee8412648462d95f5c22fc65ce639,REP-CTL-S1254,CONTROL,1254,C02,25478,C02_25478,ebd0214af9d0865d9cb6903b60f567dd48e7ff65e63f44b104c7996381dc63b8
VLM_R00157,True,1cb34a4ebf894c03ac3ad842d71a9898,REP-AES-S42160,AESTHETIC,42160,A22,85,A22_85,9f225916ab3dcc5355395f0a85817d081abe1424551ceae91eb7c54d9afc55d1
VLM_R00277,True,114591dd9fda4f72a18a398a15354a20,REP-CTL-S1254,CONTROL,1254,B01,7,B01_7,bbcc9adbd386ccc8061eacc656f0b70a83df56052b04410a30719f985ed47078
VLM_R00076,True,de42230ed79949f08c483c34fc879f8a,REP-CTL-S1254,CONTROL,1254,C10,25478,C10_25478,ef0be55c80b168470afa9b99664d4506866da853be508fec09110c63c5f223d0
VLM_R00171,True,7f2449d6576a48a6b5b151ee040ad81c,RUN-AESTHETIC-4,AESTHETIC,1254,B29,7,B29_7,a69dffca9111ab029ee625f9a9ca10cb56ef497d3965b7bf2734a4b25560129f
VLM_R00059,True,538561646e15429ea7b4ea335aa543a4,RUN-AESTHETIC-4,AESTHETIC,1254,A01,6127,A01_6127,450f3bde55ad8497be5a9ec09769ed43f7aa88081044828faa4177fc1c514a2c
VLM_R00198,True,c4d3c38f4f7f451e80555bb8fc0ad387,RUN-AESTHETIC-4,AESTHETIC,1254,C04,25478,C04_25478,3a6a1eb3517d184bb61ee6833701ffd752d10691597a6b6f8322b4e07b7d2116
VLM_R00267,True,4f69a9d3de93441690ae3e85941f7917,REP-AES-S42160,AESTHETIC,42160,A15,85,A15_85,f616d9cde5abf473de12e2edb76c247e7e1e95727d8c3d667320d23b8166264f
VLM_R00139,True,29d04e9392074877b1ccb84f97909dba,REP-CTL-S42160,CONTROL,42160,A11,6127,A11_6127,4ca3d05344c772bf7aeae6baab8693f01240dffa778b49d0ec904ce36a02e4b8
VLM_R00230,True,f6c6b02f71e24b48a0d13630e0fe3668,REP-CTL-S1254,CONTROL,1254,B15,6127,B15_6127,31ad76789ac031146c160f1a5d07028985ec338231472b0f64f8ef64ec128d25
VLM_R00018,True,01f106cf016a4ecbb054b35d439bd6bf,RUN-AESTHETIC-4,AESTHETIC,1254,B01,85,B01_85,ab054775d69a32dc6e6ab59027636f20a5b1f3f1bab274e15a3d1020b45a7384
VLM_R00337,True,54efcb2c8d384f3ba62131381a013ae7,REP-AES-S42160,AESTHETIC,42160,C05,7,C05_7,7aa8577984f015203511e289e046e52a1e7c947d0ecbb55896220c882403d4b5
VLM_R00321,True,66b20c8994c3423f85601552732ff3af,RUN-CONTROL-4,CONTROL,9865,B20,25478,B20_25478,763097a75e3dedf17b3c77edbf45640962c1604212515af0f601a6d11c8ee946
VLM_R00086,True,aa36a7bf764f448fba2477978a24b2d5,REP-AES-S9865,AESTHETIC,9865,A08,85,A08_85,85f6438fa0fc6677bcd63359479c68eff98c00ffd0921cb0295b299f9b6c0cb3
VLM_R00197,True,4df22d8f748149cf8077feb36685bd19,REP-AES-S42160,AESTHETIC,42160,A11,7,A11_7,aeae6e10ad0525b8e98f888b01d9a06f74517ac6d5554bb22d7f77d926cbb5bd
VLM_R00153,True,375cf65a5e564660a3c6ca05a607c785,REP-AES-S9865,AESTHETIC,9865,B02,7,B02_7,b0b6f0448932ba7c26743b593703ed0636490af3a9debdd7bf7aa22308feb026
