anon_id,repeat,opaque_id,condition,prompt_code,seed,triplet,active,sha256
VLM_P00034,False,728c63ed38974947aa86c208a86f01a3,AESTHETIC,C14,25478,C14_25478,True,c9f4be2860b31e6e557c714326369a15e7e05ece921972c63e8161cc00e645fd
VLM_P00033,False,0ddf013f7bbe4cd6bf8f999521f3ca8d,CONTROL,C14,25478,C14_25478,True,2db9c155a7c591df19e1758f0026f94ec044ab80ef3fcb6424fe81c784ed76da
VLM_P00049,False,08c124694efa4f0495d29fae5b5a3a9e,BASE,C14,25478,C14_25478,True,e6f1b8b7eb843825e7bfc80f2ab8d1c00c00f9f04f431efffe4f8ee8635b389c
VLM_P00052,False,e5797b899658411caf0003237d5d2322,CONTROL,C18,85,C18_85,True,b37d358fd0a6a9706c822af754bdc75bbd4c868606b710423c126330fbe55987
VLM_P00011,False,ac6bb8d3e29d47f09532c05ce5f9a36a,AESTHETIC,C18,85,C18_85,True,a251c7bba54e889095e8b5214099437dd24761884397d2c6a3cec0c7f6712676
VLM_P00021,False,67e54a38e05248d4afcd12c91f9d4de9,BASE,C18,85,C18_85,True,a0a6c379d03ca319911aad34772234733fc2f5c51359f33b35dc9d0bc227eea6
VLM_P00006,False,e77726c5be5a42d19594135f95ef48f0,AESTHETIC,A04,85,A04_85,True,45417841bd8e589d06209f502be4d18dd0d2955007d42573d7963e8a11b8be59
VLM_P00032,False,bc8349cae97a47f48a2bb14acb7c447d,BASE,A04,85,A04_85,True,ddeb65b9b87b912e44dd937183101601ba8db18c683a2b95423d987375dc3e21
VLM_P00023,False,eb64c65613fb4daf9df1350bc85a1393,CONTROL,A04,85,A04_85,True,dcd9618d42a25ee6298a5ce1e7e873e4454dfe561dbefabced4f931291f5a19d
VLM_P00016,False,477d1b12fba143b0987fb8cc2a997969,CONTROL,C16,25478,C16_25478,True,85f0f93d6272a613434f4bdc141a749d8b21c6123d6cf24b3d7d396dfd10302b
VLM_P00019,False,f58f5f4929f94c15b6daa580014b2645,AESTHETIC,C16,25478,C16_25478,True,03919f1c59c87f4e0e87dc89adf525fabacfa361ac8d8cfd9110f4857a8b1039
VLM_P00010,False,691d68c5a38f4b1e8a7350e99414782e,BASE,C16,25478,C16_25478,True,d8e0b7f74faddc151aa6593dfae09eaf344f8e0a0e8923503ab2a0e4d38b4535
VLM_P00030,False,cc39ef6bc8e94d5e9c78944208f406b2,BASE,A13,7,A13_7,True,c00e9dc852110f9b2196d312bdd84581b8a49551336b82c37454645907edba35
VLM_P00025,False,ca135b98979d42379933cc012d36fbe2,AESTHETIC,A13,7,A13_7,True,c79f3aea8ee505afe29b7da4cb863245e364ac8f9c5b06fad3ad5c7bcf4ca5a9
VLM_P00020,False,0d75a4abf7274edb9d8d6407d348edcf,CONTROL,A13,7,A13_7,True,923e4913293353e702cf990ecd286c2fc18265e4ae387c48083a30cd37a25f4a
VLM_P00013,False,b7c6c382b05e45e69f9243e4f392205a,CONTROL,A08,85,A08_85,True,2108c969f8384634221f2ab45b247f189a684c39fc80a59f5d8be95847ad83c0
VLM_P00015,False,1c728adecd284724aac7d3f4b0834149,AESTHETIC,A08,85,A08_85,True,a8511e43aac0b9437d9140db2456f24800fa5ec2f12f2daa8e35859c22b00c1b
VLM_P00053,False,c8fd4f370a9e4510bace65386fdd19e6,BASE,A08,85,A08_85,True,d8dc4c8c5f7efb1705dfdd29e2fa760c27e598c12594e54b79509286d324d7fb
VLM_P00044,False,7b8d9e15a10748f59a49bd1f825e2e48,BASE,B02,6127,B02_6127,True,5a35e8503d7578b2e37043cd3d93f522e1ce250e76e372a6970309f30d7b0b04
VLM_P00027,False,c3ce97d8c1bd4209a6c80a8abaa87f8c,CONTROL,B02,6127,B02_6127,True,f79e3bc87569c84b2270ec3215505999ea96231991971f1c09ec5c0b19f99e94
VLM_P00029,False,a39a5045d8d54c6da33271b62eb1e72d,AESTHETIC,B02,6127,B02_6127,True,d9416b8fb478ee0b053a78b31ad0e9ce872444a2610c2be622495da36283f4fd
VLM_P00031,False,2a7512540f5042948e67ccd0a0796dcd,AESTHETIC,B23,7,B23_7,True,db7adc3e1887c305c53af87caf426ed38771e165ea2e8b3db471a62b3fe8fc12
VLM_P00008,False,9cb4bced0cb246ffb18a1b3c4348721d,CONTROL,B23,7,B23_7,True,808660a14dfbb5265da204f5192271ee34ef6e183f95342e768f177cb6082334
VLM_P00043,False,24188d90543740cfabde76bfdb644efd,BASE,B23,7,B23_7,True,e7ffc98e11580a084bce9b06474d8a33fceca36a610e9e088c6dfcf13cb6ffcf
VLM_P00009,False,6a1faa42d0664a99b084ddb6ff007473,CONTROL,B06,6127,B06_6127,True,79ba1ec91ac281c1dc289e38fc8271d9e8b0a09c9351078a7b21b010096ee142
VLM_P00051,False,5e186512e56e48d4ba8cc2d8ebe7fc77,AESTHETIC,B06,6127,B06_6127,True,93319170e5275d2be0e751675cf8658a104da06deeb699a996367c87b0a5d279
VLM_P00018,False,ff4a8417408c4b559bcf745039f789e6,BASE,B06,6127,B06_6127,True,da7a521dbcc7b0184bab05d2dea2866788a81c2160711d9c1a69e9486baf5867
VLM_P00024,False,187ee116983643e9a06c7a23b76ff3c8,BASE,B14,6127,B14_6127,True,83798210b641e1acb6fb5643464b195e38fa8013344f6968bc8eae89ca45f90c
VLM_P00001,False,f318dcf1663c472498e3656bce48d16c,AESTHETIC,B14,6127,B14_6127,True,c1f663c926ae1b5450ce361a16ab503a833b9e999df6bb8926764159909fe0f4
VLM_P00028,False,4bfc3c687ff34b279a58dd7af4becc59,CONTROL,B14,6127,B14_6127,True,8e228cc88eb4a08936da40b56bc1b0a9f21de1a96c2b26bbb2ebdff3bcc15043
VLM_P00004,False,25069202da5f497ea44014f662c530be,BASE,B09,25478,B09_25478,True,e00c4defc8af441005618a7781b66bc407ebce57d2ec3e4d5b8e740a2ea50de8
VLM_P00012,False,bcd7ce05aef34cabafd230b08a850358,CONTROL,B09,25478,B09_25478,True,133f2ba465cc58b5f77690c179b6bf508011ab6bac1351528996ff808151bdeb
VLM_P00022,False,db866635c4eb43df827634fa86d02f68,AESTHETIC,B09,25478,B09_25478,True,768b206a264db3ecf96397eff52d056a38e89471ee67e881ae338d4f31f140da
VLM_P00035,False,3151667d03e6464b8d0531c7c2b0065a,CONTROL,C11,7,C11_7,True,bb5c8ff306d7177803024ae9c1efc476a0f1f8a80482ad0909d98d98234b7b3e
VLM_P00014,False,4da8fcb09c75498eb3fbed24f47e10af,BASE,C11,7,C11_7,True,e231059933a5a51efb274d3af1cfaebae95df415cd22b9bf68d4fa65b491ab6a
VLM_P00046,False,aba44cbc8f1e4fed939744a0179b2fbc,AESTHETIC,C11,7,C11_7,True,1bd1b02fdfdd9ee3290d8a3a4de9e696004194f4a6a133e7a5457077eb0d34a5
VLM_P00050,False,245230b7d24f4a0182a735c2a56e79a7,BASE,A01,7,A01_7,True,f0b2981140263b944351bc605f5561cb8da6e02194491c64475831352f96ee74
VLM_P00042,False,3e5d517b82614294b125ac4a5c5d0321,CONTROL,A01,7,A01_7,True,f2504edb2bed8cd372d372d8025c97d7d61c1704d52ba413a94c191510acf342
VLM_P00003,False,ac5d7d0296c04bcbbbc63387a28cce26,AESTHETIC,A01,7,A01_7,True,563f56d69ff24ccac0482150f0d73c6e8060ce2699e385897ca381e248afe112
VLM_P00007,False,cea8289c14a14eb8b5eb96ceed0532af,BASE,C05,25478,C05_25478,True,673398f23443595c9e0cb8acfea9e76a2496400794d00eb79b0c1db8132da1f5
VLM_P00041,False,063f6dc115914a51bdc5eac762e9a5ef,CONTROL,C05,25478,C05_25478,True,bd1f5a3657312343a75c00931e1fa8ab50be3059409268b1e2d7cae4d92edebb
VLM_P00054,False,23fc56a05fb444009f51c2b8e655abfc,AESTHETIC,C05,25478,C05_25478,True,0356198a48e7cb4e5455f6ba6c8007f400cf54928c5b0c096db8c2b35918d437
VLM_P00045,False,cc11adc2ac404dcb9501ffe554b0af13,BASE,A22,85,A22_85,True,df77117fcd2f9659982ec5ce3b3d020d70a178386557ccf611a50a0f5e1a75b2
VLM_P00048,False,e9b532f14e9644e1b495481eb467a4aa,AESTHETIC,A22,85,A22_85,True,13eb547e77c5cf0a6ac41301608b89fc3b041914743c26dec6ddcbdfa6f7beb6
VLM_P00026,False,707ae748128a4f0ca26f35c337880322,CONTROL,A22,85,A22_85,True,501469ed224f705dfbd3f7e502e020aa7ffea0397e1747a85e1d1d6f432b70a6
VLM_P00017,True,08c124694efa4f0495d29fae5b5a3a9e,BASE,C14,25478,C14_25478,True,e6f1b8b7eb843825e7bfc80f2ab8d1c00c00f9f04f431efffe4f8ee8635b389c
VLM_P00038,True,bcd7ce05aef34cabafd230b08a850358,CONTROL,B09,25478,B09_25478,True,133f2ba465cc58b5f77690c179b6bf508011ab6bac1351528996ff808151bdeb
VLM_P00037,True,ff4a8417408c4b559bcf745039f789e6,BASE,B06,6127,B06_6127,True,da7a521dbcc7b0184bab05d2dea2866788a81c2160711d9c1a69e9486baf5867
VLM_P00005,True,67e54a38e05248d4afcd12c91f9d4de9,BASE,C18,85,C18_85,True,a0a6c379d03ca319911aad34772234733fc2f5c51359f33b35dc9d0bc227eea6
VLM_P00040,True,ca135b98979d42379933cc012d36fbe2,AESTHETIC,A13,7,A13_7,True,c79f3aea8ee505afe29b7da4cb863245e364ac8f9c5b06fad3ad5c7bcf4ca5a9
VLM_P00047,True,a39a5045d8d54c6da33271b62eb1e72d,AESTHETIC,B02,6127,B02_6127,True,d9416b8fb478ee0b053a78b31ad0e9ce872444a2610c2be622495da36283f4fd
VLM_P00039,True,24188d90543740cfabde76bfdb644efd,BASE,B23,7,B23_7,True,e7ffc98e11580a084bce9b06474d8a33fceca36a610e9e088c6dfcf13cb6ffcf
VLM_P00002,True,6a1faa42d0664a99b084ddb6ff007473,CONTROL,B06,6127,B06_6127,True,79ba1ec91ac281c1dc289e38fc8271d9e8b0a09c9351078a7b21b010096ee142
VLM_P00036,True,1c728adecd284724aac7d3f4b0834149,AESTHETIC,A08,85,A08_85,True,a8511e43aac0b9437d9140db2456f24800fa5ec2f12f2daa8e35859c22b00c1b
