dataset_code,version,is_frozen,frozen_at,selection_rule_id,random_seed,control_method,matching_variables,reference_dataset,excluded_reference_images,sort_order,image_code,reason,caption_snapshot
AESTHETIC-v1,1,true,2026-09-27T21:24:33.078Z,4,,,,,false,0,ARCH_0118,✓ active ; ✓ n 62 ≥ 10; ✓ percentile 6 ≥ P65 = 4.563; ✓ mean 6 ≥ 5,"exterior photograph of a contemporary theatre, reinforced concrete sail-shaped shells and glass, harbour setting, daylight, slightly elevated panoramic view"
AESTHETIC-v1,1,true,2026-09-27T21:24:33.078Z,4,,,,,false,1,ARCH_0557,✓ active ; ✓ n 17 ≥ 10; ✓ percentile 6 ≥ P65 = 4.563; ✓ mean 6 ≥ 5,"exterior photograph of a building, steel and glass structure with wide undulating timber-clad roof, large transparent facade facing the harbour, maritime setting with boats and quays, daylight, perspective view at eye level"
AESTHETIC-v1,1,true,2026-09-27T21:24:33.078Z,4,,,,,false,2,ARCH_0141,✓ active ; ✓ n 59 ≥ 10; ✓ percentile 5.949 ≥ P65 = 4.563; ✓ mean 5.949 ≥ 5,"exterior photograph of a historic museum with a central steel and glass pyramid, landscaped urban park, daylight, front view"
AESTHETIC-v1,1,true,2026-09-27T21:24:33.078Z,4,,,,,false,3,ARCH_0590,✓ active ; ✓ n 15 ≥ 10; ✓ percentile 5.867 ≥ P65 = 4.563; ✓ mean 5.867 ≥ 5,"exterior photograph of an office complex, large glass and steel domes with triangular lattice structure, set between multi-storey buildings in a dense urban setting, daylight, front view at eye level"
AESTHETIC-v1,1,true,2026-09-27T21:24:33.078Z,4,,,,,false,4,ARCH_0457,✓ active ; ✓ n 14 ≥ 10; ✓ percentile 5.857 ≥ P65 = 4.563; ✓ mean 5.857 ≥ 5,"exterior photograph of a buddhist temple, dark timber structure with wide hipped roof covered in tiles, timber platform over the water in front with a central statue, surrounded by greenery, daylight, front view at eye level"
AESTHETIC-v1,1,true,2026-09-27T21:24:33.078Z,4,,,,,false,5,ARCH_0038,✓ active ; ✓ n 61 ≥ 10; ✓ percentile 5.82 ≥ P65 = 4.563; ✓ mean 5.82 ≥ 5,"exterior photograph of a villa, concrete, built over a waterfall, woodland, daylight, three-quarter view at eye level"
AESTHETIC-v1,1,true,2026-09-27T21:24:33.078Z,4,,,,,false,6,ARCH_0225,✓ active ; ✓ n 60 ≥ 10; ✓ percentile 5.7 ≥ P65 = 4.563; ✓ mean 5.7 ≥ 5,"photograph of an islamic art museum, large regular arches, open terrace facing an illuminated city skyline, evening light, front view at eye level with reflections on the water in front"
AESTHETIC-v1,1,true,2026-09-27T21:24:33.078Z,4,,,,,false,7,ARCH_0249,✓ active ; ✓ n 60 ≥ 10; ✓ percentile 5.633 ≥ P65 = 4.563; ✓ mean 5.633 ≥ 5,"exterior photograph of a cultural centre, light metal cladding and glazing, fluid biomorphic forms, open public space, daylight, perspective view at eye level"
AESTHETIC-v1,1,true,2026-09-27T21:24:33.078Z,4,,,,,false,8,ARCH_0062,✓ active ; ✓ n 62 ≥ 10; ✓ percentile 5.629 ≥ P65 = 4.563; ✓ mean 5.629 ≥ 5,"Exterior photograph of a modernist museum, smooth white concrete cylindrical volume with continuous spiraling horizontal bands, dense urban context with apartment buildings, bright daylight, low-angle perspective view."
AESTHETIC-v1,1,true,2026-09-27T21:24:33.078Z,4,,,,,false,9,ARCH_0476,✓ active ; ✓ n 16 ≥ 10; ✓ percentile 5.625 ≥ P65 = 4.563; ✓ mean 5.625 ≥ 5,"exterior photograph of a television tower with large spherical volumes, steel and glass, dense urban skyline, daylight, distant view"
AESTHETIC-v1,1,true,2026-09-27T21:24:33.078Z,4,,,,,false,10,ARCH_0246,✓ active ; ✓ n 62 ≥ 10; ✓ percentile 5.613 ≥ P65 = 4.563; ✓ mean 5.613 ≥ 5,"exterior photograph of a cultural centre, reinforced concrete and white render structure with fluid curvilinear forms, large urban park, sunset light, slightly elevated panoramic view"
AESTHETIC-v1,1,true,2026-09-27T21:24:33.078Z,4,,,,,false,11,ARCH_0014,✓ active ; ✓ n 61 ≥ 10; ✓ percentile 5.574 ≥ P65 = 4.563; ✓ mean 5.574 ≥ 5,"exterior photograph of an exhibition pavilion, concrete, travertine, marble and glass, daylight, three-quarter view at eye level"
AESTHETIC-v1,1,true,2026-09-27T21:24:33.078Z,4,,,,,false,12,ARCH_0194,✓ active ; ✓ n 61 ≥ 10; ✓ percentile 5.557 ≥ P65 = 4.563; ✓ mean 5.557 ≥ 5,"interior photograph of a modern airport terminal, steel, concrete and glass structure, undulating timber ceiling, airport terminal setting, artificial light, front view"
AESTHETIC-v1,1,true,2026-09-27T21:24:33.078Z,4,,,,,false,13,ARCH_0155,✓ active ; ✓ n 60 ≥ 10; ✓ percentile 5.533 ≥ P65 = 4.563; ✓ mean 5.533 ≥ 5,"exterior photograph of a contemporary temple, reinforced concrete structure, composition like lotus flower petals, open landscape with water pools and vegetation, daylight, front view from slightly below"
AESTHETIC-v1,1,true,2026-09-27T21:24:33.078Z,4,,,,,false,14,ARCH_0537,✓ active ; ✓ n 17 ≥ 10; ✓ percentile 5.529 ≥ P65 = 4.563; ✓ mean 5.529 ≥ 5,"exterior photograph of a cable-stayed bridge, reinforced concrete and steel structure with two tall inclined pylons and a dense pattern of cables, river crossing within a large urban infrastructure, daylight, elevated panoramic view"
AESTHETIC-v1,1,true,2026-09-27T21:24:33.078Z,4,,,,,false,15,ARCH_0332,✓ active ; ✓ n 18 ≥ 10; ✓ percentile 5.5 ≥ P65 = 4.563; ✓ mean 5.5 ≥ 5,"exterior photograph of a government building, stone cladding with symmetrical composition, central colonnade, tree-lined avenue with formal gardens, daylight, front view at eye level"
AESTHETIC-v1,1,true,2026-09-27T21:24:33.078Z,4,,,,,false,16,ARCH_0338,✓ active ; ✓ n 16 ≥ 10; ✓ percentile 5.5 ≥ P65 = 4.563; ✓ mean 5.5 ≥ 5,"aerial photograph of a house set into the rock of a cliff, stepped red concrete roof, daylight, view from above"
AESTHETIC-v1,1,true,2026-09-27T21:24:33.078Z,4,,,,,false,17,ARCH_0507,✓ active ; ✓ n 16 ≥ 10; ✓ percentile 5.5 ≥ P65 = 4.563; ✓ mean 5.5 ≥ 5,"exterior photograph of a large mosque, light stone cladding with large pointed arches, pierced dome, wide paved square and open ceremonial space, daylight, perspective view at eye level"
AESTHETIC-v1,1,true,2026-09-27T21:24:33.078Z,4,,,,,false,18,ARCH_0529,✓ active ; ✓ n 15 ≥ 10; ✓ percentile 5.467 ≥ P65 = 4.563; ✓ mean 5.467 ≥ 5,"exterior night photograph of a building, steel and glass structure with large fluid projecting roof, illuminated transparent surfaces and sculptural forms, urban evening setting, warm coloured artificial lighting, perspective view at eye level"
AESTHETIC-v1,1,true,2026-09-27T21:24:33.078Z,4,,,,,false,19,ARCH_0198,✓ active ; ✓ n 63 ≥ 10; ✓ percentile 5.46 ≥ P65 = 4.563; ✓ mean 5.46 ≥ 5,"exterior photograph of a contemporary opera house, white reinforced concrete structure and large glazed surfaces, walkable sloping roof merging with the public space, urban setting, full daylight, perspective view at eye level"
AESTHETIC-v1,1,true,2026-09-27T21:24:33.078Z,4,,,,,false,20,ARCH_0463,✓ active ; ✓ n 16 ≥ 10; ✓ percentile 5.438 ≥ P65 = 4.563; ✓ mean 5.438 ≥ 5,"exterior photograph of a cultural building, concrete and glass structure with curved facade marked by vertical pillars, urban park facing a river, daylight, slightly elevated panoramic view"
AESTHETIC-v1,1,true,2026-09-27T21:24:33.078Z,4,,,,,false,21,ARCH_0543,✓ active ; ✓ n 16 ≥ 10; ✓ percentile 5.438 ≥ P65 = 4.563; ✓ mean 5.438 ≥ 5,"exterior photograph of a building, monolithic exposed concrete structure with faceted facade and irregular window bands, compact prismatic volume in an urban setting, daylight, perspective view at eye level"
AESTHETIC-v1,1,true,2026-09-27T21:24:33.078Z,4,,,,,false,22,ARCH_0536,✓ active ; ✓ n 14 ≥ 10; ✓ percentile 5.429 ≥ P65 = 4.563; ✓ mean 5.429 ≥ 5,"exterior photograph of contemporary skyscrapers, the nearest with a glass facade wrapped in a white diagonal lattice structure, slender volume with a large oval opening near the top, dense urban setting with office towers, daylight, low-angle perspective view"
AESTHETIC-v1,1,true,2026-09-27T21:24:33.078Z,4,,,,,false,23,ARCH_0300,✓ active ; ✓ n 60 ≥ 10; ✓ percentile 5.417 ≥ P65 = 4.563; ✓ mean 5.417 ≥ 5,"photograph of an urban timber canopy with exposed joints, lattice structure with sculptural form, city centre setting, daylight, low-angle view"
AESTHETIC-v1,1,true,2026-09-27T21:24:33.078Z,4,,,,,false,24,ARCH_0250,✓ active ; ✓ n 61 ≥ 10; ✓ percentile 5.41 ≥ P65 = 4.563; ✓ mean 5.41 ≥ 5,"exterior photograph of a contemporary cultural building, dark metal cladding in horizontal bands, organic fluid volume, wide public staircase in front, daylight, front view from slightly below"
AESTHETIC-v1,1,true,2026-09-27T21:24:33.078Z,4,,,,,false,25,ARCH_0097,✓ active ; ✓ n 62 ≥ 10; ✓ percentile 5.403 ≥ P65 = 4.563; ✓ mean 5.403 ≥ 5,"exterior photograph of a single-family villa, light steel structure and white cladding with large glazed surfaces, rectangular volume raised above the ground, woodland setting, daylight, front view at eye level"
AESTHETIC-v1,1,true,2026-09-27T21:24:33.078Z,4,,,,,false,26,ARCH_0554,✓ active ; ✓ n 15 ≥ 10; ✓ percentile 5.4 ≥ P65 = 4.563; ✓ mean 5.4 ≥ 5,"exterior photograph of a building, large faceted white sculptural volume with sloping surfaces and long horizontal glazed openings, streamlined form facing the riverfront, urban setting, daylight, side panoramic view at eye level"
AESTHETIC-v1,1,true,2026-09-27T21:24:33.078Z,4,,,,,false,27,ARCH_0063,✓ active ; ✓ n 62 ≥ 10; ✓ percentile 5.387 ≥ P65 = 4.563; ✓ mean 5.387 ≥ 5,"exterior photograph of an airport terminal, reinforced concrete and glass structure, sculptural shell roof with curved forms, city centre, daylight, perspective view at eye level"
AESTHETIC-v1,1,true,2026-09-27T21:24:33.078Z,4,,,,,false,28,ARCH_0464,✓ active ; ✓ n 16 ≥ 10; ✓ percentile 5.375 ≥ P65 = 4.563; ✓ mean 5.375 ≥ 5,"exterior photograph of a monumental cubic arch, stone and glass, large urban plaza, daylight, frontal view."
AESTHETIC-v1,1,true,2026-09-27T21:24:33.078Z,4,,,,,false,29,ARCH_0533,✓ active ; ✓ n 15 ≥ 10; ✓ percentile 5.333 ≥ P65 = 4.563; ✓ mean 5.333 ≥ 5,"exterior photograph of a building, slender glazed tower with flared articulated top, large ovoid podium clad in a geometric glass facade, dense urban setting, daylight, low-angle view from eye level"
AESTHETIC-v1,1,true,2026-09-27T21:24:33.078Z,4,,,,,false,30,ARCH_0171,✓ active ; ✓ n 58 ≥ 10; ✓ percentile 5.328 ≥ P65 = 4.563; ✓ mean 5.328 ≥ 5,"exterior photograph of a theatre, sculptural structure like a crumpled sheet, brushed metal cladding, urban setting, daylight, perspective view at eye level"
AESTHETIC-v1,1,true,2026-09-27T21:24:33.078Z,4,,,,,false,31,ARCH_0354,✓ active ; ✓ n 16 ≥ 10; ✓ percentile 5.313 ≥ P65 = 4.563; ✓ mean 5.313 ≥ 5,"exterior photograph of a mausoleum, yellow stone cladding with symmetrical composition, colonnade supporting a linear roof, wide ceremonial staircase with a square in front, daylight, front view at eye level"
AESTHETIC-v1,1,true,2026-09-27T21:24:33.078Z,4,,,,,false,32,ARCH_0483,✓ active ; ✓ n 16 ≥ 10; ✓ percentile 5.313 ≥ P65 = 4.563; ✓ mean 5.313 ≥ 5,"exterior photograph of a contemporary cable-stayed bridge, steel and concrete structure with tall inclined pylon and stay cables, river crossing in an urban setting with residential buildings and towers in the background, daylight, side panoramic view at eye level"
AESTHETIC-v1,1,true,2026-09-27T21:24:33.078Z,4,,,,,false,33,ARCH_0471,✓ active ; ✓ n 14 ≥ 10; ✓ percentile 5.286 ≥ P65 = 4.563; ✓ mean 5.286 ≥ 5,"exterior photograph of an office building, curved facade clad in light panels with wide bands of integrated vertical greenery, multi-storey structure in a tree-lined urban setting, daylight, perspective view at eye level"
AESTHETIC-v1,1,true,2026-09-27T21:24:33.078Z,4,,,,,false,34,ARCH_0517,✓ active ; ✓ n 14 ≥ 10; ✓ percentile 5.286 ≥ P65 = 4.563; ✓ mean 5.286 ≥ 5,"exterior photograph of a civic centre with a large suspended elliptical roof, base of glazed volumes topped by yellow and red cylindrical volumes, wide paved public square, daylight, front view at eye level"
AESTHETIC-v1,1,true,2026-09-27T21:24:33.078Z,4,,,,,false,35,ARCH_0382,✓ active ; ✓ n 15 ≥ 10; ✓ percentile 5.267 ≥ P65 = 4.563; ✓ mean 5.267 ≥ 5,"exterior photograph of a telecommunications tower, reinforced concrete structure with diagonal lattice and cylindrical top crowned by an antenna, dense riverside urban setting with multi-storey buildings and vegetation, daylight, front panoramic view from a long distance"
AESTHETIC-v1,1,true,2026-09-27T21:24:33.078Z,4,,,,,false,36,ARCH_0482,✓ active ; ✓ n 15 ≥ 10; ✓ percentile 5.267 ≥ P65 = 4.563; ✓ mean 5.267 ≥ 5,"exterior photograph of an office building, glass and light render facades with curvilinear volumes and a leaning glazed tower that appears to bend, set in a historic block in the city centre, daylight, low-angle perspective view"
AESTHETIC-v1,1,true,2026-09-27T21:24:33.078Z,4,,,,,false,37,ARCH_0104,✓ active ; ✓ n 59 ≥ 10; ✓ percentile 5.254 ≥ P65 = 4.563; ✓ mean 5.254 ≥ 5,"exterior photograph of a medieval castle, brick and stone masonry with crenellated tower, adjacent historic building with clay tile roof, urban setting, daylight, perspective view at eye level"
AESTHETIC-v1,1,true,2026-09-27T21:24:33.078Z,4,,,,,false,38,ARCH_0224,✓ active ; ✓ n 59 ≥ 10; ✓ percentile 5.254 ≥ P65 = 4.563; ✓ mean 5.254 ≥ 5,"photograph of a hotel blended into greenery, slender exposed metal structure and glass, set in dense vegetation, daylight, front view from above"
AESTHETIC-v1,1,true,2026-09-27T21:24:33.078Z,4,,,,,false,39,ARCH_0414,✓ active ; ✓ n 17 ≥ 10; ✓ percentile 5.235 ≥ P65 = 4.563; ✓ mean 5.235 ≥ 5,"exterior photograph of a skyscraper, vertical facades clad in matt metal panels with dense modular openings, daylight, close low-angle view without surrounding context"
AESTHETIC-v1,1,true,2026-09-27T21:24:33.078Z,4,,,,,false,40,ARCH_0477,✓ active ; ✓ n 17 ≥ 10; ✓ percentile 5.235 ≥ P65 = 4.563; ✓ mean 5.235 ≥ 5,"exterior photograph of an office building, glazed facade with stepped terraces and large integrated green surfaces, terraced volume facing a river canal, daylight, perspective view at eye level"
AESTHETIC-v1,1,true,2026-09-27T21:24:33.078Z,4,,,,,false,41,ARCH_0585,✓ active ; ✓ n 17 ≥ 10; ✓ percentile 5.235 ≥ P65 = 4.563; ✓ mean 5.235 ≥ 5,"exterior photograph of a triangular building, steel and glass structure, urban public square in front, daylight, perspective view at eye level"
AESTHETIC-v1,1,true,2026-09-27T21:24:33.078Z,4,,,,,false,42,ARCH_0213,✓ active ; ✓ n 61 ≥ 10; ✓ percentile 5.23 ≥ P65 = 4.563; ✓ mean 5.23 ≥ 5,"exterior photograph of a building, elliptical volume clad in metal panels with a large central glazed band, green landscape, daylight, front view at eye level"
AESTHETIC-v1,1,true,2026-09-27T21:24:33.078Z,4,,,,,false,43,ARCH_0288,✓ active ; ✓ n 58 ≥ 10; ✓ percentile 5.224 ≥ P65 = 4.563; ✓ mean 5.224 ≥ 5,"exterior photograph of a museum with a sculptural form, silver metal cladding in hexagonal modules, curvilinear volume, city centre setting with multi-storey buildings, daylight, low-angle view"
AESTHETIC-v1,1,true,2026-09-27T21:24:33.078Z,4,,,,,false,44,ARCH_0545,✓ active ; ✓ n 18 ≥ 10; ✓ percentile 5.222 ≥ P65 = 4.563; ✓ mean 5.222 ≥ 5,"exterior photograph of a tower, slender steel lattice structure with tall hyperboloid profile and antenna at the top, wide tree-lined pedestrian square in an urban setting, daylight, front view from a long distance"
AESTHETIC-v1,1,true,2026-09-27T21:24:33.078Z,4,,,,,false,45,ARCH_0018,✓ active ; ✓ n 60 ≥ 10; ✓ percentile 5.217 ≥ P65 = 4.563; ✓ mean 5.217 ≥ 5,"exterior photograph of a road bridge, concrete, natural valley, daylight, side elevation view"
AESTHETIC-v1,1,true,2026-09-27T21:24:33.078Z,4,,,,,false,46,ARCH_0527,✓ active ; ✓ n 14 ≥ 10; ✓ percentile 5.214 ≥ P65 = 4.563; ✓ mean 5.214 ≥ 5,"exterior photograph of a pavilion, steel structure and woven timber screens, modular roof of large hexagonal elements, set in tropical greenery, daylight, low-angle view"
AESTHETIC-v1,1,true,2026-09-27T21:24:33.078Z,4,,,,,false,47,ARCH_0582,✓ active ; ✓ n 15 ≥ 10; ✓ percentile 5.2 ≥ P65 = 4.563; ✓ mean 5.2 ≥ 5,"exterior photograph of a building, low fluid volume clad in light metal panels, large curved walkable roof rising to form a large entrance, facing a waterway in an urban setting, diffuse daylight, side panoramic view from a long distance"
AESTHETIC-v1,1,true,2026-09-27T21:24:33.078Z,4,,,,,false,48,ARCH_0056,✓ active ; ✓ n 61 ≥ 10; ✓ percentile 5.197 ≥ P65 = 4.563; ✓ mean 5.197 ≥ 5,"exterior photograph of a single-family house, concrete, steel and glass, prairie, daylight, front view"
AESTHETIC-v1,1,true,2026-09-27T21:24:33.078Z,4,,,,,false,49,ARCH_0174,✓ active ; ✓ n 61 ≥ 10; ✓ percentile 5.197 ≥ P65 = 4.563; ✓ mean 5.197 ≥ 5,"exterior photograph of a building with a diamond-grid steel and glass structure, box-shaped volume with sloping roof, urban setting, daylight, low-angle perspective view"
AESTHETIC-v1,1,true,2026-09-27T21:24:33.078Z,4,,,,,false,50,ARCH_0370,✓ active ; ✓ n 16 ≥ 10; ✓ percentile 5.188 ≥ P65 = 4.563; ✓ mean 5.188 ≥ 5,"exterior photograph of an institutional building, reinforced concrete structure with large shaped pillars and vertical sun louvres, long rhythmic facade facing a lawn, daylight with many large clouds, perspective view at eye level"
AESTHETIC-v1,1,true,2026-09-27T21:24:33.078Z,4,,,,,false,51,ARCH_0387,✓ active ; ✓ n 16 ≥ 10; ✓ percentile 5.188 ≥ P65 = 4.563; ✓ mean 5.188 ≥ 5,"exterior photograph of a modern airport terminal, reinforced concrete structure and large sloping glazed surfaces, long curved projecting roof with regular structural rhythm, infrastructure setting with multi-level roads, daylight, panoramic view"
AESTHETIC-v1,1,true,2026-09-27T21:24:33.078Z,4,,,,,false,52,ARCH_0423,✓ active ; ✓ n 16 ≥ 10; ✓ percentile 5.188 ≥ P65 = 4.563; ✓ mean 5.188 ≥ 5,"exterior photograph of a building inspired by traditional chinese architecture, reinforced concrete structure with large curved roofs, symmetrical facade with central colonnade, formal garden in front in an urban setting, daylight, front view at eye level"
AESTHETIC-v1,1,true,2026-09-27T21:24:33.078Z,4,,,,,false,53,ARCH_0452,✓ active ; ✓ n 16 ≥ 10; ✓ percentile 5.188 ≥ P65 = 4.563; ✓ mean 5.188 ≥ 5,"exterior photograph of a residential complex, sloping facades clad in yellow, grey and white panels, rotated cubic volumes raised on concrete structures, urban setting, daylight, perspective view at eye level"
AESTHETIC-v1,1,true,2026-09-27T21:24:33.078Z,4,,,,,false,54,ARCH_0472,✓ active ; ✓ n 16 ≥ 10; ✓ percentile 5.188 ≥ P65 = 4.563; ✓ mean 5.188 ≥ 5,"exterior photograph of a large mosque, light stone structure with geometric decorations and islamic arches, ornamental patterns and green top, large religious complex with porticoes, daylight with haze, front view from slightly below"
AESTHETIC-v1,1,true,2026-09-27T21:24:33.078Z,4,,,,,false,55,ARCH_0570,✓ active ; ✓ n 16 ≥ 10; ✓ percentile 5.188 ≥ P65 = 4.563; ✓ mean 5.188 ≥ 5,"exterior photograph of a contemporary building seen from a promenade with a railing in the foreground, large white triangular volume with glazed facade marked by vertical elements, facing a wide river and linked to the city by a large bridge, daylight, panoramic view from a long distance"
AESTHETIC-v1,1,true,2026-09-27T21:24:33.078Z,4,,,,,false,56,ARCH_0089,✓ active ; ✓ n 60 ≥ 10; ✓ percentile 5.183 ≥ P65 = 4.563; ✓ mean 5.183 ≥ 5,"exterior photograph of an art museum, box-shaped volume raised on pilotis with ceramic cladding and ribbon windows, set between a lake and a lawn, daylight, front perspective view at eye level"
AESTHETIC-v1,1,true,2026-09-27T21:24:33.078Z,4,,,,,false,57,ARCH_0503,✓ active ; ✓ n 17 ≥ 10; ✓ percentile 5.176 ≥ P65 = 4.563; ✓ mean 5.176 ≥ 5,"exterior photograph of a bridge, steel structure with large inclined arch and suspension cables as ties, river crossing in a dense urban setting, daylight, elevated panoramic view"
AESTHETIC-v1,1,true,2026-09-27T21:24:33.078Z,4,,,,,false,58,ARCH_0289,✓ active ; ✓ n 64 ≥ 10; ✓ percentile 5.172 ≥ P65 = 4.563; ✓ mean 5.172 ≥ 5,"exterior photograph of a museum, large white reinforced concrete structure with big sloping cantilevered structural elements and screened surfaces, suspended volume facing a wide water pool, urban setting, daylight, perspective view at eye level"
AESTHETIC-v1,1,true,2026-09-27T21:24:33.078Z,4,,,,,false,59,ARCH_0268,✓ active ; ✓ n 60 ≥ 10; ✓ percentile 5.15 ≥ P65 = 4.563; ✓ mean 5.15 ≥ 5,"exterior photograph of a contemporary cultural building, large almost cylindrical volume clad in reflective mirror glass and metal panels, set in a tree-lined urban park with footpaths, daylight, perspective view at eye level"
AESTHETIC-v1,1,true,2026-09-27T21:24:33.078Z,4,,,,,false,60,ARCH_0247,✓ active ; ✓ n 61 ≥ 10; ✓ percentile 5.148 ≥ P65 = 4.563; ✓ mean 5.148 ≥ 5,"exterior photograph of a cultural centre, massive monolithic steel and glass structure with light cladding, large sloping glazed surfaces with diagonal grid, sculptural volume facing a water pool, daylight, perspective view at eye level"
AESTHETIC-v1,1,true,2026-09-27T21:24:33.078Z,4,,,,,false,61,ARCH_0057,✓ active ; ✓ n 62 ≥ 10; ✓ percentile 5.145 ≥ P65 = 4.563; ✓ mean 5.145 ≥ 5,"exterior photograph of a minimalist skyscraper, glass and concrete curtain wall facade, city centre, daylight, low-angle view"
AESTHETIC-v1,1,true,2026-09-27T21:24:33.078Z,4,,,,,false,62,ARCH_0072,✓ active ; ✓ n 59 ≥ 10; ✓ percentile 5.136 ≥ P65 = 4.563; ✓ mean 5.136 ≥ 5,"exterior photograph of a government complex, white marble, concrete and glass, large composition with towers and domes, wide open space, daylight, front view at eye level"
AESTHETIC-v1,1,true,2026-09-27T21:24:33.078Z,4,,,,,false,63,ARCH_0350,✓ active ; ✓ n 15 ≥ 10; ✓ percentile 5.133 ≥ P65 = 4.563; ✓ mean 5.133 ≥ 5,"exterior photograph of a villa with a swimming pool, thin cantilevered floor slabs and glazed surfaces, private green setting, daylight, front view"
AESTHETIC-v1,1,true,2026-09-27T21:24:33.078Z,4,,,,,false,64,ARCH_0075,✓ active ; ✓ n 62 ≥ 10; ✓ percentile 5.129 ≥ P65 = 4.563; ✓ mean 5.129 ≥ 5,"exterior photograph of a single-family villa, glazed volume on pilotis, green area, daylight, low-angle view"
AESTHETIC-v1,1,true,2026-09-27T21:24:33.078Z,4,,,,,false,65,ARCH_0379,✓ active ; ✓ n 16 ≥ 10; ✓ percentile 5.125 ≥ P65 = 4.563; ✓ mean 5.125 ≥ 5,"exterior photograph of a villa with a swimming pool, thin cantilevered floor slabs and glazed surfaces, private green setting on a slope overlooking a town in the background, daylight, front view"
AESTHETIC-v1,1,true,2026-09-27T21:24:33.078Z,4,,,,,false,66,ARCH_0345,✓ active ; ✓ n 17 ≥ 10; ✓ percentile 5.118 ≥ P65 = 4.563; ✓ mean 5.118 ≥ 5,"exterior photograph of a cube-shaped building, shell of symmetrical arches covering the whole facade and marking the floors, stone cladding with a fully glazed inner volume, green urban setting, daylight, front view"
AESTHETIC-v1,1,true,2026-09-27T21:24:33.078Z,4,,,,,false,67,ARCH_0544,✓ active ; ✓ n 17 ≥ 10; ✓ percentile 5.118 ≥ P65 = 4.563; ✓ mean 5.118 ≥ 5,"exterior photograph of a contemporary pedestrian bridge, undulating sculptural lattice canopy with steel and glass structure, river crossing in an urban setting, daylight, elevated panoramic view"
AESTHETIC-v1,1,true,2026-09-27T21:24:33.078Z,4,,,,,false,68,ARCH_0156,✓ active ; ✓ n 59 ≥ 10; ✓ percentile 5.102 ≥ P65 = 4.563; ✓ mean 5.102 ≥ 5,"exterior photograph of a neoclassical institutional building, large facade with ionic colonnade, triangular pediment and wide staircase, lawn in front, daylight, perspective view at eye level"
AESTHETIC-v1,1,true,2026-09-27T21:24:33.078Z,4,,,,,false,69,ARCH_0295,✓ active ; ✓ n 60 ≥ 10; ✓ percentile 5.083 ≥ P65 = 4.563; ✓ mean 5.083 ≥ 5,"exterior photograph of a cultural building, timber cladding with large glazed surfaces, curvilinear volume turning into a roof over the public space, open urban square, daylight, perspective view at eye level"
AESTHETIC-v1,1,true,2026-09-27T21:24:33.078Z,4,,,,,false,70,ARCH_0003,✓ active ; ✓ n 62 ≥ 10; ✓ percentile 5.081 ≥ P65 = 4.563; ✓ mean 5.081 ≥ 5,"exterior photograph of a school, grey and white concrete and glass curtain wall facade, wide flower beds with lawn in front of the entrance, daylight, three-quarter view at eye level"
AESTHETIC-v1,1,true,2026-09-27T21:24:33.078Z,4,,,,,false,71,ARCH_0230,✓ active ; ✓ n 60 ≥ 10; ✓ percentile 5.067 ≥ P65 = 4.563; ✓ mean 5.067 ≥ 5,"photograph of a modern stadium, oval structure clad in coloured ceramic tiles graded in warm orange and yellow tones, prairie setting, daylight, front view"
AESTHETIC-v1,1,true,2026-09-27T21:24:33.078Z,4,,,,,false,72,ARCH_0381,✓ active ; ✓ n 15 ≥ 10; ✓ percentile 5.067 ≥ P65 = 4.563; ✓ mean 5.067 ≥ 5,"exterior photograph of an office skyscraper, glass and aluminium curtain wall with a regular grid of ribbon windows and floor slabs, urban green area, daylight, front low-angle view"
AESTHETIC-v1,1,true,2026-09-27T21:24:33.078Z,4,,,,,false,73,ARCH_0546,✓ active ; ✓ n 15 ≥ 10; ✓ percentile 5.067 ≥ P65 = 4.563; ✓ mean 5.067 ≥ 5,"exterior photograph of a cultural building, large volumes clad in brick-coloured stone with a curvilinear glass and steel central atrium, large entrance facing an urban street, daylight, perspective view from slightly below"
AESTHETIC-v1,1,true,2026-09-27T21:24:33.078Z,4,,,,,false,74,ARCH_0274,✓ active ; ✓ n 61 ≥ 10; ✓ percentile 5.066 ≥ P65 = 4.563; ✓ mean 5.066 ≥ 5,"exterior photograph of a multi-storey building, brick facade shaped with undulating irregular surfaces, square windows projecting as added volumes, urban setting, daylight, low-angle view"
AESTHETIC-v1,1,true,2026-09-27T21:24:33.078Z,4,,,,,false,75,ARCH_0518,✓ active ; ✓ n 16 ≥ 10; ✓ percentile 5.063 ≥ P65 = 4.563; ✓ mean 5.063 ≥ 5,"exterior photograph of a tall stepped office tower, glass and steel facade, dense urban skyline, daylight, distant street-level view"
AESTHETIC-v1,1,true,2026-09-27T21:24:33.078Z,4,,,,,false,76,ARCH_0542,✓ active ; ✓ n 16 ≥ 10; ✓ percentile 5.063 ≥ P65 = 4.563; ✓ mean 5.063 ≥ 5,"exterior photograph of a residential complex, white facades with continuous fluid-shaped balconies and an adjacent glass and steel volume, urban setting, daylight, front view slightly in perspective at eye level"
AESTHETIC-v1,1,true,2026-09-27T21:24:33.078Z,4,,,,,false,77,ARCH_0581,✓ active ; ✓ n 16 ≥ 10; ✓ percentile 5.063 ≥ P65 = 4.563; ✓ mean 5.063 ≥ 5,"exterior photograph of a building, sculptural volumes clad in light metal panels with curved surfaces and a rounded vertical tower, complex set in a large urban park, daylight, perspective view at eye level"
AESTHETIC-v1,1,true,2026-09-27T21:24:33.078Z,4,,,,,false,78,ARCH_0460,✓ active ; ✓ n 17 ≥ 10; ✓ percentile 5.059 ≥ P65 = 4.563; ✓ mean 5.059 ≥ 5,"exterior photograph of a mosque, white reinforced concrete structure with large triangular roof and four slender minarets, wide square, daylight, front view at eye level"
AESTHETIC-v1,1,true,2026-09-27T21:24:33.078Z,4,,,,,false,79,ARCH_0080,✓ active ; ✓ n 59 ≥ 10; ✓ percentile 5.051 ≥ P65 = 4.563; ✓ mean 5.051 ≥ 5,"exterior photograph of a modern building, reinforced concrete structure with thin undulating shell roofs, glazed entrances, open paved space, daylight, front view at eye level"
AESTHETIC-v1,1,true,2026-09-27T21:24:33.078Z,4,,,,,false,80,ARCH_0145,✓ active ; ✓ n 57 ≥ 10; ✓ percentile 5.035 ≥ P65 = 4.563; ✓ mean 5.035 ≥ 5,"exterior photograph of a chapel, dark timber lattice structure and pitched roof, woodland setting, daylight, front low-angle view"
AESTHETIC-v1,1,true,2026-09-27T21:24:33.078Z,4,,,,,false,81,ARCH_0176,✓ active ; ✓ n 58 ≥ 10; ✓ percentile 5.034 ≥ P65 = 4.563; ✓ mean 5.034 ≥ 5,"exterior photograph of a sports stadium, nest-shaped shell with steel and concrete lattice structure, urban park setting, daylight, perspective view at eye level"
AESTHETIC-v1,1,true,2026-09-27T21:24:33.078Z,4,,,,,false,82,ARCH_0285,✓ active ; ✓ n 59 ≥ 10; ✓ percentile 5.034 ≥ P65 = 4.563; ✓ mean 5.034 ≥ 5,"exterior photograph of an art gallery, glass, light stone and timber structure, facade with large geometric cantilevered timber elements shaped like inverted umbrellas, urban setting, daylight, front view slightly in perspective at eye level"
AESTHETIC-v1,1,true,2026-09-27T21:24:33.078Z,4,,,,,false,83,ARCH_0147,✓ active ; ✓ n 60 ≥ 10; ✓ percentile 5.033 ≥ P65 = 4.563; ✓ mean 5.033 ≥ 5,"exterior photograph of a modern cathedral, white reinforced concrete structure with curved elements and vertical ribs, large square with sculptures and a separate bell tower, open urban setting, daylight, front view at eye level"
AESTHETIC-v1,1,true,2026-09-27T21:24:33.078Z,4,,,,,false,84,ARCH_0088,✓ active ; ✓ n 61 ≥ 10; ✓ percentile 5.033 ≥ P65 = 4.563; ✓ mean 5.033 ≥ 5,"exterior photograph of a contemporary church, sloping white walls, central glazed volume and narrow concrete bell tower, urban setting, daylight, front view at eye level"
AESTHETIC-v1,1,true,2026-09-27T21:24:33.078Z,4,,,,,false,85,ARCH_0040,✓ active ; ✓ n 62 ≥ 10; ✓ percentile 5.032 ≥ P65 = 4.563; ✓ mean 5.032 ≥ 5,"exterior photograph of a skyscraper, concrete and glass, city centre, daylight, low-angle view"
AESTHETIC-v1,1,true,2026-09-27T21:24:33.078Z,4,,,,,false,86,ARCH_0192,✓ active ; ✓ n 60 ≥ 10; ✓ percentile 5.017 ≥ P65 = 4.563; ✓ mean 5.017 ≥ 5,"exterior photograph of a viaduct, cable-stayed steel structure, hilly setting, daylight, front view"
AESTHETIC-v1,1,true,2026-09-27T21:24:33.078Z,4,,,,,false,87,ARCH_0565,✓ active ; ✓ n 16 ≥ 10; ✓ percentile 5 ≥ P65 = 4.563; ✓ mean 5 ≥ 5,"exterior photograph of a building, fragmented composition of geometric volumes clad in orange, blue, green and red panels, sloping roofs and irregular forms, green setting, daylight, perspective view at eye level"
AESTHETIC-v1,1,true,2026-09-27T21:24:33.078Z,4,,,,,false,88,ARCH_0571,✓ active ; ✓ n 17 ≥ 10; ✓ percentile 5 ≥ P65 = 4.563; ✓ mean 5 ≥ 5,"exterior photograph of a railway station, steel, glass and metal-clad structure with large folded strongly projecting roof, wide entrance opening onto an urban square, glazed towers in the background, daylight, front view at eye level"
AESTHETIC-v2,2,true,2026-09-28T01:28:47.341Z,4,,,,,false,0,ARCH_0118,✓ active ; ✓ n 62 ≥ 10; ✓ percentile 6 ≥ P65 = 4.563; ✓ mean 6 ≥ 5,"exterior photograph of an opera house, white sail-shaped concrete shells on a stone podium, harbour water with a promenade, city skyline and green park behind, overcast sky, daylight, elevated panoramic view"
AESTHETIC-v2,2,true,2026-09-28T01:28:47.341Z,4,,,,,false,1,ARCH_0557,✓ active ; ✓ n 17 ≥ 10; ✓ percentile 6 ≥ P65 = 4.563; ✓ mean 6 ≥ 5,"exterior photograph of a concert hall, dark glazed box with a large undulating timber-clad roof edge, harbour quay with moored boats and an orange rescue boat, blue sea, blue sky, daylight, elevated perspective view"
AESTHETIC-v2,2,true,2026-09-28T01:28:47.341Z,4,,,,,false,2,ARCH_0141,✓ active ; ✓ n 59 ≥ 10; ✓ percentile 5.949 ≥ P65 = 4.563; ✓ mean 5.949 ≥ 5,"exterior photograph of a museum, glass and steel pyramid in a courtyard of an ornate historic stone palace, crowds of visitors, clipped green hedges and lawn in front, pale blue sky, daylight, front view from a distance"
AESTHETIC-v2,2,true,2026-09-28T01:28:47.341Z,4,,,,,false,3,ARCH_0590,✓ active ; ✓ n 15 ≥ 10; ✓ percentile 5.867 ≥ P65 = 4.563; ✓ mean 5.867 ≥ 5,"exterior photograph of an office complex, large glass and steel spheres with a pentagonal lattice structure, surrounded by tall glass office towers, street with bicycles and young trees, clear sky, daylight, front view at eye level"
AESTHETIC-v2,2,true,2026-09-28T01:28:47.341Z,4,,,,,false,4,ARCH_0457,✓ active ; ✓ n 14 ≥ 10; ✓ percentile 5.857 ≥ P65 = 4.563; ✓ mean 5.857 ≥ 5,"exterior photograph of a buddhist temple, dark timber pavilion with a wide hipped grey tiled roof on a stone platform over a lake, timber deck with a reclining statue in the foreground, row of small gold statues, hazy sky, daylight, front view at eye level"
AESTHETIC-v2,2,true,2026-09-28T01:28:47.341Z,4,,,,,false,5,ARCH_0038,✓ active ; ✓ n 61 ≥ 10; ✓ percentile 5.82 ≥ P65 = 4.563; ✓ mean 5.82 ≥ 5,"exterior photograph of a house, cream concrete cantilevered terraces and a stone chimney tower, built over a waterfall, surrounded by bright green trees and lush vegetation, daylight, three-quarter view from below"
AESTHETIC-v2,2,true,2026-09-28T01:28:47.341Z,4,,,,,false,6,ARCH_0225,✓ active ; ✓ n 60 ≥ 10; ✓ percentile 5.7 ≥ P65 = 4.563; ✓ mean 5.7 ≥ 5,"photograph of a museum arcade, row of stone arches framing a night city skyline with coloured lights reflected in the water, polished stone floor, evening light, front view at eye level"
AESTHETIC-v2,2,true,2026-09-28T01:28:47.341Z,4,,,,,false,7,ARCH_0249,✓ active ; ✓ n 60 ≥ 10; ✓ percentile 5.633 ≥ P65 = 4.563; ✓ mean 5.633 ≥ 5,"exterior photograph of a cultural centre, white metal-clad flowing curved volumes with a dark faceted glass section, wide paved plaza with bare young trees and dry grass, deep blue sky, daylight, perspective view at eye level"
AESTHETIC-v2,2,true,2026-09-28T01:28:47.341Z,4,,,,,false,8,ARCH_0062,✓ active ; ✓ n 62 ≥ 10; ✓ percentile 5.629 ≥ P65 = 4.563; ✓ mean 5.629 ≥ 5,"exterior photograph of a museum, white concrete spiral volume with horizontal bands widening upwards, street corner with cars and apartment towers, blue sky, daylight, low-angle three-quarter view"
AESTHETIC-v2,2,true,2026-09-28T01:28:47.341Z,4,,,,,false,9,ARCH_0476,✓ active ; ✓ n 16 ≥ 10; ✓ percentile 5.625 ≥ P65 = 4.563; ✓ mean 5.625 ≥ 5,"photograph of a city skyline across a wide river, television tower with pink spheres among glass skyscrapers, a white river boat in the foreground, hazy sky, daylight, panoramic view from a distance"
AESTHETIC-v2,2,true,2026-09-28T01:28:47.341Z,4,,,,,false,10,ARCH_0246,✓ active ; ✓ n 62 ≥ 10; ✓ percentile 5.613 ≥ P65 = 4.563; ✓ mean 5.613 ≥ 5,"exterior photograph of a cultural centre, white flowing curved roof surfaces rising from the ground, wide green lawn in front with a sign, towers on the horizon, sunset light with pink clouds, panoramic view at eye level"
AESTHETIC-v2,2,true,2026-09-28T01:28:47.341Z,4,,,,,false,11,ARCH_0014,✓ active ; ✓ n 61 ≥ 10; ✓ percentile 5.574 ≥ P65 = 4.563; ✓ mean 5.574 ≥ 5,"exterior photograph of an exhibition pavilion, thin flat roof slab over travertine walls, polished stone and glass panels, shallow reflecting pool with travertine paving, dark green trees behind, evening sky, three-quarter view at eye level"
AESTHETIC-v2,2,true,2026-09-28T01:28:47.341Z,4,,,,,false,12,ARCH_0194,✓ active ; ✓ n 61 ≥ 10; ✓ percentile 5.557 ≥ P65 = 4.563; ✓ mean 5.557 ≥ 5,"interior photograph of an airport terminal, undulating timber ceiling on blue steel branching columns, glass walls, polished floor with passengers and seating, artificial and natural light, front view at eye level"
AESTHETIC-v2,2,true,2026-09-28T01:28:47.341Z,4,,,,,false,13,ARCH_0155,✓ active ; ✓ n 60 ≥ 10; ✓ percentile 5.533 ≥ P65 = 4.563; ✓ mean 5.533 ≥ 5,"exterior photograph of a temple, white marble petal-shaped shells arranged like a lotus flower on a raised podium with pools, visitors, green shrubs, hazy grey sky, daylight, front view slightly from below"
AESTHETIC-v2,2,true,2026-09-28T01:28:47.341Z,4,,,,,false,14,ARCH_0537,✓ active ; ✓ n 17 ≥ 10; ✓ percentile 5.529 ≥ P65 = 4.563; ✓ mean 5.529 ≥ 5,"exterior photograph of a cable-stayed bridge, tall concrete X-shaped pylon with many cables over a river and highway interchange, dense city of towers behind, blue sky with white clouds, daylight, elevated panoramic view"
AESTHETIC-v2,2,true,2026-09-28T01:28:47.341Z,4,,,,,false,15,ARCH_0332,✓ active ; ✓ n 18 ≥ 10; ✓ percentile 5.5 ≥ P65 = 4.563; ✓ mean 5.5 ≥ 5,"exterior photograph of a parliament building, symmetrical white stone facade with a central colonnade and a stepped pyramid tower, driveway lined with clipped hedges and large dark green trees, clear blue sky, daylight, front view at eye level"
AESTHETIC-v2,2,true,2026-09-28T01:28:47.341Z,4,,,,,false,16,ARCH_0338,✓ active ; ✓ n 16 ≥ 10; ✓ percentile 5.5 ≥ P65 = 4.563; ✓ mean 5.5 ≥ 5,"aerial photograph of a house, red rendered volume with a stepped roof on a rocky cliff above the sea, pine trees and shrubs on the rocks, deep blue water with a boat, daylight, view from above"
AESTHETIC-v2,2,true,2026-09-28T01:28:47.341Z,4,,,,,false,17,ARCH_0507,✓ active ; ✓ n 16 ≥ 10; ✓ percentile 5.5 ≥ P65 = 4.563; ✓ mean 5.5 ≥ 5,"exterior photograph of a mosque, white stone walls with pointed arches and a dome, slender white minaret, large polished marble courtyard with visitors, deep blue sky, daylight, perspective view at eye level"
AESTHETIC-v2,2,true,2026-09-28T01:28:47.341Z,4,,,,,false,18,ARCH_0529,✓ active ; ✓ n 15 ≥ 10; ✓ percentile 5.467 ≥ P65 = 4.563; ✓ mean 5.467 ≥ 5,"exterior night photograph of a showroom, twisting cone-shaped glass and steel volume under a large flowing roof lit with blue and pink lights, dark elevated walkway with small lamps, night sky, eye-level perspective view"
AESTHETIC-v2,2,true,2026-09-28T01:28:47.341Z,4,,,,,false,19,ARCH_0198,✓ active ; ✓ n 63 ≥ 10; ✓ percentile 5.46 ≥ P65 = 4.563; ✓ mean 5.46 ≥ 5,"exterior photograph of an opera house, white marble sloping roof planes walked on by visitors, large tilted glass facade, white stage tower, waterfront, clear blue sky, daylight, perspective view at eye level"
AESTHETIC-v2,2,true,2026-09-28T01:28:47.341Z,4,,,,,false,20,ARCH_0463,✓ active ; ✓ n 16 ≥ 10; ✓ percentile 5.438 ≥ P65 = 4.563; ✓ mean 5.438 ≥ 5,"exterior photograph of a museum, curved stone facade with tall piers and dark glazing, sweeping paved terrace with a railing and flower baskets, park with green trees and a river, historic buildings on the far bank, blue sky with white clouds, daylight, wide-angle perspective view"
AESTHETIC-v2,2,true,2026-09-28T01:28:47.341Z,4,,,,,false,21,ARCH_0543,✓ active ; ✓ n 16 ≥ 10; ✓ percentile 5.438 ≥ P65 = 4.563; ✓ mean 5.438 ≥ 5,"exterior photograph of a building, faceted white concrete volume with folded planes and diagonal bands of blue glass windows, street with thin young trees and a lamp post, blue sky with white clouds, daylight, perspective view at eye level"
AESTHETIC-v2,2,true,2026-09-28T01:28:47.341Z,4,,,,,false,22,ARCH_0536,✓ active ; ✓ n 14 ≥ 10; ✓ percentile 5.429 ≥ P65 = 4.563; ✓ mean 5.429 ≥ 5,"exterior photograph of skyscrapers, tall glass tower wrapped in a white diagonal lattice with an oval opening near the top, grey office towers around, small green hill with trees and a road barrier in front, blue sky with white clouds, daylight, low-angle view"
AESTHETIC-v2,2,true,2026-09-28T01:28:47.341Z,4,,,,,false,23,ARCH_0300,✓ active ; ✓ n 60 ≥ 10; ✓ percentile 5.417 ≥ P65 = 4.563; ✓ mean 5.417 ≥ 5,"photograph of a public canopy, large timber waffle lattice structure on thick mushroom-shaped supports shading a paved square, planters with olive trees, benches with people, historic church and buildings behind, blue sky, daylight, low-angle view from under the canopy"
AESTHETIC-v2,2,true,2026-09-28T01:28:47.341Z,4,,,,,false,24,ARCH_0250,✓ active ; ✓ n 61 ≥ 10; ✓ percentile 5.41 ≥ P65 = 4.563; ✓ mean 5.41 ≥ 5,"exterior photograph of a museum, huge rounded volume clad in dark horizontal metal louvres, wide white stone staircase with visitors in front, white hazy sky, daylight, front view from slightly below"
AESTHETIC-v2,2,true,2026-09-28T01:28:47.341Z,4,,,,,false,25,ARCH_0097,✓ active ; ✓ n 62 ≥ 10; ✓ percentile 5.403 ≥ P65 = 4.563; ✓ mean 5.403 ≥ 5,"exterior photograph of a single-family house, white box raised on thin steel columns with large framed windows and curtains, stone wall and carport below, tall eucalyptus trees, daylight, front view at eye level"
AESTHETIC-v2,2,true,2026-09-28T01:28:47.341Z,4,,,,,false,26,ARCH_0554,✓ active ; ✓ n 15 ≥ 10; ✓ percentile 5.4 ≥ P65 = 4.563; ✓ mean 5.4 ≥ 5,"exterior photograph of a film museum, white faceted angular volume with sharp cantilevered edges and a long glass band, on a waterfront across a wide river, apartment building and crane behind, cloudy sky, daylight, side view from a distance"
AESTHETIC-v2,2,true,2026-09-28T01:28:47.341Z,4,,,,,false,27,ARCH_0063,✓ active ; ✓ n 62 ≥ 10; ✓ percentile 5.387 ≥ P65 = 4.563; ✓ mean 5.387 ≥ 5,"exterior photograph of an airport terminal, concrete shell roof shaped like wings with long sloping glass walls, empty road with parked cars and a grass verge, deep blue sky, daylight, perspective view at eye level"
AESTHETIC-v2,2,true,2026-09-28T01:28:47.341Z,4,,,,,false,28,ARCH_0464,✓ active ; ✓ n 16 ≥ 10; ✓ percentile 5.375 ≥ P65 = 4.563; ✓ mean 5.375 ≥ 5,"exterior photograph of a hollow cube-shaped office monument at the end of a long paved esplanade with steps and benches, rows of clipped plane trees, curved glass towers on both sides, white overcast sky, daylight, front view at eye level"
AESTHETIC-v2,2,true,2026-09-28T01:28:47.341Z,4,,,,,false,29,ARCH_0533,✓ active ; ✓ n 15 ≥ 10; ✓ percentile 5.333 ≥ P65 = 4.563; ✓ mean 5.333 ≥ 5,"exterior photograph of a hotel tower, gold glass tower flaring outwards at the top like a flower above a large glass dome podium, casino signs, green trees and a bus stop at street level, clear blue sky, daylight, low-angle view"
AESTHETIC-v2,2,true,2026-09-28T01:28:47.341Z,4,,,,,false,30,ARCH_0171,✓ active ; ✓ n 58 ≥ 10; ✓ percentile 5.328 ≥ P65 = 4.563; ✓ mean 5.328 ≥ 5,"exterior photograph of a concert hall, curved and folded stainless steel panels forming sculptural sails above a stone base, city street intersection with traffic lights, deep blue sky, daylight, perspective view at eye level"
AESTHETIC-v2,2,true,2026-09-28T01:28:47.341Z,4,,,,,false,31,ARCH_0354,✓ active ; ✓ n 16 ≥ 10; ✓ percentile 5.313 ≥ P65 = 4.563; ✓ mean 5.313 ≥ 5,"exterior photograph of a mausoleum, rectangular sandstone temple with a row of square pillars under a flat entablature, wide paved ceremonial plaza with many visitors, cloudy sky, daylight, front view from a distance"
AESTHETIC-v2,2,true,2026-09-28T01:28:47.341Z,4,,,,,false,32,ARCH_0483,✓ active ; ✓ n 16 ≥ 10; ✓ percentile 5.313 ≥ P65 = 4.563; ✓ mean 5.313 ≥ 5,"exterior photograph of a cable-stayed bridge, tall white bent pylon with fan of cables over a wide brown river, quays and apartment towers behind, clear blue sky, daylight, side view at eye level"
AESTHETIC-v2,2,true,2026-09-28T01:28:47.341Z,4,,,,,false,33,ARCH_0471,✓ active ; ✓ n 14 ≥ 10; ✓ percentile 5.286 ≥ P65 = 4.563; ✓ mean 5.286 ≥ 5,"exterior photograph of an office building, curved multi-storey facade with white bands and horizontal strips of green climbing plants, thin roof canopy, trees in front, clear blue sky, daylight, perspective view from below"
AESTHETIC-v2,2,true,2026-09-28T01:28:47.341Z,4,,,,,false,34,ARCH_0517,✓ active ; ✓ n 14 ≥ 10; ✓ percentile 5.286 ≥ P65 = 4.563; ✓ mean 5.286 ≥ 5,"exterior photograph of a civic centre, huge wavy grey roof on steel columns with yellow and red cylindrical volumes beneath, very large empty paved square with a cyclist, hills behind, blue sky, daylight, front view at eye level"
AESTHETIC-v2,2,true,2026-09-28T01:28:47.341Z,4,,,,,false,35,ARCH_0382,✓ active ; ✓ n 15 ≥ 10; ✓ percentile 5.267 ≥ P65 = 4.563; ✓ mean 5.267 ≥ 5,"exterior photograph of a television tower, slender concrete tower with a diagonal lattice pattern and a spire, riverfront with palm trees, historic buildings and glass towers, a sailing boat on the blue river, clear sky, daylight, front view from a distance"
AESTHETIC-v2,2,true,2026-09-28T01:28:47.341Z,4,,,,,false,36,ARCH_0482,✓ active ; ✓ n 15 ≥ 10; ✓ percentile 5.267 ≥ P65 = 4.563; ✓ mean 5.267 ≥ 5,"exterior photograph of an office building, pair of towers, one of curved glass pinched at the waist on tilted columns and one of rendered concrete with wavy window bands, historic facades along a street with traffic lights and cars, blue sky with white clouds, daylight, low-angle view"
AESTHETIC-v2,2,true,2026-09-28T01:28:47.341Z,4,,,,,false,37,ARCH_0104,✓ active ; ✓ n 59 ≥ 10; ✓ percentile 5.254 ≥ P65 = 4.563; ✓ mean 5.254 ≥ 5,"exterior photograph of a castle museum, brick crenellated wall and tall brick tower, rendered building with gothic windows and a tiled roof, small green shrub, pale blue sky, daylight, perspective view from above the wall"
AESTHETIC-v2,2,true,2026-09-28T01:28:47.341Z,4,,,,,false,38,ARCH_0224,✓ active ; ✓ n 59 ≥ 10; ✓ percentile 5.254 ≥ P65 = 4.563; ✓ mean 5.254 ≥ 5,"exterior photograph of a hotel, dark steel and glass floors almost hidden by climbing plants and dense green vegetation, tropical forest and misty hills behind, hazy sky, daylight, elevated view"
AESTHETIC-v2,2,true,2026-09-28T01:28:47.341Z,4,,,,,false,39,ARCH_0414,✓ active ; ✓ n 17 ≥ 10; ✓ percentile 5.235 ≥ P65 = 4.563; ✓ mean 5.235 ≥ 5,"exterior photograph of an office skyscraper, tall slab with dense vertical concrete fins, blue sky with white clouds, daylight, close low-angle view without surrounding context"
AESTHETIC-v2,2,true,2026-09-28T01:28:47.341Z,4,,,,,false,40,ARCH_0477,✓ active ; ✓ n 17 ≥ 10; ✓ percentile 5.235 ≥ P65 = 4.563; ✓ mean 5.235 ≥ 5,"exterior photograph of an office building, glass facade stepping back in terraces covered with trees and shrubs, stone base along a canal with dark water and a railing, city buildings around, evening sky, perspective view at eye level"
AESTHETIC-v2,2,true,2026-09-28T01:28:47.341Z,4,,,,,false,41,ARCH_0585,✓ active ; ✓ n 17 ≥ 10; ✓ percentile 5.235 ≥ P65 = 4.563; ✓ mean 5.235 ≥ 5,"exterior photograph of a residential building, tall sloping triangular pyramid-like block with stepped balconies and an inner glazed courtyard facade, dense city towers behind, river in the foreground, blue sky with clouds, daylight, front view from across the water"
AESTHETIC-v2,2,true,2026-09-28T01:28:47.341Z,4,,,,,false,42,ARCH_0213,✓ active ; ✓ n 61 ≥ 10; ✓ percentile 5.23 ≥ P65 = 4.563; ✓ mean 5.23 ≥ 5,"exterior photograph of a theatre, huge elliptical dome of titanium panels with a central glass band, surrounded by dark water and a flat green lawn, hazy blue grey sky, daylight, front view from a distance"
AESTHETIC-v2,2,true,2026-09-28T01:28:47.341Z,4,,,,,false,43,ARCH_0288,✓ active ; ✓ n 58 ≥ 10; ✓ percentile 5.224 ≥ P65 = 4.563; ✓ mean 5.224 ≥ 5,"exterior photograph of a museum, curved hourglass-shaped volume covered in shiny silver hexagonal tiles, apartment towers and a glass tower beside it, white overcast sky, daylight, low-angle view"
AESTHETIC-v2,2,true,2026-09-28T01:28:47.341Z,4,,,,,false,44,ARCH_0545,✓ active ; ✓ n 18 ≥ 10; ✓ percentile 5.222 ≥ P65 = 4.563; ✓ mean 5.222 ≥ 5,"exterior photograph of a television tower, very tall slender twisted steel lattice tower with a spire, large paved plaza with people and green trees, hazy sky, daylight, front view from a distance"
AESTHETIC-v2,2,true,2026-09-28T01:28:47.341Z,4,,,,,false,45,ARCH_0018,✓ active ; ✓ n 60 ≥ 10; ✓ percentile 5.217 ≥ P65 = 4.563; ✓ mean 5.217 ≥ 5,"exterior photograph of a road bridge, slender white concrete arch spanning a deep gorge, dense dark green pine forest and rock face all around, daylight, side view from a distance"
AESTHETIC-v2,2,true,2026-09-28T01:28:47.341Z,4,,,,,false,46,ARCH_0527,✓ active ; ✓ n 14 ≥ 10; ✓ percentile 5.214 ≥ P65 = 4.563; ✓ mean 5.214 ≥ 5,"photograph of a garden pavilion, hexagonal timber canopies on slender steel columns with woven wooden screens, tropical plants and trees below, bright sky through the openings, daylight, low-angle view from underneath"
AESTHETIC-v2,2,true,2026-09-28T01:28:47.341Z,4,,,,,false,47,ARCH_0582,✓ active ; ✓ n 15 ≥ 10; ✓ percentile 5.2 ≥ P65 = 4.563; ✓ mean 5.2 ≥ 5,"exterior photograph of a museum, long low curved white volume along a riverbank with a walkable roof, wide river in the foreground with a rowing boat, cloudy sky, daylight, side view from a distance"
AESTHETIC-v2,2,true,2026-09-28T01:28:47.341Z,4,,,,,false,48,ARCH_0056,✓ active ; ✓ n 61 ≥ 10; ✓ percentile 5.197 ≥ P65 = 4.563; ✓ mean 5.197 ≥ 5,"exterior photograph of a single-family house, white steel frame with a floating floor and roof slab, glass walls, on pilotis above a green lawn, bare autumn trees behind, overcast sky, daylight, front view"
AESTHETIC-v2,2,true,2026-09-28T01:28:47.341Z,4,,,,,false,49,ARCH_0174,✓ active ; ✓ n 61 ≥ 10; ✓ percentile 5.197 ≥ P65 = 4.563; ✓ mean 5.197 ≥ 5,"exterior photograph of a shop building, tall volume wrapped in a diamond-shaped steel grid with bulging glass panels, city street with small trees and pedestrians, clear sky, daylight, low-angle perspective view"
AESTHETIC-v2,2,true,2026-09-28T01:28:47.341Z,4,,,,,false,50,ARCH_0370,✓ active ; ✓ n 16 ≥ 10; ✓ percentile 5.188 ≥ P65 = 4.563; ✓ mean 5.188 ≥ 5,"exterior photograph of a presidential palace, long low glass volume behind a row of slender curved white concrete columns, reflecting water and dark green lawn in front, dramatic cloudy sky, daylight, perspective view at eye level"
AESTHETIC-v2,2,true,2026-09-28T01:28:47.341Z,4,,,,,false,51,ARCH_0387,✓ active ; ✓ n 16 ≥ 10; ✓ percentile 5.188 ≥ P65 = 4.563; ✓ mean 5.188 ≥ 5,"exterior photograph of an airport terminal, long sweeping concave concrete roof held by rows of inclined piers, control tower, curved access roads with cars and green verges, pale evening sky, elevated panoramic view"
AESTHETIC-v2,2,true,2026-09-28T01:28:47.341Z,4,,,,,false,52,ARCH_0423,✓ active ; ✓ n 16 ≥ 10; ✓ percentile 5.188 ≥ P65 = 4.563; ✓ mean 5.188 ≥ 5,"exterior photograph of a memorial hall, symmetrical building with sweeping upturned yellow tiled roofs, red walls and a central colonnade, formal garden with clipped hedges and flags, wide paved forecourt, overcast sky, daylight, front view at eye level"
AESTHETIC-v2,2,true,2026-09-28T01:28:47.341Z,4,,,,,false,53,ARCH_0452,✓ active ; ✓ n 16 ≥ 10; ✓ percentile 5.188 ≥ P65 = 4.563; ✓ mean 5.188 ≥ 5,"exterior photograph of a housing complex, tilted cube houses clad in yellow and grey panels on concrete pillars over a street, green tree branches in the foreground, blue sky with white clouds, daylight, perspective view from below"
AESTHETIC-v2,2,true,2026-09-28T01:28:47.341Z,4,,,,,false,54,ARCH_0472,✓ active ; ✓ n 16 ≥ 10; ✓ percentile 5.188 ≥ P65 = 4.563; ✓ mean 5.188 ≥ 5,"exterior photograph of a mosque, very tall square minaret with carved geometric patterns and green tiles, arcaded stone prayer hall with a green tiled roof, dramatic misty sky, warm light, low-angle view"
AESTHETIC-v2,2,true,2026-09-28T01:28:47.341Z,4,,,,,false,55,ARCH_0570,✓ active ; ✓ n 16 ≥ 10; ✓ percentile 5.188 ≥ P65 = 4.563; ✓ mean 5.188 ≥ 5,"exterior photograph of a library, white triangular stepped glass building on the far bank of a wide river, long stone bridge with lamp posts, ornate cast iron railing in the foreground, hazy sky, daylight, panoramic view from a distance"
AESTHETIC-v2,2,true,2026-09-28T01:28:47.341Z,4,,,,,false,56,ARCH_0089,✓ active ; ✓ n 60 ≥ 10; ✓ percentile 5.183 ≥ P65 = 4.563; ✓ mean 5.183 ≥ 5,"exterior photograph of a museum, white panelled box raised on thin columns with ribbon windows, reflected in a still pond with small islands and trees, green hills behind, blue sky with clouds, daylight, front view at eye level"
AESTHETIC-v2,2,true,2026-09-28T01:28:47.341Z,4,,,,,false,57,ARCH_0503,✓ active ; ✓ n 17 ≥ 10; ✓ percentile 5.176 ≥ P65 = 4.563; ✓ mean 5.176 ≥ 5,"exterior photograph of a pedestrian bridge, white curved steel arch with cables supporting a curved deck over a river, quays with historic buildings behind, reflections on window glass, daylight, elevated view"
AESTHETIC-v2,2,true,2026-09-28T01:28:47.341Z,4,,,,,false,58,ARCH_0289,✓ active ; ✓ n 64 ≥ 10; ✓ percentile 5.172 ≥ P65 = 4.563; ✓ mean 5.172 ≥ 5,"exterior photograph of a science museum, long white cantilevered roof with ribbed louvres and a large projecting canopy, turquoise reflecting pool, palm trees and city buildings behind, clear blue sky, daylight, perspective view at eye level"
AESTHETIC-v2,2,true,2026-09-28T01:28:47.341Z,4,,,,,false,59,ARCH_0268,✓ active ; ✓ n 60 ≥ 10; ✓ percentile 5.15 ≥ P65 = 4.563; ✓ mean 5.15 ≥ 5,"exterior photograph of an art depot, large rounded bowl-shaped volume clad in mirror glass panels reflecting the sky, rooftop trees, park with tall green trees and planting beds, pedestrians and bicycles, blue sky with white clouds, daylight, perspective view at eye level"
AESTHETIC-v2,2,true,2026-09-28T01:28:47.341Z,4,,,,,false,60,ARCH_0247,✓ active ; ✓ n 61 ≥ 10; ✓ percentile 5.148 ≥ P65 = 4.563; ✓ mean 5.148 ≥ 5,"exterior photograph of an opera house, angular faceted volumes clad in white panels and a diagonal glass lattice, reflected in a water basin, towers behind, pale overcast sky, daylight, perspective view at eye level"
AESTHETIC-v2,2,true,2026-09-28T01:28:47.341Z,4,,,,,false,61,ARCH_0057,✓ active ; ✓ n 62 ≥ 10; ✓ percentile 5.145 ≥ P65 = 4.563; ✓ mean 5.145 ≥ 5,"exterior photograph of an office skyscraper, dark bronze glass and metal curtain wall tower between lighter office blocks, plaza with small trees and a wide avenue, overcast sky, daylight, front view at eye level"
AESTHETIC-v2,2,true,2026-09-28T01:28:47.341Z,4,,,,,false,62,ARCH_0072,✓ active ; ✓ n 59 ≥ 10; ✓ percentile 5.136 ≥ P65 = 4.563; ✓ mean 5.136 ≥ 5,"exterior photograph of a government complex, twin concrete towers linked by a bridge, a white dome and an upturned white bowl on a long low base, flat green lawn in front, dark stormy sky with rain, daylight, front view from a distance"
AESTHETIC-v2,2,true,2026-09-28T01:28:47.341Z,4,,,,,false,63,ARCH_0350,✓ active ; ✓ n 15 ≥ 10; ✓ percentile 5.133 ≥ P65 = 4.563; ✓ mean 5.133 ≥ 5,"exterior photograph of a villa, low horizontal volumes with flat roof slabs, glass walls and a stone chimney, turquoise swimming pool and bright green lawn, palm trees and bare desert mountains behind, blue sky, daylight, three-quarter view at eye level"
AESTHETIC-v2,2,true,2026-09-28T01:28:47.341Z,4,,,,,false,64,ARCH_0075,✓ active ; ✓ n 62 ≥ 10; ✓ percentile 5.129 ≥ P65 = 4.563; ✓ mean 5.129 ≥ 5,"exterior photograph of a house, glass box with thin metal frame raised on slender columns, stone path through dense tropical garden with palms and large leaves, overcast sky, daylight, low-angle view"
AESTHETIC-v2,2,true,2026-09-28T01:28:47.341Z,4,,,,,false,65,ARCH_0379,✓ active ; ✓ n 16 ≥ 10; ✓ percentile 5.125 ≥ P65 = 4.563; ✓ mean 5.125 ≥ 5,"exterior photograph of a house, glass pavilion with a thin cantilevered flat roof on a hillside terrace, swimming pool edge, black metal chairs and a red stool, dry grasses and succulents, view over a wide city below, blue sky, daylight, perspective view at eye level"
AESTHETIC-v2,2,true,2026-09-28T01:28:47.341Z,4,,,,,false,66,ARCH_0345,✓ active ; ✓ n 17 ≥ 10; ✓ percentile 5.118 ≥ P65 = 4.563; ✓ mean 5.118 ≥ 5,"exterior photograph of a cube-shaped building, white stone facade with rows of identical arches on every floor, dense green trees on both sides and a clipped hedge garden in front, white sky, daylight, front view from a distance"
AESTHETIC-v2,2,true,2026-09-28T01:28:47.341Z,4,,,,,false,67,ARCH_0544,✓ active ; ✓ n 17 ≥ 10; ✓ percentile 5.118 ≥ P65 = 4.563; ✓ mean 5.118 ≥ 5,"exterior photograph of a pedestrian bridge, wavy glass and steel canopy over a river, riverbanks with green trees and moored boats, city and hills behind, clear sky, daylight, elevated panoramic view"
AESTHETIC-v2,2,true,2026-09-28T01:28:47.341Z,4,,,,,false,68,ARCH_0156,✓ active ; ✓ n 59 ≥ 10; ✓ percentile 5.102 ≥ P65 = 4.563; ✓ mean 5.102 ≥ 5,"exterior photograph of a neoclassical government building, sandstone facade with ionic colonnade, pediment and grand staircase, parked cars, green lawn in front, clear blue sky, daylight, perspective view at eye level"
AESTHETIC-v2,2,true,2026-09-28T01:28:47.341Z,4,,,,,false,69,ARCH_0295,✓ active ; ✓ n 60 ≥ 10; ✓ percentile 5.083 ≥ P65 = 4.563; ✓ mean 5.083 ≥ 5,"exterior photograph of a library, curved volume clad in warm spruce timber lifting above a glass ground floor, wide paved square with people and young trees, deep blue sky, daylight, perspective view at eye level"
AESTHETIC-v2,2,true,2026-09-28T01:28:47.341Z,4,,,,,false,70,ARCH_0003,✓ active ; ✓ n 62 ≥ 10; ✓ percentile 5.081 ≥ P65 = 4.563; ✓ mean 5.081 ≥ 5,"exterior photograph of a school building, grey rendered block with vertical lettering, long glass curtain wall wing and white wings with balconies, green lawn with tall grass in front, blue sky with white clouds, daylight, three-quarter view at eye level"
AESTHETIC-v2,2,true,2026-09-28T01:28:47.341Z,4,,,,,false,71,ARCH_0230,✓ active ; ✓ n 60 ≥ 10; ✓ percentile 5.067 ≥ P65 = 4.563; ✓ mean 5.067 ≥ 5,"exterior photograph of a stadium, oval bowl clad in a mosaic of red, orange and brown panels, dry yellow grass field and small trees in front, blue sky with white clouds, daylight, front view from a distance"
AESTHETIC-v2,2,true,2026-09-28T01:28:47.341Z,4,,,,,false,72,ARCH_0381,✓ active ; ✓ n 15 ≥ 10; ✓ percentile 5.067 ≥ P65 = 4.563; ✓ mean 5.067 ≥ 5,"exterior photograph of an office building, tall slab with horizontal bands of glass and aluminium, slightly tapered sides, lawn with young thin trees in front, blue sky with white clouds, daylight, front low-angle view"
AESTHETIC-v2,2,true,2026-09-28T01:28:47.341Z,4,,,,,false,73,ARCH_0546,✓ active ; ✓ n 15 ≥ 10; ✓ percentile 5.067 ≥ P65 = 4.563; ✓ mean 5.067 ≥ 5,"exterior photograph of a convention centre, tall pale stone-clad block with a tilted curved glass atrium drum on the corner, street with cars and a small tree, blue sky, daylight, low-angle perspective view"
AESTHETIC-v2,2,true,2026-09-28T01:28:47.341Z,4,,,,,false,74,ARCH_0274,✓ active ; ✓ n 61 ≥ 10; ✓ percentile 5.066 ≥ P65 = 4.563; ✓ mean 5.066 ≥ 5,"exterior photograph of a university building, undulating wavy brick facade with protruding square windows, dark green tree branches in the foreground, blue sky with white clouds, daylight, low-angle view"
AESTHETIC-v2,2,true,2026-09-28T01:28:47.341Z,4,,,,,false,75,ARCH_0518,✓ active ; ✓ n 16 ≥ 10; ✓ percentile 5.063 ≥ P65 = 4.563; ✓ mean 5.063 ≥ 5,"photograph of a green stepped skyscraper with segmented tiers towering over a dense city of apartment blocks, forested green hill in the foreground, mountains on the horizon, blue sky with white clouds, daylight, elevated view"
AESTHETIC-v2,2,true,2026-09-28T01:28:47.341Z,4,,,,,false,76,ARCH_0542,✓ active ; ✓ n 16 ≥ 10; ✓ percentile 5.063 ≥ P65 = 4.563; ✓ mean 5.063 ≥ 5,"exterior photograph of a residential tower, white tower with wavy continuous balconies next to a low glazed office block, bare waterfront ground in front, pale hazy sky, daylight, perspective view at eye level"
AESTHETIC-v2,2,true,2026-09-28T01:28:47.341Z,4,,,,,false,77,ARCH_0581,✓ active ; ✓ n 16 ≥ 10; ✓ percentile 5.063 ≥ P65 = 4.563; ✓ mean 5.063 ≥ 5,"exterior photograph of a cultural centre, cluster of smooth rounded pebble-like volumes and a tall rounded tower clad in pale metal ribbons, lawns and a paved path with lamp posts and young palm trees, clear sky, daylight, perspective view at eye level"
AESTHETIC-v2,2,true,2026-09-28T01:28:47.341Z,4,,,,,false,78,ARCH_0460,✓ active ; ✓ n 17 ≥ 10; ✓ percentile 5.059 ≥ P65 = 4.563; ✓ mean 5.059 ≥ 5,"exterior photograph of a mosque, large white tent-like triangular roof between four tall thin pointed minarets, wooded hill on one side, blue sky with white clouds, daylight, front view at eye level"
AESTHETIC-v2,2,true,2026-09-28T01:28:47.341Z,4,,,,,false,79,ARCH_0080,✓ active ; ✓ n 59 ≥ 10; ✓ percentile 5.051 ≥ P65 = 4.563; ✓ mean 5.051 ≥ 5,"exterior photograph of a restaurant, white concrete hyperbolic shells with pointed curved edges and glazed arches, mosaic mural wall, large paved forecourt, trees behind, overcast sky, daylight, front view at eye level"
AESTHETIC-v2,2,true,2026-09-28T01:28:47.341Z,4,,,,,false,80,ARCH_0145,✓ active ; ✓ n 57 ≥ 10; ✓ percentile 5.035 ≥ P65 = 4.563; ✓ mean 5.035 ≥ 5,"exterior photograph of a chapel, tall slender timber lattice structure with a steep gabled roof and glass walls, dappled sunlight through dense green deciduous forest, dirt path in front, daylight, front view from below"
AESTHETIC-v2,2,true,2026-09-28T01:28:47.341Z,4,,,,,false,81,ARCH_0176,✓ active ; ✓ n 58 ≥ 10; ✓ percentile 5.034 ≥ P65 = 4.563; ✓ mean 5.034 ≥ 5,"exterior photograph of a stadium, oval bowl wrapped in an irregular interwoven steel lattice, wide paved path with a grass verge and young trees, blue sky with white clouds, daylight, perspective view at eye level"
AESTHETIC-v2,2,true,2026-09-28T01:28:47.341Z,4,,,,,false,82,ARCH_0285,✓ active ; ✓ n 59 ≥ 10; ✓ percentile 5.034 ≥ P65 = 4.563; ✓ mean 5.034 ≥ 5,"exterior photograph of an art gallery, large timber tree-like canopy with folded roof panels over a glass entrance and pale stone walls, green trees above, city pavement with bollards, daylight, front view at eye level"
AESTHETIC-v2,2,true,2026-09-28T01:28:47.341Z,4,,,,,false,83,ARCH_0147,✓ active ; ✓ n 60 ≥ 10; ✓ percentile 5.033 ≥ P65 = 4.563; ✓ mean 5.033 ≥ 5,"exterior photograph of a cathedral, ring of curved white concrete ribs rising to a crown with a cross, bronze statues and visitors on a wide paved plaza with grass strips, separate bell tower, cloudy grey sky, daylight, front view at eye level"
AESTHETIC-v2,2,true,2026-09-28T01:28:47.341Z,4,,,,,false,84,ARCH_0088,✓ active ; ✓ n 61 ≥ 10; ✓ percentile 5.033 ≥ P65 = 4.563; ✓ mean 5.033 ≥ 5,"exterior photograph of a cathedral, tall sloping walls clad in silver metal forming a cross shape, slender concrete bell tower, dark green conifers, deep blue sky, daylight, perspective view at eye level"
AESTHETIC-v2,2,true,2026-09-28T01:28:47.341Z,4,,,,,false,85,ARCH_0040,✓ active ; ✓ n 62 ≥ 10; ✓ percentile 5.032 ≥ P65 = 4.563; ✓ mean 5.032 ≥ 5,"exterior photograph of a skyscraper, tall stepped stone tower with a spire, between brick and dark city buildings with a street lamp, blue sky with white clouds, daylight, low-angle view"
AESTHETIC-v2,2,true,2026-09-28T01:28:47.341Z,4,,,,,false,86,ARCH_0192,✓ active ; ✓ n 60 ≥ 10; ✓ percentile 5.017 ≥ P65 = 4.563; ✓ mean 5.017 ≥ 5,"exterior photograph of a viaduct, very long cable-stayed bridge with tall thin masts crossing a valley, rolling green hills, fields and a village with red roofs in the foreground, deep blue sky, daylight, panoramic view from a distance"
AESTHETIC-v2,2,true,2026-09-28T01:28:47.341Z,4,,,,,false,87,ARCH_0565,✓ active ; ✓ n 16 ≥ 10; ✓ percentile 5 ≥ P65 = 4.563; ✓ mean 5 ≥ 5,"exterior photograph of a museum, cluster of brightly coloured folded metal roofs in red, orange, blue, yellow and green over colourful walls, green lawn with tropical shrubs and a small tree, blue sky with clouds, daylight, perspective view at eye level"
AESTHETIC-v2,2,true,2026-09-28T01:28:47.341Z,4,,,,,false,88,ARCH_0571,✓ active ; ✓ n 17 ≥ 10; ✓ percentile 5 ≥ P65 = 4.563; ✓ mean 5 ≥ 5,"exterior photograph of a railway station, sharp angled roof clad in shiny steel sloping over a glass entrance hall with a large sign, wide paved square with cyclists and pedestrians, glass towers behind, blue sky, daylight, perspective view at eye level"
