participant_id,anonymous_code,age_range,professional_role,architecture_expertise,country,language,created_at,consent_version,consent_at,excluded_from_analysis,exclusion_reason,has_pre_training_session,prior_participation_self_report
1,P0001,Age25To34,ArchitectureStudent,2,IT,it,2000-01-01T00:00:00.000Z,1.0,2000-01-01T00:00:00.001Z,False,,False,No
2,P0002,Age18To24,ArchitectureStudent,2,IT,it,2000-01-01T00:00:00.000Z,1.0,2000-01-01T00:00:00.001Z,False,,False,NotSure
3,P0003,Age18To24,NonExpert,1,other,en,2000-01-01T00:00:00.000Z,1.0,2000-01-01T00:00:00.001Z,False,,True,
4,P0004,Age55To64,Architect,3,IT,it,2000-01-01T00:00:00.000Z,1.0,2000-01-01T00:00:00.001Z,False,,True,
5,P0005,Age45To54,Architect,5,IT,it,2000-01-01T00:00:00.000Z,1.0,2000-01-01T00:00:00.001Z,False,,False,No
6,P0006,Age35To44,NonExpert,3,other,en,2000-01-01T00:00:00.000Z,1.0,2000-01-01T00:00:00.001Z,False,,True,
7,P0007,Age45To54,NonExpert,3,IT,it,2000-01-01T00:00:00.000Z,1.0,2000-01-01T00:00:00.001Z,True,non termitano,False,No
8,P0008,Age18To24,ArchitectureStudent,2,IT,it,2000-01-01T00:00:00.000Z,1.0,2000-01-01T00:00:00.001Z,False,,True,
9,P0009,Age35To44,NonExpert,1,IT,it,2000-01-01T00:00:00.000Z,1.0,2000-01-01T00:00:00.001Z,True,non finito,False,No
10,P0010,Age45To54,Architect,3,IT,it,2000-01-01T00:00:00.000Z,1.0,2000-01-01T00:00:00.001Z,False,,False,Yes
11,P0011,Age35To44,Engineer,1,IT,it,2000-01-01T00:00:00.000Z,1.0,2000-01-01T00:00:00.001Z,False,,False,No
12,P0012,Age18To24,ArchitectureStudent,2,IT,it,2000-01-01T00:00:00.000Z,1.0,2000-01-01T00:00:00.001Z,False,,False,No
13,P0013,Age65Plus,Engineer,5,other,es,2000-01-01T00:00:00.000Z,1.0,2000-01-01T00:00:00.001Z,False,,True,
14,P0014,Age45To54,Other,1,,it,2000-01-01T00:00:00.000Z,1.0,2000-01-01T00:00:00.001Z,False,,False,No
15,P0015,Age45To54,Other,3,IT,it,2000-01-01T00:00:00.000Z,1.0,2000-01-01T00:00:00.001Z,False,,True,
16,P0016,Age45To54,Other,2,IT,it,2000-01-01T00:00:00.000Z,1.0,2000-01-01T00:00:00.001Z,False,,True,
17,P0017,Age65Plus,NonExpert,2,ES,es,2000-01-01T00:00:00.000Z,1.0,2000-01-01T00:00:00.001Z,False,,True,
18,P0018,Age55To64,NonExpert,1,ES,es,2000-01-01T00:00:00.000Z,1.0,2000-01-01T00:00:00.000Z,False,,True,
19,P0019,Age25To34,Architect,4,IT,it,2000-01-01T00:00:00.000Z,1.0,2000-01-01T00:00:00.001Z,False,,False,No
20,P0020,Age35To44,Other,2,IT,it,2000-01-01T00:00:00.000Z,1.0,2000-01-01T00:00:00.000Z,False,,True,
21,P0021,Age55To64,Architect,4,IT,it,2000-01-01T00:00:00.000Z,1.0,2000-01-01T00:00:00.001Z,False,,True,
22,P0022,Age45To54,NonExpert,1,IT,it,2000-01-01T00:00:00.000Z,1.0,2000-01-01T00:00:00.001Z,False,,True,
23,P0023,Age55To64,Other,2,ES,es,2000-01-01T00:00:00.000Z,1.0,2000-01-01T00:00:00.012Z,False,,False,Yes
24,P0024,Age35To44,NonExpert,2,IT,it,2000-01-01T00:00:00.000Z,1.0,2000-01-01T00:00:00.001Z,False,,True,
25,P0025,Age55To64,NonExpert,2,ES,es,2000-01-01T00:00:00.000Z,1.0,2000-01-01T00:00:00.000Z,False,,True,
26,P0026,Age65Plus,Architect,5,IT,it,2000-01-01T00:00:00.000Z,1.0,2000-01-01T00:00:00.001Z,False,,True,
27,P0027,Age25To34,Architect,4,IT,it,2000-01-01T00:00:00.000Z,1.0,2000-01-01T00:00:00.001Z,False,,True,
28,P0028,Age35To44,Architect,5,IT,it,2000-01-01T00:00:00.000Z,1.0,2000-01-01T00:00:00.001Z,False,,False,No
29,P0029,PreferNotToSay,NonExpert,5,,it,2000-01-01T00:00:00.000Z,1.0,2000-01-01T00:00:00.001Z,False,,False,No
30,P0030,Age55To64,Architect,4,ES,es,2000-01-01T00:00:00.000Z,1.0,2000-01-01T00:00:00.000Z,False,,True,
31,P0031,Age45To54,Other,1,IT,it,2000-01-01T00:00:00.000Z,1.0,2000-01-01T00:00:00.001Z,False,,False,No
32,P0032,Age35To44,Architect,5,IT,it,2000-01-01T00:00:00.000Z,1.0,2000-01-01T00:00:00.001Z,False,,True,
33,P0033,Age18To24,Other,3,IT,it,2000-01-01T00:00:00.000Z,1.0,2000-01-01T00:00:00.001Z,False,,False,No
34,P0034,Age45To54,Architect,1,IT,it,2000-01-01T00:00:00.000Z,1.0,2000-01-01T00:00:00.001Z,False,,True,
35,P0035,Age25To34,NonExpert,2,IT,it,2000-01-01T00:00:00.000Z,1.0,2000-01-01T00:00:00.001Z,False,,False,No
36,P0036,Age65Plus,NonExpert,1,IT,it,2000-01-01T00:00:00.000Z,1.0,2000-01-01T00:00:00.001Z,False,,True,
37,P0037,Age35To44,Architect,3,IT,it,2000-01-01T00:00:00.000Z,1.0,2000-01-01T00:00:00.001Z,False,,True,
38,P0038,PreferNotToSay,NonExpert,2,IT,it,2000-01-01T00:00:00.000Z,1.0,2000-01-01T00:00:00.001Z,False,,True,
39,P0039,Age55To64,Other,2,IT,it,2000-01-01T00:00:00.000Z,1.0,2000-01-01T00:00:00.001Z,False,,False,No
40,P0040,Age55To64,NonExpert,1,IT,it,2000-01-01T00:00:00.000Z,1.0,2000-01-01T00:00:00.001Z,True,non finito,False,No
41,P0041,Age45To54,Architect,5,IT,it,2000-01-01T00:00:00.000Z,1.0,2000-01-01T00:00:00.000Z,True,non finito,False,No
42,P0042,Age35To44,NonExpert,2,ES,es,2000-01-01T00:00:00.000Z,1.0,2000-01-01T00:00:00.000Z,False,,True,
43,P0043,Age18To24,ArchitectureStudent,2,IT,it,2000-01-01T00:00:00.000Z,1.0,2000-01-01T00:00:00.000Z,True,non finito,False,Yes
44,P0044,Age18To24,NonExpert,1,ES,es,2000-01-01T00:00:00.000Z,1.0,2000-01-01T00:00:00.001Z,False,,False,No
45,P0045,Age45To54,Other,1,IT,it,2000-01-01T00:00:00.000Z,1.0,2000-01-01T00:00:00.001Z,False,,True,
46,P0046,Age25To34,Architect,4,IT,it,2000-01-01T00:00:00.000Z,1.0,2000-01-01T00:00:00.000Z,False,,False,No
47,P0047,PreferNotToSay,NonExpert,1,,es,2000-01-01T00:00:00.000Z,1.0,2000-01-01T00:00:00.000Z,False,,False,No
48,P0048,Age55To64,Other,2,IT,it,2000-01-01T00:00:00.000Z,1.0,2000-01-01T00:00:00.000Z,False,,False,No
49,P0049,Age45To54,Architect,1,IT,it,2000-01-01T00:00:00.000Z,1.0,2000-01-01T00:00:00.001Z,True,non finito,True,
50,P0050,Age35To44,Engineer,1,,it,2000-01-01T00:00:00.000Z,1.0,2000-01-01T00:00:00.007Z,True,"Automatic rule: 64 of 90 answers (71%) excluded as faster than 501 ms, above the 20% limit",False,NotSure
51,P0051,Age25To34,NonExpert,3,IT,it,2000-01-01T00:00:00.000Z,1.0,2000-01-01T00:00:00.000Z,False,,True,
52,P0052,Age35To44,NonExpert,1,IT,it,2000-01-01T00:00:00.000Z,1.0,2000-01-01T00:00:00.001Z,False,,True,
53,P0053,Age65Plus,Engineer,5,IT,it,2000-01-01T00:00:00.000Z,1.0,2000-01-01T00:00:00.001Z,False,,True,
54,P0054,Age45To54,Architect,4,IT,it,2000-01-01T00:00:00.000Z,1.0,2000-01-01T00:00:00.001Z,False,,False,No
55,P0055,Age35To44,Other,2,,it,2000-01-01T00:00:00.000Z,1.0,2000-01-01T00:00:00.001Z,False,,False,No
56,P0056,Age55To64,Architect,5,IT,it,2000-01-01T00:00:00.000Z,1.0,2000-01-01T00:00:00.000Z,False,,True,
57,P0057,Age25To34,Architect,5,IT,it,2000-01-01T00:00:00.000Z,1.0,2000-01-01T00:00:00.001Z,False,,False,No
58,P0058,Age25To34,Architect,4,IT,it,2000-01-01T00:00:00.000Z,1.0,2000-01-01T00:00:00.001Z,False,,False,No
59,P0059,Age35To44,NonExpert,2,IT,it,2000-01-01T00:00:00.000Z,1.0,2000-01-01T00:00:00.001Z,False,,False,No
60,P0060,Age45To54,Other,4,IT,it,2000-01-01T00:00:00.000Z,1.0,2000-01-01T00:00:00.001Z,False,,True,
61,P0061,Age35To44,NonExpert,5,IT,it,2000-01-01T00:00:00.000Z,1.0,2000-01-01T00:00:00.000Z,True,non ha partecipato,False,No
62,P0062,Age25To34,Engineer,1,IT,it,2000-01-01T00:00:00.000Z,1.0,2000-01-01T00:00:00.000Z,False,,False,No
63,P0063,Age25To34,Architect,5,IT,it,2000-01-01T00:00:00.000Z,1.0,2000-01-01T00:00:00.001Z,False,,True,
64,P0064,Age65Plus,NonExpert,1,ES,es,2000-01-01T00:00:00.000Z,1.0,2000-01-01T00:00:00.000Z,False,,True,
65,P0065,Age18To24,NonExpert,1,ES,es,2000-01-01T00:00:00.000Z,1.0,2000-01-01T00:00:00.001Z,False,,False,No
66,P0066,Age25To34,Other,4,IT,it,2000-01-01T00:00:00.000Z,1.0,2000-01-01T00:00:00.002Z,False,,False,No
67,P0067,Age55To64,Architect,5,IT,it,2000-01-01T00:00:00.000Z,1.0,2000-01-01T00:00:00.001Z,False,,False,Yes
68,P0068,Age18To24,ArchitectureStudent,3,IT,it,2000-01-01T00:00:00.000Z,1.0,2000-01-01T00:00:00.000Z,False,,False,No
69,P0069,Age45To54,Architect,5,IT,it,2000-01-01T00:00:00.000Z,1.0,2000-01-01T00:00:00.001Z,False,,False,No
70,P0070,Age45To54,Architect,4,IT,it,2000-01-01T00:00:00.000Z,1.0,2000-01-01T00:00:00.001Z,False,,True,
71,P0071,Age55To64,Other,4,IT,it,2000-01-01T00:00:00.000Z,1.0,2000-01-01T00:00:00.000Z,False,,True,
72,P0072,Age55To64,Architect,5,IT,it,2000-01-01T00:00:00.000Z,1.0,2000-01-01T00:00:00.000Z,False,,True,
73,P0073,Age25To34,Architect,3,IT,it,2000-01-01T00:00:00.000Z,1.0,2000-01-01T00:00:00.001Z,False,,False,No
74,P0074,Age55To64,NonExpert,1,IT,it,2000-01-01T00:00:00.000Z,1.0,2000-01-01T00:00:00.001Z,False,,False,Yes
75,P0075,Age45To54,NonExpert,1,IT,it,2000-01-01T00:00:00.000Z,1.0,2000-01-01T00:00:00.001Z,False,,False,No
76,P0076,Age25To34,Architect,3,IT,it,2000-01-01T00:00:00.000Z,1.0,2000-01-01T00:00:00.001Z,False,,False,NotSure
77,P0077,Age18To24,NonExpert,2,ES,es,2000-01-01T00:00:00.000Z,1.0,2000-01-01T00:00:00.000Z,False,,False,No
78,P0078,Age35To44,NonExpert,1,IT,it,2000-01-01T00:00:00.000Z,1.0,2000-01-01T00:00:00.001Z,False,,True,
79,P0079,Age55To64,Architect,5,IT,it,2000-01-01T00:00:00.000Z,1.0,2000-01-01T00:00:00.001Z,False,,True,
80,P0080,Age18To24,ArchitectureStudent,4,IT,it,2000-01-01T00:00:00.000Z,1.0,2000-01-01T00:00:00.001Z,False,,True,
81,P0081,Age65Plus,Architect,4,IT,it,2000-01-01T00:00:00.000Z,1.0,2000-01-01T00:00:00.000Z,False,,True,
82,P0082,Age35To44,Other,1,IT,it,2000-01-01T00:00:00.000Z,1.0,2000-01-01T00:00:00.001Z,False,,True,
83,P0083,PreferNotToSay,Other,1,,it,2000-01-01T00:00:00.000Z,1.0,2000-01-01T00:00:00.007Z,False,,False,No
84,P0084,Age25To34,Other,5,IT,it,2000-01-01T00:00:00.000Z,1.0,2000-01-01T00:00:00.001Z,False,,True,
85,P0085,Age65Plus,Engineer,3,other,es,2000-01-01T00:00:00.000Z,1.0,2000-01-01T00:00:00.001Z,False,,False,NotSure
86,P0086,Age55To64,NonExpert,3,ES,es,2000-01-01T00:00:00.000Z,1.0,2000-01-01T00:00:00.000Z,False,,True,
87,P0087,Age25To34,Other,1,other,en,2000-01-01T00:00:00.000Z,1.0,2000-01-01T00:00:00.001Z,False,,True,
88,P0088,Age55To64,NonExpert,3,ES,es,2000-01-01T00:00:00.000Z,1.0,2000-01-01T00:00:00.001Z,False,,True,
89,P0089,Age55To64,NonExpert,1,IT,it,2000-01-01T00:00:00.000Z,1.0,2000-01-01T00:00:00.000Z,False,,True,
90,P0090,Age35To44,NonExpert,2,IT,it,2000-01-01T00:00:00.000Z,1.0,2000-01-01T00:00:00.001Z,False,,False,No
91,P0091,PreferNotToSay,NonExpert,1,,it,2000-01-01T00:00:00.000Z,1.0,2000-01-01T00:00:00.001Z,False,,True,
92,P0092,Age55To64,NonExpert,1,IT,it,2000-01-01T00:00:00.000Z,1.0,2000-01-01T00:00:00.001Z,False,,True,
93,P0093,Age55To64,Architect,5,IT,it,2000-01-01T00:00:00.000Z,1.0,2000-01-01T00:00:00.001Z,False,,True,
94,P0094,Age35To44,Architect,4,IT,it,2000-01-01T00:00:00.000Z,1.0,2000-01-01T00:00:00.002Z,False,,True,
95,P0095,Age35To44,Architect,4,IT,it,2000-01-01T00:00:00.000Z,1.0,2000-01-01T00:00:00.008Z,False,,False,No
96,P0096,Age18To24,NonExpert,2,IT,it,2000-01-01T00:00:00.000Z,1.0,2000-01-01T00:00:00.000Z,False,,True,
97,P0097,Age35To44,NonExpert,3,IT,it,2000-01-01T00:00:00.000Z,1.0,2000-01-01T00:00:00.001Z,False,,False,No
98,P0098,Age35To44,Other,3,IT,it,2000-01-01T00:00:00.000Z,1.0,2000-01-01T00:00:00.013Z,False,,True,
99,P0099,Age45To54,Architect,4,IT,it,2000-01-01T00:00:00.000Z,1.0,2000-01-01T00:00:00.001Z,False,,True,
100,P0100,Age45To54,Architect,4,IT,it,2000-01-01T00:00:00.000Z,1.0,2000-01-01T00:00:00.001Z,False,,True,
101,P0101,Age65Plus,Other,2,other,en,2000-01-01T00:00:00.000Z,1.0,2000-01-01T00:00:00.001Z,False,,True,
102,P0102,Age55To64,Architect,1,IT,it,2000-01-01T00:00:00.000Z,1.0,2000-01-01T00:00:00.001Z,False,,True,
103,P0103,Age55To64,Architect,5,IT,it,2000-01-01T00:00:00.000Z,1.0,2000-01-01T00:00:00.000Z,False,,True,
104,P0104,Age45To54,NonExpert,2,,it,2000-01-01T00:00:00.000Z,1.0,2000-01-01T00:00:00.001Z,False,,True,
105,P0105,Age45To54,NonExpert,1,IT,it,2000-01-01T00:00:00.000Z,1.0,2000-01-01T00:00:00.000Z,False,,False,No
106,P0106,Age55To64,Architect,4,IT,it,2000-01-01T00:00:00.000Z,1.0,2000-01-01T00:00:00.000Z,False,,False,No
107,P0107,Age45To54,NonExpert,1,IT,it,2000-01-01T00:00:00.000Z,1.0,2000-01-01T00:00:00.001Z,False,,False,No
108,P0108,Age35To44,NonExpert,1,IT,it,2000-01-01T00:00:00.000Z,1.0,2000-01-01T00:00:00.002Z,False,,True,
109,P0109,Age45To54,Other,1,IT,it,2000-01-01T00:00:00.000Z,1.0,2000-01-01T00:00:00.000Z,False,,True,
110,P0110,Age55To64,Other,3,other,it,2000-01-01T00:00:00.000Z,1.0,2000-01-01T00:00:00.001Z,False,,True,
111,P0111,Age55To64,Other,1,IT,it,2000-01-01T00:00:00.000Z,1.0,2000-01-01T00:00:00.000Z,False,,True,
112,P0112,Age45To54,NonExpert,1,IT,it,2000-01-01T00:00:00.000Z,1.0,2000-01-01T00:00:00.001Z,False,,True,
113,P0113,Age25To34,Architect,5,ES,es,2000-01-01T00:00:00.000Z,1.0,2000-01-01T00:00:00.001Z,False,,True,
114,P0114,PreferNotToSay,NonExpert,3,,es,2000-01-01T00:00:00.000Z,1.0,2000-01-01T00:00:00.001Z,False,,True,
115,P0115,Age65Plus,Engineer,3,ES,es,2000-01-01T00:00:00.000Z,1.0,2000-01-01T00:00:00.000Z,False,,True,
116,P0116,Age35To44,NonExpert,2,IT,it,2000-01-01T00:00:00.000Z,1.0,2000-01-01T00:00:00.001Z,False,,False,NotSure
117,P0117,Age18To24,ArchitectureStudent,4,IT,it,2000-01-01T00:00:00.000Z,1.0,2000-01-01T00:00:00.001Z,False,,True,
118,P0118,PreferNotToSay,NonExpert,5,,en,2000-01-01T00:00:00.000Z,1.0,2000-01-01T00:00:00.000Z,False,,True,
119,P0119,Age35To44,Architect,1,IT,it,2000-01-01T00:00:00.000Z,1.0,2000-01-01T00:00:00.001Z,False,,False,No
120,P0120,Age25To34,NonExpert,3,IT,it,2000-01-01T00:00:00.000Z,1.0,2000-01-01T00:00:00.001Z,False,,True,
121,P0121,Age65Plus,NonExpert,3,,es,2000-01-01T00:00:00.000Z,1.0,2000-01-01T00:00:00.001Z,False,,False,No
122,P0122,Age55To64,Other,3,IT,it,2000-01-01T00:00:00.000Z,1.0,2000-01-01T00:00:00.000Z,False,,False,No
123,P0123,Age55To64,NonExpert,1,ES,es,2000-01-01T00:00:00.000Z,1.0,2000-01-01T00:00:00.001Z,False,,True,
124,P0124,Age35To44,NonExpert,3,IT,it,2000-01-01T00:00:00.000Z,1.0,2000-01-01T00:00:00.006Z,False,,True,
125,P0125,Age65Plus,Architect,1,IT,it,2000-01-01T00:00:00.000Z,1.0,2000-01-01T00:00:00.001Z,False,,True,
126,P0126,Age35To44,Architect,3,IT,it,2000-01-01T00:00:00.000Z,1.0,2000-01-01T00:00:00.000Z,False,,False,No
127,P0127,Age25To34,Architect,4,IT,it,2000-01-01T00:00:00.000Z,1.0,2000-01-01T00:00:00.000Z,False,,True,
128,P0128,Age45To54,NonExpert,1,IT,it,2000-01-01T00:00:00.000Z,1.0,2000-01-01T00:00:00.001Z,False,,False,No
129,P0129,Age18To24,Other,1,IT,it,2000-01-01T00:00:00.000Z,1.0,2000-01-01T00:00:00.001Z,False,,True,
130,P0130,Age18To24,ArchitectureStudent,3,IT,it,2000-01-01T00:00:00.000Z,1.0,2000-01-01T00:00:00.001Z,False,,False,No
131,P0131,Age55To64,Architect,4,IT,it,2000-01-01T00:00:00.000Z,1.0,2000-01-01T00:00:00.000Z,False,,True,
132,P0132,Age55To64,NonExpert,1,IT,it,2000-01-01T00:00:00.000Z,1.0,2000-01-01T00:00:00.001Z,False,,False,No
133,P0133,Age25To34,NonExpert,3,IT,it,2000-01-01T00:00:00.000Z,1.0,2000-01-01T00:00:00.001Z,False,,False,Yes
134,P0134,Age35To44,Other,2,IT,it,2000-01-01T00:00:00.000Z,1.0,2000-01-01T00:00:00.001Z,False,,True,
135,P0135,Age45To54,Architect,1,IT,it,2000-01-01T00:00:00.000Z,1.0,2000-01-01T00:00:00.001Z,False,,True,
136,P0136,Age25To34,Architect,5,IT,it,2000-01-01T00:00:00.000Z,1.0,2000-01-01T00:00:00.001Z,False,,True,
137,P0137,Age18To24,NonExpert,1,IT,it,2000-01-01T00:00:00.000Z,1.0,2000-01-01T00:00:00.001Z,False,,True,
138,P0138,Age55To64,Other,2,ES,es,2000-01-01T00:00:00.000Z,1.0,2000-01-01T00:00:00.001Z,False,,True,
139,P0139,Age45To54,NonExpert,2,IT,it,2000-01-01T00:00:00.000Z,1.0,2000-01-01T00:00:00.000Z,False,,True,
140,P0140,Age55To64,NonExpert,1,IT,it,2000-01-01T00:00:00.000Z,1.0,2000-01-01T00:00:00.001Z,False,,True,
141,P0141,Age25To34,Architect,5,IT,it,2000-01-01T00:00:00.000Z,1.0,2000-01-01T00:00:00.001Z,False,,False,No
142,P0142,Age35To44,Other,1,IT,it,2000-01-01T00:00:00.000Z,1.0,2000-01-01T00:00:00.000Z,False,,False,No
143,P0143,Age65Plus,Other,1,IT,it,2000-01-01T00:00:00.000Z,1.0,2000-01-01T00:00:00.001Z,False,,False,No
144,P0144,Age18To24,NonExpert,3,ES,es,2000-01-01T00:00:00.000Z,1.0,2000-01-01T00:00:00.008Z,False,,False,No
145,P0145,Age45To54,Architect,4,IT,it,2000-01-01T00:00:00.000Z,1.0,2000-01-01T00:00:00.007Z,False,,False,No
146,P0146,Age45To54,NonExpert,2,IT,it,2000-01-01T00:00:00.000Z,1.0,2000-01-01T00:00:00.000Z,False,,False,No
147,P0147,Age18To24,ArchitectureStudent,3,IT,it,2000-01-01T00:00:00.000Z,1.0,2000-01-01T00:00:00.001Z,True,non completo,False,No
148,P0148,Age45To54,Other,4,IT,it,2000-01-01T00:00:00.000Z,1.0,2000-01-01T00:00:00.000Z,False,,False,No
149,P0149,Age55To64,Engineer,4,ES,es,2000-01-01T00:00:00.000Z,1.0,2000-01-01T00:00:00.001Z,False,,False,No
150,P0150,Age35To44,Other,3,IT,it,2000-01-01T00:00:00.000Z,1.0,2000-01-01T00:00:00.001Z,False,,True,
151,P0151,Age45To54,Architect,5,IT,it,2000-01-01T00:00:00.000Z,1.0,2000-01-01T00:00:00.000Z,False,,True,
152,P0152,Age65Plus,Architect,5,IT,it,2000-01-01T00:00:00.000Z,1.0,2000-01-01T00:00:00.001Z,False,,False,NotSure
153,P0153,Age35To44,NonExpert,1,IT,it,2000-01-01T00:00:00.000Z,1.0,2000-01-01T00:00:00.001Z,False,,True,
154,P0154,Age25To34,Architect,5,other,es,2000-01-01T00:00:00.000Z,1.0,2000-01-01T00:00:00.001Z,False,,False,No
155,P0155,Age65Plus,NonExpert,1,IT,it,2000-01-01T00:00:00.000Z,1.0,2000-01-01T00:00:00.000Z,False,,True,
156,P0156,Age45To54,NonExpert,1,IT,it,2000-01-01T00:00:00.000Z,1.0,2000-01-01T00:00:00.001Z,False,,False,No
157,P0157,Age35To44,NonExpert,1,IT,it,2000-01-01T00:00:00.000Z,1.0,2000-01-01T00:00:00.001Z,False,,False,No
158,P0158,PreferNotToSay,Other,3,IT,it,2000-01-01T00:00:00.000Z,1.0,2000-01-01T00:00:00.011Z,False,,False,No
159,P0159,Age25To34,NonExpert,2,IT,it,2000-01-01T00:00:00.000Z,1.0,2000-01-01T00:00:00.000Z,False,,False,No
160,P0160,Age65Plus,Architect,5,IT,it,2000-01-01T00:00:00.000Z,1.0,2000-01-01T00:00:00.001Z,False,,True,
161,P0161,Age35To44,Architect,5,IT,it,2000-01-01T00:00:00.000Z,1.0,2000-01-01T00:00:00.000Z,False,,False,No
162,P0162,Age35To44,Other,2,IT,it,2000-01-01T00:00:00.000Z,1.0,2000-01-01T00:00:00.000Z,False,,False,No
163,P0163,Age35To44,Other,2,IT,it,2000-01-01T00:00:00.000Z,1.0,2000-01-01T00:00:00.001Z,False,,True,
164,P0164,Age55To64,Architect,3,IT,it,2000-01-01T00:00:00.000Z,1.0,2000-01-01T00:00:00.001Z,False,,True,
165,P0165,Age55To64,Other,1,,es,2000-01-01T00:00:00.000Z,1.0,2000-01-01T00:00:00.001Z,False,,False,NotSure
166,P0166,Age25To34,Architect,5,IT,it,2000-01-01T00:00:00.000Z,1.0,2000-01-01T00:00:00.007Z,False,,False,No
167,P0167,Age45To54,Architect,5,IT,it,2000-01-01T00:00:00.000Z,1.0,2000-01-01T00:00:00.001Z,False,,False,No
168,P0168,Age18To24,ArchitectureStudent,2,IT,it,2000-01-01T00:00:00.000Z,1.0,2000-01-01T00:00:00.001Z,False,,False,No
169,P0169,Age65Plus,NonExpert,3,IT,it,2000-01-01T00:00:00.000Z,1.0,2000-01-01T00:00:00.001Z,False,,True,
170,P0170,Age45To54,NonExpert,1,IT,it,2000-01-01T00:00:00.000Z,1.0,2000-01-01T00:00:00.009Z,False,,False,No
171,P0171,Age25To34,Architect,5,IT,it,2000-01-01T00:00:00.000Z,1.0,2000-01-01T00:00:00.000Z,False,,False,Yes
172,P0172,Age45To54,Other,3,ES,es,2000-01-01T00:00:00.000Z,1.0,2000-01-01T00:00:00.001Z,False,,False,No
173,P0173,Age18To24,ArchitectureStudent,3,IT,it,2000-01-01T00:00:00.000Z,1.0,2000-01-01T00:00:00.000Z,False,,False,No
174,P0174,Age25To34,NonExpert,1,IT,it,2000-01-01T00:00:00.000Z,1.0,2000-01-01T00:00:00.001Z,True,q,False,No
175,P0175,Age18To24,NonExpert,1,IT,en,2000-01-01T00:00:00.000Z,1.0,2000-01-01T00:00:00.001Z,False,,True,
176,P0176,Age25To34,Engineer,1,IT,it,2000-01-01T00:00:00.000Z,1.0,2000-01-01T00:00:00.000Z,False,,True,
177,P0177,Age55To64,Architect,4,IT,it,2000-01-01T00:00:00.000Z,1.0,2000-01-01T00:00:00.001Z,False,,True,
178,P0178,Age25To34,NonExpert,1,IT,it,2000-01-01T00:00:00.000Z,1.0,2000-01-01T00:00:00.001Z,False,,True,
179,P0179,Age35To44,Architect,5,IT,en,2000-01-01T00:00:00.000Z,1.0,2000-01-01T00:00:00.000Z,False,,False,NotSure
180,P0180,Age18To24,ArchitectureStudent,2,other,it,2000-01-01T00:00:00.000Z,1.0,2000-01-01T00:00:00.001Z,False,,False,No
181,P0181,Age65Plus,Engineer,1,other,es,2000-01-01T00:00:00.000Z,1.0,2000-01-01T00:00:00.001Z,False,,True,
182,P0182,Age18To24,ArchitectureStudent,3,IT,it,2000-01-01T00:00:00.000Z,1.0,2000-01-01T00:00:00.001Z,True,non finito,False,No
183,P0183,Age18To24,NonExpert,1,IT,it,2000-01-01T00:00:00.000Z,1.0,2000-01-01T00:00:00.001Z,False,,False,No
184,P0184,Age25To34,NonExpert,1,IT,it,2000-01-01T00:00:00.000Z,1.0,2000-01-01T00:00:00.000Z,False,,False,No
185,P0185,Age45To54,Other,4,IT,it,2000-01-01T00:00:00.000Z,1.0,2000-01-01T00:00:00.001Z,False,,True,
186,P0186,Age45To54,Architect,4,IT,it,2000-01-01T00:00:00.000Z,1.0,2000-01-01T00:00:00.001Z,False,,True,
187,P0187,Age45To54,Architect,4,IT,it,2000-01-01T00:00:00.000Z,1.0,2000-01-01T00:00:00.001Z,False,,False,No
188,P0188,PreferNotToSay,NonExpert,1,,es,2000-01-01T00:00:00.000Z,1.0,2000-01-01T00:00:00.001Z,False,,True,
189,P0189,Age18To24,NonExpert,2,IT,it,2000-01-01T00:00:00.000Z,1.0,2000-01-01T00:00:00.001Z,False,,False,Yes
190,P0190,Age35To44,Architect,5,IT,it,2000-01-01T00:00:00.000Z,1.0,2000-01-01T00:00:00.000Z,False,,True,
191,P0191,Age55To64,NonExpert,3,ES,es,2000-01-01T00:00:00.000Z,1.0,2000-01-01T00:00:00.000Z,False,,True,
192,P0192,Age18To24,Engineer,3,IT,it,2000-01-01T00:00:00.000Z,1.0,2000-01-01T00:00:00.000Z,True,a,False,Yes
193,P0193,Age35To44,Engineer,1,IT,it,2000-01-01T00:00:00.000Z,1.0,2000-01-01T00:00:00.001Z,False,,False,No
194,P0194,Age45To54,Other,4,IT,it,2000-01-01T00:00:00.000Z,1.0,2000-01-01T00:00:00.001Z,False,,False,No
195,P0195,Age65Plus,Architect,5,IT,it,2000-01-01T00:00:00.000Z,1.0,2000-01-01T00:00:00.000Z,False,,True,
196,P0196,Age45To54,NonExpert,2,IT,it,2000-01-01T00:00:00.000Z,1.0,2000-01-01T00:00:00.000Z,False,,True,
197,P0197,Age55To64,Engineer,3,other,es,2000-01-01T00:00:00.000Z,1.0,2000-01-01T00:00:00.001Z,False,,True,
198,P0198,Age18To24,ArchitectureStudent,3,IT,it,2000-01-01T00:00:00.000Z,1.0,2000-01-01T00:00:00.001Z,False,,False,No
199,P0199,Age25To34,ArchitectureStudent,2,IT,it,2000-01-01T00:00:00.000Z,1.0,2000-01-01T00:00:00.000Z,False,,True,
200,P0200,Age55To64,Architect,5,ES,es,2000-01-01T00:00:00.000Z,1.0,2000-01-01T00:00:00.000Z,False,,True,
201,P0201,Age55To64,Architect,5,ES,es,2000-01-01T00:00:00.000Z,1.0,2000-01-01T00:00:00.001Z,False,,True,
202,P0202,Age55To64,Other,3,,it,2000-01-01T00:00:00.000Z,1.0,2000-01-01T00:00:00.000Z,False,,True,
203,P0203,Age25To34,Architect,5,IT,it,2000-01-01T00:00:00.000Z,1.0,2000-01-01T00:00:00.008Z,False,,False,Yes
204,P0204,Age25To34,Architect,4,IT,it,2000-01-01T00:00:00.000Z,1.0,2000-01-01T00:00:00.001Z,True,non finito,True,
205,P0205,Age55To64,NonExpert,2,ES,es,2000-01-01T00:00:00.000Z,1.0,2000-01-01T00:00:00.000Z,False,,True,
206,P0206,Age45To54,NonExpert,3,IT,it,2000-01-01T00:00:00.000Z,1.0,2000-01-01T00:00:00.001Z,False,,True,
207,P0207,Age35To44,ArchitectureStudent,3,IT,it,2000-01-01T00:00:00.000Z,1.0,2000-01-01T00:00:00.001Z,False,,True,
208,P0208,Age65Plus,NonExpert,2,IT,it,2000-01-01T00:00:00.000Z,1.0,2000-01-01T00:00:00.007Z,False,,False,No
209,P0209,Age25To34,Architect,4,IT,it,2000-01-01T00:00:00.000Z,1.0,2000-01-01T00:00:00.001Z,False,,True,
210,P0210,Age45To54,Other,1,IT,it,2000-01-01T00:00:00.000Z,1.0,2000-01-01T00:00:00.000Z,False,,False,No
211,P0211,Age45To54,NonExpert,2,IT,it,2000-01-01T00:00:00.000Z,1.0,2000-01-01T00:00:00.010Z,False,,True,
212,P0212,Age55To64,Architect,5,IT,it,2000-01-01T00:00:00.000Z,1.0,2000-01-01T00:00:00.001Z,False,,True,
213,P0213,Age45To54,Architect,4,ES,es,2000-01-01T00:00:00.000Z,1.0,2000-01-01T00:00:00.001Z,False,,True,
214,P0214,Age45To54,NonExpert,1,ES,es,2000-01-01T00:00:00.000Z,1.0,2000-01-01T00:00:00.001Z,False,,True,
215,P0215,Age18To24,NonExpert,1,IT,it,2000-01-01T00:00:00.000Z,1.0,2000-01-01T00:00:00.001Z,False,,False,No
216,P0216,Age35To44,NonExpert,1,,it,2000-01-01T00:00:00.000Z,1.0,2000-01-01T00:00:00.009Z,False,,False,No
217,P0217,Age45To54,NonExpert,1,IT,it,2000-01-01T00:00:00.000Z,1.0,2000-01-01T00:00:00.014Z,False,,True,
218,P0218,Age45To54,NonExpert,3,,it,2000-01-01T00:00:00.000Z,1.0,2000-01-01T00:00:00.008Z,False,,True,
219,P0219,Age55To64,NonExpert,1,IT,it,2000-01-01T00:00:00.000Z,1.0,2000-01-01T00:00:00.000Z,False,,False,No
220,P0220,Age55To64,Architect,5,IT,it,2000-01-01T00:00:00.000Z,1.0,2000-01-01T00:00:00.001Z,False,,True,
221,P0221,Age35To44,Architect,5,IT,it,2000-01-01T00:00:00.000Z,1.0,2000-01-01T00:00:00.001Z,False,,True,
222,P0222,Age18To24,ArchitectureStudent,3,IT,it,2000-01-01T00:00:00.000Z,1.0,2000-01-01T00:00:00.001Z,True,"Automatic rule: 19 of 90 answers (21%) excluded as faster than 501 ms, above the 20% limit",False,No
223,P0223,Age35To44,NonExpert,1,IT,it,2000-01-01T00:00:00.000Z,1.0,2000-01-01T00:00:00.001Z,False,,False,No
224,P0224,Age18To24,ArchitectureStudent,5,IT,it,2000-01-01T00:00:00.000Z,1.0,2000-01-01T00:00:00.001Z,False,,False,No
225,P0225,Age25To34,Architect,5,IT,it,2000-01-01T00:00:00.000Z,1.0,2000-01-01T00:00:00.001Z,False,,False,No
226,P0226,Age35To44,Other,1,IT,it,2000-01-01T00:00:00.000Z,1.0,2000-01-01T00:00:00.001Z,False,,True,
227,P0227,PreferNotToSay,NonExpert,2,,it,2000-01-01T00:00:00.000Z,1.0,2000-01-01T00:00:00.000Z,False,,True,
228,P0228,Age45To54,NonExpert,1,IT,it,2000-01-01T00:00:00.000Z,1.0,2000-01-01T00:00:00.001Z,False,,False,Yes
229,P0229,PreferNotToSay,Architect,5,IT,it,2000-01-01T00:00:00.000Z,1.0,2000-01-01T00:00:00.000Z,False,,True,
230,P0230,Age35To44,NonExpert,2,IT,it,2000-01-01T00:00:00.000Z,1.0,2000-01-01T00:00:00.001Z,False,,False,No
231,P0231,Age18To24,ArchitectureStudent,3,IT,it,2000-01-01T00:00:00.000Z,1.0,2000-01-01T00:00:00.000Z,True,"Automatic rule: 26 of 90 answers (29%) excluded as faster than 501 ms, above the 20% limit",False,NotSure
232,P0232,Age55To64,Architect,5,ES,en,2000-01-01T00:00:00.000Z,1.0,2000-01-01T00:00:00.001Z,False,,True,
233,P0233,Age35To44,NonExpert,3,IT,it,2000-01-01T00:00:00.000Z,1.0,2000-01-01T00:00:00.000Z,False,,False,No
234,P0234,PreferNotToSay,NonExpert,2,,es,2000-01-01T00:00:00.000Z,1.0,2000-01-01T00:00:00.000Z,False,,True,
235,P0235,Age35To44,Other,5,IT,it,2000-01-01T00:00:00.000Z,1.0,2000-01-01T00:00:00.000Z,False,,True,
236,P0236,Age25To34,NonExpert,1,IT,it,2000-01-01T00:00:00.000Z,1.0,2000-01-01T00:00:00.001Z,False,,True,
237,P0237,Age35To44,NonExpert,1,IT,it,2000-01-01T00:00:00.000Z,1.0,2000-01-01T00:00:00.001Z,False,,True,
238,P0238,Age65Plus,Engineer,3,other,es,2000-01-01T00:00:00.000Z,1.0,2000-01-01T00:00:00.001Z,False,,False,NotSure
239,P0239,Age55To64,Architect,4,IT,it,2000-01-01T00:00:00.000Z,1.0,2000-01-01T00:00:00.001Z,False,,True,
240,P0240,Age45To54,NonExpert,1,,it,2000-01-01T00:00:00.000Z,1.0,2000-01-01T00:00:00.001Z,False,,False,No
241,P0241,Age35To44,Other,4,IT,it,2000-01-01T00:00:00.000Z,1.0,2000-01-01T00:00:00.001Z,False,,True,
242,P0242,Age55To64,NonExpert,1,IT,it,2000-01-01T00:00:00.000Z,1.0,2000-01-01T00:00:00.001Z,False,,False,No
243,P0243,Age45To54,NonExpert,1,IT,it,2000-01-01T00:00:00.000Z,1.0,2000-01-01T00:00:00.008Z,True,Non completato,False,No
244,P0244,Age18To24,ArchitectureStudent,2,IT,it,2000-01-01T00:00:00.000Z,1.0,2000-01-01T00:00:00.001Z,False,,False,Yes
245,P0245,Age35To44,Other,1,IT,it,2000-01-01T00:00:00.000Z,1.0,2000-01-01T00:00:00.000Z,False,,True,
246,P0246,Age55To64,Architect,4,IT,it,2000-01-01T00:00:00.000Z,1.0,2000-01-01T00:00:00.001Z,False,,False,Yes
247,P0247,Age25To34,Architect,4,IT,it,2000-01-01T00:00:00.000Z,1.0,2000-01-01T00:00:00.001Z,False,,False,Yes
248,P0248,Age25To34,Other,2,IT,it,2000-01-01T00:00:00.000Z,1.0,2000-01-01T00:00:00.001Z,False,,False,No
249,P0249,Age45To54,ArchitectureStudent,5,IT,it,2000-01-01T00:00:00.000Z,1.0,2000-01-01T00:00:00.000Z,False,,True,
250,P0250,Age55To64,Other,2,ES,es,2000-01-01T00:00:00.000Z,1.0,2000-01-01T00:00:00.001Z,False,,False,NotSure
251,P0251,Age55To64,Architect,4,IT,it,2000-01-01T00:00:00.000Z,1.0,2000-01-01T00:00:00.001Z,False,,False,No
252,P0252,Age65Plus,NonExpert,1,IT,it,2000-01-01T00:00:00.000Z,1.0,2000-01-01T00:00:00.001Z,False,,True,
253,P0253,Age55To64,Other,2,IT,it,2000-01-01T00:00:00.000Z,1.0,2000-01-01T00:00:00.001Z,False,,True,
254,P0254,Age35To44,Architect,5,IT,it,2000-01-01T00:00:00.000Z,1.0,2000-01-01T00:00:00.001Z,False,,True,
255,P0255,Age45To54,Other,1,IT,it,2000-01-01T00:00:00.000Z,1.0,2000-01-01T00:00:00.000Z,False,,False,No
256,P0256,Age55To64,NonExpert,2,IT,en,2000-01-01T00:00:00.000Z,1.0,2000-01-01T00:00:00.001Z,False,,False,NotSure
257,P0257,Age55To64,Other,4,IT,it,2000-01-01T00:00:00.000Z,1.0,2000-01-01T00:00:00.001Z,False,,True,
258,P0258,Age45To54,NonExpert,1,IT,it,2000-01-01T00:00:00.000Z,1.0,2000-01-01T00:00:00.000Z,False,,True,
259,P0259,Age45To54,NonExpert,1,other,en,2000-01-01T00:00:00.000Z,1.0,2000-01-01T00:00:00.001Z,False,,True,
260,P0260,Age55To64,Other,2,ES,es,2000-01-01T00:00:00.000Z,1.0,2000-01-01T00:00:00.001Z,False,,True,
261,P0261,PreferNotToSay,NonExpert,1,,it,2000-01-01T00:00:00.000Z,1.0,2000-01-01T00:00:00.008Z,True,non finito,False,No
262,P0262,Age55To64,Architect,3,ES,es,2000-01-01T00:00:00.000Z,1.0,2000-01-01T00:00:00.002Z,False,,True,
263,P0263,Age55To64,Architect,5,IT,it,2000-01-01T00:00:00.000Z,1.0,2000-01-01T00:00:00.000Z,False,,True,
264,P0264,Age35To44,Other,1,,it,2000-01-01T00:00:00.000Z,1.0,2000-01-01T00:00:00.007Z,False,,False,No
265,P0265,PreferNotToSay,NonExpert,3,,it,2000-01-01T00:00:00.000Z,1.0,2000-01-01T00:00:00.001Z,False,,True,
266,P0266,Age65Plus,Other,4,IT,it,2000-01-01T00:00:00.000Z,1.0,2000-01-01T00:00:00.001Z,False,,True,
267,P0267,Age18To24,ArchitectureStudent,2,IT,it,2000-01-01T00:00:00.000Z,1.0,2000-01-01T00:00:00.001Z,False,,False,No
268,P0268,Age65Plus,Architect,5,IT,it,2000-01-01T00:00:00.000Z,1.0,2000-01-01T00:00:00.001Z,False,,True,
269,P0269,Age55To64,NonExpert,3,IT,it,2000-01-01T00:00:00.000Z,1.0,2000-01-01T00:00:00.000Z,False,,True,
270,P0270,Age35To44,Architect,4,IT,it,2000-01-01T00:00:00.000Z,1.0,2000-01-01T00:00:00.001Z,False,,True,
271,P0271,Age18To24,NonExpert,2,IT,it,2000-01-01T00:00:00.000Z,1.0,2000-01-01T00:00:00.000Z,True,non completato,False,No
272,P0272,Age35To44,NonExpert,3,IT,it,2000-01-01T00:00:00.000Z,1.0,2000-01-01T00:00:00.000Z,False,,True,
273,P0273,Age55To64,Architect,5,,en,2000-01-01T00:00:00.000Z,1.0,2000-01-01T00:00:00.000Z,False,,True,
274,P0274,Age55To64,NonExpert,2,ES,es,2000-01-01T00:00:00.000Z,1.0,2000-01-01T00:00:00.000Z,False,,False,Yes
275,P0275,Age55To64,NonExpert,2,ES,es,2000-01-01T00:00:00.000Z,1.0,2000-01-01T00:00:00.000Z,False,,True,
276,P0276,Age18To24,NonExpert,1,,it,2000-01-01T00:00:00.000Z,1.0,2000-01-01T00:00:00.000Z,False,,False,No
277,P0277,Age18To24,ArchitectureStudent,3,IT,it,2000-01-01T00:00:00.000Z,1.0,2000-01-01T00:00:00.000Z,False,,False,No
278,P0278,Age25To34,Architect,4,IT,it,2000-01-01T00:00:00.000Z,1.0,2000-01-01T00:00:00.000Z,False,,True,
279,P0279,PreferNotToSay,NonExpert,1,,it,2000-01-01T00:00:00.000Z,1.0,2000-01-01T00:00:00.000Z,False,,True,
280,P0280,Age55To64,Architect,4,IT,it,2000-01-01T00:00:00.000Z,1.0,2000-01-01T00:00:00.001Z,False,,False,Yes
281,P0281,Age45To54,Architect,5,IT,it,2000-01-01T00:00:00.000Z,1.0,2000-01-01T00:00:00.000Z,False,,True,
282,P0282,Age35To44,Architect,3,IT,it,2000-01-01T00:00:00.000Z,1.0,2000-01-01T00:00:00.008Z,False,,False,No
283,P0283,Age55To64,NonExpert,3,IT,it,2000-01-01T00:00:00.000Z,1.0,2000-01-01T00:00:00.001Z,False,,True,
284,P0284,Age18To24,ArchitectureStudent,2,IT,it,2000-01-01T00:00:00.000Z,1.0,2000-01-01T00:00:00.001Z,False,,False,No
285,P0285,Age65Plus,NonExpert,2,IT,it,2000-01-01T00:00:00.000Z,1.0,2000-01-01T00:00:00.001Z,False,,True,
286,P0286,Age35To44,Other,2,IT,it,2000-01-01T00:00:00.000Z,1.0,2000-01-01T00:00:00.001Z,False,,False,No
287,P0287,Age45To54,Other,4,IT,it,2000-01-01T00:00:00.000Z,1.0,2000-01-01T00:00:00.000Z,False,,False,No
288,P0288,PreferNotToSay,NonExpert,1,,es,2000-01-01T00:00:00.000Z,1.0,2000-01-01T00:00:00.001Z,False,,True,
289,P0289,Age45To54,NonExpert,2,IT,it,2000-01-01T00:00:00.000Z,1.0,2000-01-01T00:00:00.001Z,False,,True,
290,P0290,Age35To44,NonExpert,3,IT,it,2000-01-01T00:00:00.000Z,1.0,2000-01-01T00:00:00.001Z,False,,False,No
291,P0291,Age25To34,Architect,4,IT,it,2000-01-01T00:00:00.000Z,1.0,2000-01-01T00:00:00.000Z,False,,False,No
292,P0292,Age25To34,ArchitectureStudent,4,IT,it,2000-01-01T00:00:00.000Z,1.0,2000-01-01T00:00:00.000Z,False,,True,
293,P0293,Age55To64,Architect,4,IT,it,2000-01-01T00:00:00.000Z,1.0,2000-01-01T00:00:00.001Z,False,,True,
294,P0294,Age45To54,NonExpert,2,IT,it,2000-01-01T00:00:00.000Z,1.0,2000-01-01T00:00:00.000Z,False,,False,No
295,P0295,Age55To64,Engineer,3,other,en,2000-01-01T00:00:00.000Z,1.0,2000-01-01T00:00:00.001Z,False,,True,
296,P0296,PreferNotToSay,NonExpert,3,,it,2000-01-01T00:00:00.000Z,1.0,2000-01-01T00:00:00.001Z,False,,True,
297,P0297,Age35To44,Architect,3,IT,it,2000-01-01T00:00:00.000Z,1.0,2000-01-01T00:00:00.001Z,False,,False,NotSure
298,P0298,Age35To44,Architect,4,IT,it,2000-01-01T00:00:00.000Z,1.0,2000-01-01T00:00:00.000Z,False,,True,
299,P0299,Age45To54,Architect,4,IT,it,2000-01-01T00:00:00.000Z,1.0,2000-01-01T00:00:00.001Z,False,,False,Yes
300,P0300,Age35To44,Architect,5,IT,it,2000-01-01T00:00:00.000Z,1.0,2000-01-01T00:00:00.001Z,False,,False,NotSure
301,P0301,Age45To54,Architect,4,IT,it,2000-01-01T00:00:00.000Z,1.0,2000-01-01T00:00:00.001Z,False,,True,
302,P0302,Age55To64,Architect,3,IT,it,2000-01-01T00:00:00.000Z,1.0,2000-01-01T00:00:00.001Z,False,,True,
303,P0303,Age18To24,ArchitectureStudent,4,IT,it,2000-01-01T00:00:00.000Z,1.0,2000-01-01T00:00:00.001Z,False,,True,
304,P0304,Age55To64,NonExpert,1,ES,es,2000-01-01T00:00:00.000Z,1.0,2000-01-01T00:00:00.000Z,False,,True,
305,P0305,Age25To34,Other,4,IT,it,2000-01-01T00:00:00.000Z,1.0,2000-01-01T00:00:00.000Z,False,,False,No
306,P0306,Age25To34,Architect,4,IT,it,2000-01-01T00:00:00.000Z,1.0,2000-01-01T00:00:00.001Z,False,,False,No
307,P0307,Age25To34,Architect,4,IT,it,2000-01-01T00:00:00.000Z,1.0,2000-01-01T00:00:00.001Z,False,,False,Yes
308,P0308,Age45To54,Architect,3,IT,it,2000-01-01T00:00:00.000Z,1.0,2000-01-01T00:00:00.001Z,False,,False,No
309,P0309,Age25To34,Architect,5,IT,it,2000-01-01T00:00:00.000Z,1.0,2000-01-01T00:00:00.001Z,False,,True,
310,P0310,Age45To54,Engineer,2,IT,it,2000-01-01T00:00:00.000Z,1.0,2000-01-01T00:00:00.000Z,False,,True,
311,P0311,Age25To34,NonExpert,1,IT,it,2000-01-01T00:00:00.000Z,1.0,2000-01-01T00:00:00.001Z,False,,False,No
