session_id,participant_id,anonymous_code,phase,mode,protocol_version,randomization_seed,started_at,completed_at,status,item_count,answered_items
75,218,P0218,PreTraining,PreTrainingRating,1,1608354301,2000-01-01T00:00:18.430Z,2000-01-01T00:06:11.976Z,Completed,150,150
77,211,P0211,PreTraining,PreTrainingRating,1,1480747637,2000-01-01T00:00:33.284Z,2000-01-01T00:06:24.646Z,Completed,150,150
78,309,P0309,PreTraining,PreTrainingRating,1,2126875559,2000-01-01T00:00:04.174Z,2000-01-01T00:05:35.456Z,Completed,150,150
79,289,P0289,PreTraining,PreTrainingRating,1,373982731,2000-01-01T00:00:10.325Z,2000-01-01T00:05:21.660Z,Completed,150,150
80,52,P0052,PreTraining,PreTrainingRating,1,705138571,2000-01-01T00:00:05.331Z,2000-01-01T00:06:05.450Z,Completed,150,150
81,63,P0063,PreTraining,PreTrainingRating,1,429973443,2000-01-01T00:00:10.647Z,2000-01-01T00:05:58.313Z,Completed,150,150
82,92,P0092,PreTraining,PreTrainingRating,1,62400861,2000-01-01T00:00:17.344Z,2000-01-01T00:05:26.127Z,Completed,150,150
83,178,P0178,PreTraining,PreTrainingRating,1,1222331062,2000-01-01T00:00:33.900Z,2000-01-01T00:09:27.245Z,Completed,150,150
84,136,P0136,PreTraining,PreTrainingRating,1,620575503,2000-01-01T00:00:08.496Z,2000-01-01T00:06:28.076Z,Completed,150,150
86,51,P0051,PreTraining,PreTrainingRating,1,455194575,2000-01-01T00:00:27.912Z,2000-01-01T00:09:44.289Z,Completed,150,150
87,196,P0196,PreTraining,PreTrainingRating,1,516864579,2000-01-01T00:00:05.192Z,2000-01-01T00:04:10.334Z,Completed,150,150
88,278,P0278,PreTraining,PreTrainingRating,1,472571269,2000-01-01T00:00:10.397Z,2000-01-01T01:26:46.604Z,Completed,150,150
89,82,P0082,PreTraining,PreTrainingRating,1,110113588,2000-01-01T00:00:19.350Z,2000-01-01T00:08:24.707Z,Completed,150,150
90,93,P0093,PreTraining,PreTrainingRating,1,1845507551,2000-01-01T00:00:16.962Z,2000-01-01T10:47:01.213Z,Completed,150,150
91,84,P0084,PreTraining,PreTrainingRating,1,1015206083,2000-01-01T00:00:20.526Z,2000-01-01T00:06:04.084Z,Completed,150,150
92,56,P0056,PreTraining,PreTrainingRating,1,1704520523,2000-01-01T00:00:32.604Z,2000-01-01T00:07:51.657Z,Completed,150,150
94,98,P0098,PreTraining,PreTrainingRating,1,317533763,2000-01-01T00:00:07.127Z,,Active,150,51
95,111,P0111,PreTraining,PreTrainingRating,1,5148245,2000-01-01T00:00:14.647Z,2000-01-01T00:06:33.871Z,Completed,150,150
96,281,P0281,PreTraining,PreTrainingRating,1,1001213908,2000-01-01T00:00:14.167Z,2000-01-01T00:04:52.395Z,Completed,150,150
97,37,P0037,PreTraining,PreTrainingRating,1,917190764,2000-01-01T00:00:04.105Z,2000-01-01T00:06:14.829Z,Completed,150,150
98,237,P0237,PreTraining,PreTrainingRating,1,2023833694,2000-01-01T00:00:04.217Z,2000-01-01T00:08:41.914Z,Completed,150,150
99,135,P0135,PreTraining,PreTrainingRating,1,1523688709,2000-01-01T00:00:27.109Z,2000-01-01T00:05:52.241Z,Completed,150,150
100,100,P0100,PreTraining,PreTrainingRating,1,228045299,2000-01-01T00:00:12.271Z,2000-01-01T00:06:05.762Z,Completed,150,150
101,134,P0134,PreTraining,PreTrainingRating,1,1477272653,2000-01-01T00:00:21.476Z,,Active,150,82
102,26,P0026,PreTraining,PreTrainingRating,1,185823227,2000-01-01T00:00:12.331Z,2000-01-01T00:06:54.084Z,Completed,150,150
103,32,P0032,PreTraining,PreTrainingRating,1,1196397391,2000-01-01T00:00:13.458Z,2000-01-01T00:33:59.450Z,Completed,150,150
104,301,P0301,PreTraining,PreTrainingRating,1,1257201733,2000-01-01T00:00:36.937Z,2000-01-01T00:10:06.599Z,Completed,150,150
105,125,P0125,PreTraining,PreTrainingRating,1,461215495,2000-01-01T00:00:06.891Z,2000-01-01T00:05:47.697Z,Completed,150,150
106,108,P0108,PreTraining,PreTrainingRating,1,873399218,2000-01-01T00:00:27.483Z,2000-01-01T00:12:30.404Z,Completed,150,150
107,254,P0254,PreTraining,PreTrainingRating,1,595975892,2000-01-01T00:00:09.633Z,2000-01-01T00:04:04.162Z,Completed,150,150
108,229,P0229,PreTraining,PreTrainingRating,1,1167309425,2000-01-01T00:00:24.960Z,2000-01-01T00:10:18.502Z,Completed,150,150
109,4,P0004,PreTraining,PreTrainingRating,1,1597537730,2000-01-01T00:00:18.467Z,2000-01-01T00:09:05.637Z,Completed,150,150
110,268,P0268,PreTraining,PreTrainingRating,1,173564378,2000-01-01T00:01:35.276Z,2000-01-01T00:18:01.982Z,Completed,150,150
111,16,P0016,PreTraining,PreTrainingRating,1,1058047553,2000-01-01T00:00:04.306Z,2000-01-01T00:08:24.629Z,Completed,150,150
112,221,P0221,PreTraining,PreTrainingRating,1,1805788747,2000-01-01T00:00:08.403Z,2000-01-01T00:09:01.136Z,Completed,150,150
113,153,P0153,PreTraining,PreTrainingRating,1,2026414500,2000-01-01T00:00:13.191Z,2000-01-01T00:10:28.383Z,Completed,150,150
114,195,P0195,PreTraining,PreTrainingRating,1,1669713595,2000-01-01T00:01:53.888Z,2000-01-01T00:11:01.555Z,Completed,150,150
115,70,P0070,PreTraining,PreTrainingRating,1,1541589548,2000-01-01T00:00:33.617Z,2000-01-01T00:15:37.576Z,Completed,150,150
116,249,P0249,PreTraining,PreTrainingRating,1,713088187,2000-01-01T00:00:12.783Z,2000-01-01T00:07:15.363Z,Completed,150,150
117,21,P0021,PreTraining,PreTrainingRating,1,1473490784,2000-01-01T00:00:22.516Z,2000-01-01T00:06:51.018Z,Completed,150,150
118,49,P0049,PreTraining,PreTrainingRating,1,471202547,2000-01-01T00:00:10.399Z,2000-01-01T00:07:10.638Z,Completed,150,150
119,220,P0220,PreTraining,PreTrainingRating,1,2039873486,2000-01-01T00:00:35.669Z,2000-01-01T00:07:31.737Z,Completed,150,150
120,127,P0127,PreTraining,PreTrainingRating,1,602702159,2000-01-01T00:00:09.754Z,2000-01-01T00:03:36.277Z,Completed,150,150
121,6,P0006,PreTraining,PreTrainingRating,1,250608611,2000-01-01T00:00:11.380Z,2000-01-01T00:09:02.149Z,Completed,150,150
122,120,P0120,PreTraining,PreTrainingRating,1,1778094814,2000-01-01T00:00:37.271Z,2000-01-01T00:11:05.977Z,Abandoned,150,92
123,181,P0181,PreTraining,PreTrainingRating,1,2091427252,2000-01-01T00:01:24.592Z,2000-01-01T00:22:29.832Z,Completed,150,150
124,253,P0253,PreTraining,PreTrainingRating,1,997516171,2000-01-01T00:00:07.051Z,2000-01-01T00:05:29.544Z,Completed,150,150
125,164,P0164,PreTraining,PreTrainingRating,1,310604395,2000-01-01T00:00:26.342Z,2000-01-01T00:06:34.074Z,Completed,150,150
126,150,P0150,PreTraining,PreTrainingRating,1,1633419932,2000-01-01T00:00:14.695Z,2000-01-01T00:06:05.011Z,Completed,150,150
127,273,P0273,PreTraining,PreTrainingRating,1,938123571,2000-01-01T00:00:18.402Z,2000-01-01T00:11:34.984Z,Completed,150,150
128,96,P0096,PreTraining,PreTrainingRating,1,73880894,2000-01-01T00:00:12.360Z,2000-01-01T00:14:21.988Z,Completed,150,150
129,30,P0030,PreTraining,PreTrainingRating,1,869819590,2000-01-01T00:00:23.437Z,2000-01-01T00:14:06.686Z,Completed,150,150
130,78,P0078,PreTraining,PreTrainingRating,1,1776558231,2000-01-01T00:00:31.496Z,2000-01-01T00:05:56.271Z,Completed,150,150
131,175,P0175,PreTraining,PreTrainingRating,1,459055020,2000-01-01T00:00:01.192Z,2000-01-01T00:12:57.122Z,Completed,150,150
132,169,P0169,PreTraining,PreTrainingRating,1,443607149,2000-01-01T00:14:58.415Z,2000-01-01T00:21:04.973Z,Completed,150,150
133,101,P0101,PreTraining,PreTrainingRating,1,37858474,2000-01-01T00:00:21.247Z,2000-01-01T00:10:18.413Z,Completed,150,150
134,18,P0018,PreTraining,PreTrainingRating,1,1659399038,2000-01-01T00:00:10.896Z,2000-01-01T00:06:38.080Z,Completed,150,150
135,304,P0304,PreTraining,PreTrainingRating,1,1298256187,2000-01-01T00:00:12.201Z,2000-01-01T00:07:40.325Z,Completed,150,150
136,123,P0123,PreTraining,PreTrainingRating,1,1040747310,2000-01-01T00:00:15.684Z,2000-01-01T00:15:46.822Z,Completed,150,150
137,38,P0038,PreTraining,PreTrainingRating,1,341510574,2000-01-01T00:00:31.728Z,2000-01-01T00:07:49.280Z,Completed,150,150
138,212,P0212,PreTraining,PreTrainingRating,1,1496022997,2000-01-01T00:00:12.331Z,2000-01-01T00:07:43.764Z,Completed,150,150
139,72,P0072,PreTraining,PreTrainingRating,1,1042083442,2000-01-01T00:00:15.558Z,2000-01-01T07:02:24.840Z,Completed,150,150
140,202,P0202,PreTraining,PreTrainingRating,1,1526937386,2000-01-01T00:00:18.310Z,2000-01-01T00:08:19.015Z,Completed,150,150
141,113,P0113,PreTraining,PreTrainingRating,1,906963873,2000-01-01T00:03:15.137Z,2000-01-01T00:35:28.010Z,Completed,150,150
142,25,P0025,PreTraining,PreTrainingRating,1,224438740,2000-01-01T00:00:11.527Z,2000-01-01T00:50:27.906Z,Completed,150,150
143,42,P0042,PreTraining,PreTrainingRating,1,47357619,2000-01-01T00:00:25.654Z,,Active,150,19
144,118,P0118,PreTraining,PreTrainingRating,1,1702771238,2000-01-01T00:00:26.533Z,,Active,150,114
145,226,P0226,PreTraining,PreTrainingRating,1,254704362,2000-01-01T00:00:02.137Z,,Active,150,39
146,214,P0214,PreTraining,PreTrainingRating,1,2031587894,2000-01-01T00:00:09.646Z,2000-01-01T00:07:05.832Z,Completed,150,150
147,191,P0191,PreTraining,PreTrainingRating,1,464350336,2000-01-01T00:00:22.342Z,2000-01-01T00:11:25.654Z,Completed,150,150
148,275,P0275,PreTraining,PreTrainingRating,1,350369678,2000-01-01T00:00:50.645Z,2000-01-01T00:17:32.981Z,Completed,150,150
149,88,P0088,PreTraining,PreTrainingRating,1,1195612989,2000-01-01T00:00:16.702Z,2000-01-01T00:09:32.109Z,Completed,150,150
150,114,P0114,PreTraining,PreTrainingRating,1,1297369238,2000-01-01T00:00:20.650Z,2000-01-01T00:12:36.060Z,Completed,150,150
151,86,P0086,PreTraining,PreTrainingRating,1,1627688064,2000-01-01T00:00:39.769Z,2000-01-01T00:13:17.726Z,Completed,150,150
152,260,P0260,PreTraining,PreTrainingRating,1,1475855801,2000-01-01T00:00:34.213Z,2000-01-01T00:21:16.445Z,Completed,150,150
153,234,P0234,PreTraining,PreTrainingRating,1,585990223,2000-01-01T00:00:23.149Z,2000-01-01T00:10:04.947Z,Completed,150,150
154,137,P0137,PreTraining,PreTrainingRating,1,523501836,2000-01-01T00:00:12.324Z,,Active,150,8
155,265,P0265,PreTraining,PreTrainingRating,1,1418592953,2000-01-01T00:00:05.392Z,2000-01-01T00:06:48.335Z,Completed,150,150
156,213,P0213,PreTraining,PreTrainingRating,1,1120152710,2000-01-01T00:02:01.342Z,2000-01-01T00:30:47.272Z,Completed,150,150
157,200,P0200,PreTraining,PreTrainingRating,1,1062064204,2000-01-01T00:01:00.089Z,,Active,150,48
158,109,P0109,PreTraining,PreTrainingRating,1,787438133,2000-01-01T00:00:04.832Z,2000-01-01T00:06:47.804Z,Completed,150,150
159,13,P0013,PreTraining,PreTrainingRating,1,1155997671,2000-01-01T00:00:28.192Z,2000-01-01T00:10:14.754Z,Completed,150,150
160,103,P0103,PreTraining,PreTrainingRating,1,956374197,2000-01-01T00:00:20.660Z,2000-01-01T00:07:16.881Z,Completed,150,150
161,232,P0232,PreTraining,PreTrainingRating,1,601967169,2000-01-01T00:00:15.034Z,2000-01-01T00:11:38.782Z,Completed,150,150
162,115,P0115,PreTraining,PreTrainingRating,1,1972819572,2000-01-01T00:00:41.176Z,2000-01-01T00:29:25.925Z,Completed,150,150
163,186,P0186,PreTraining,PreTrainingRating,1,219830694,2000-01-01T00:00:09.454Z,2000-01-01T00:08:02.834Z,Completed,150,150
164,3,P0003,PreTraining,PreTrainingRating,1,854260517,2000-01-01T00:00:03.733Z,2000-01-01T00:06:25.819Z,Completed,150,150
165,209,P0209,PreTraining,PreTrainingRating,1,375765352,2000-01-01T00:00:16.337Z,2000-01-01T00:09:25.271Z,Completed,150,150
166,293,P0293,PreTraining,PreTrainingRating,1,685903012,2000-01-01T00:01:13.762Z,2000-01-01T00:10:37.952Z,Completed,150,150
167,99,P0099,PreTraining,PreTrainingRating,1,2057074855,2000-01-01T00:00:02.816Z,2000-01-01T00:05:33.361Z,Completed,150,150
168,295,P0295,PreTraining,PreTrainingRating,1,1589780021,2000-01-01T00:00:09.995Z,2000-01-01T00:09:34.690Z,Completed,150,150
169,79,P0079,PreTraining,PreTrainingRating,1,1772875361,2000-01-01T00:00:17.663Z,2000-01-01T00:06:15.885Z,Completed,150,150
170,266,P0266,PreTraining,PreTrainingRating,1,816288559,2000-01-01T00:00:15.283Z,2000-01-01T00:11:12.367Z,Completed,150,150
171,36,P0036,PreTraining,PreTrainingRating,1,1554187858,2000-01-01T00:00:07.966Z,2000-01-01T00:10:57.960Z,Completed,150,150
172,269,P0269,PreTraining,PreTrainingRating,1,1152706481,2000-01-01T00:00:18.862Z,2000-01-01T00:26:04.112Z,Completed,150,150
173,303,P0303,PreTraining,PreTrainingRating,1,547596302,2000-01-01T00:00:05.388Z,2000-01-01T00:05:21.481Z,Completed,150,150
174,236,P0236,PreTraining,PreTrainingRating,1,781662783,2000-01-01T00:00:20.719Z,2000-01-01T00:10:46.242Z,Completed,150,150
175,206,P0206,PreTraining,PreTrainingRating,1,1116846563,2000-01-01T00:00:42.299Z,2000-01-01T00:37:09.310Z,Completed,150,150
176,239,P0239,PreTraining,PreTrainingRating,1,1319390778,2000-01-01T00:00:40.596Z,2000-01-01T00:07:48.110Z,Completed,150,150
177,207,P0207,PreTraining,PreTrainingRating,1,1588742628,2000-01-01T00:00:21.256Z,,Active,150,39
178,205,P0205,PreTraining,PreTrainingRating,1,1167895683,2000-01-01T00:00:25.089Z,,Active,150,5
179,188,P0188,PreTraining,PreTrainingRating,1,1270556509,2000-01-01T00:00:13.523Z,,Active,150,49
180,102,P0102,PreTraining,PreTrainingRating,1,52124267,2000-01-01T00:00:49.622Z,2000-01-01T00:08:25.826Z,Completed,150,150
181,285,P0285,PreTraining,PreTrainingRating,1,1226528847,2000-01-01T00:00:16.177Z,2000-01-01T00:11:30.199Z,Completed,150,150
182,302,P0302,PreTraining,PreTrainingRating,1,362142945,2000-01-01T00:00:22.864Z,2000-01-01T00:14:37.827Z,Completed,150,150
183,45,P0045,PreTraining,PreTrainingRating,1,456164900,2000-01-01T00:00:14.148Z,,Active,150,88
184,177,P0177,PreTraining,PreTrainingRating,1,1983758537,2000-01-01T00:00:48.355Z,2000-01-01T00:27:32.287Z,Completed,150,150
185,241,P0241,PreTraining,PreTrainingRating,1,2111771524,2000-01-01T00:00:12.041Z,,Active,150,61
186,131,P0131,PreTraining,PreTrainingRating,1,1199067729,2000-01-01T00:00:26.124Z,2000-01-01T00:34:17.535Z,Completed,150,150
187,252,P0252,PreTraining,PreTrainingRating,1,867671983,2000-01-01T00:00:11.944Z,2000-01-01T00:06:44.813Z,Completed,150,150
188,81,P0081,PreTraining,PreTrainingRating,1,2091838038,2000-01-01T00:00:18.280Z,2000-01-01T00:05:38.617Z,Completed,150,150
189,124,P0124,PreTraining,PreTrainingRating,1,384179177,2000-01-01T00:00:17.231Z,2000-01-01T00:05:41.072Z,Completed,150,150
190,27,P0027,PreTraining,PreTrainingRating,2,411185156,2000-01-01T00:00:16.825Z,2000-01-01T00:05:55.453Z,Completed,150,150
191,89,P0089,PreTraining,PreTrainingRating,2,594271186,2000-01-01T00:00:21.266Z,2000-01-01T00:07:02.202Z,Completed,150,150
192,288,P0288,PreTraining,PreTrainingRating,2,1448097382,2000-01-01T00:00:47.954Z,,Active,150,20
193,53,P0053,PreTraining,PreTrainingRating,2,316130630,2000-01-01T00:00:47.500Z,2000-01-01T00:25:25.689Z,Completed,150,150
194,262,P0262,PreTraining,PreTrainingRating,2,243249259,2000-01-01T00:00:01.559Z,2000-01-01T00:08:55.505Z,Completed,150,150
195,160,P0160,PreTraining,PreTrainingRating,2,484898192,2000-01-01T00:00:23.777Z,2000-01-01T00:13:00.032Z,Completed,150,150
196,245,P0245,PreTraining,PreTrainingRating,2,420939679,2000-01-01T00:00:16.120Z,,Active,150,62
197,64,P0064,PreTraining,PreTrainingRating,2,501951359,2000-01-01T00:00:23.647Z,2000-01-01T00:07:38.885Z,Completed,150,150
198,199,P0199,PreTraining,PreTrainingRating,2,689527730,2000-01-01T00:00:13.010Z,2000-01-01T00:10:23.571Z,Completed,150,150
199,91,P0091,PreTraining,PreTrainingRating,2,1378537967,2000-01-01T00:00:07.500Z,2000-01-01T00:11:21.263Z,Completed,150,150
200,34,P0034,PreTraining,PreTrainingRating,2,1416501464,2000-01-01T00:00:11.842Z,2000-01-01T00:11:31.609Z,Completed,150,150
201,138,P0138,PreTraining,PreTrainingRating,2,591527878,2000-01-01T00:00:20.162Z,2000-01-01T00:10:59.043Z,Completed,150,150
202,17,P0017,PreTraining,PreTrainingRating,2,1695969739,2000-01-01T00:00:24.673Z,2000-01-01T00:08:16.896Z,Completed,150,150
203,296,P0296,PreTraining,PreTrainingRating,2,1929651927,2000-01-01T00:00:47.608Z,2000-01-01T00:07:05.550Z,Completed,150,150
204,87,P0087,PreTraining,PreTrainingRating,2,44307646,2000-01-01T00:00:02.653Z,,Active,150,6
205,155,P0155,PreTraining,PreTrainingRating,2,489037964,2000-01-01T00:00:18.454Z,2000-01-01T00:06:30.970Z,Completed,150,150
206,283,P0283,PreTraining,PreTrainingRating,2,707480866,2000-01-01T00:00:19.259Z,2000-01-01T00:11:34.649Z,Completed,150,150
207,22,P0022,PreTraining,PreTrainingRating,2,1138947536,2000-01-01T00:00:05.543Z,2000-01-01T00:17:37.899Z,Completed,150,150
208,112,P0112,PreTraining,PreTrainingRating,2,1167925563,2000-01-01T00:00:06.573Z,2000-01-01T00:09:55.117Z,Completed,150,150
209,258,P0258,PreTraining,PreTrainingRating,2,1698589025,2000-01-01T00:00:07.358Z,2000-01-01T00:04:42.109Z,Completed,150,150
210,227,P0227,PreTraining,PreTrainingRating,2,1254660480,2000-01-01T00:00:17.058Z,2000-01-01T00:03:03.160Z,Abandoned,150,52
211,201,P0201,PreTraining,PreTrainingRating,2,1797326588,2000-01-01T00:00:42.496Z,2000-01-01T00:29:41.971Z,Completed,150,150
212,8,P0008,PreTraining,PreTrainingRating,2,677728823,2000-01-01T00:00:13.432Z,2000-01-01T00:05:00.975Z,Completed,150,150
213,259,P0259,PreTraining,PreTrainingRating,2,1861800652,2000-01-01T00:01:07.025Z,2000-01-01T00:11:40.091Z,Completed,150,150
214,117,P0117,PreTraining,PreTrainingRating,2,340999653,2000-01-01T00:00:33.000Z,2000-01-01T00:08:16.660Z,Completed,150,150
215,292,P0292,PreTraining,PreTrainingRating,2,428985269,2000-01-01T00:00:38.299Z,2000-01-01T00:07:46.091Z,Completed,150,150
216,197,P0197,PreTraining,PreTrainingRating,2,1752782617,2000-01-01T00:00:59.146Z,2000-01-01T00:08:31.997Z,Completed,150,150
217,204,P0204,PreTraining,PreTrainingRating,2,1340864035,2000-01-01T00:00:15.407Z,2000-01-01T00:11:25.828Z,Completed,150,150
218,139,P0139,PreTraining,PreTrainingRating,2,810779968,2000-01-01T00:00:31.231Z,2000-01-01T00:06:45.198Z,Completed,150,150
219,217,P0217,PreTraining,PreTrainingRating,2,1397493475,2000-01-01T00:00:35.870Z,2000-01-01T00:15:54.917Z,Completed,150,150
220,94,P0094,PreTraining,PreTrainingRating,2,2060910081,2000-01-01T00:00:36.136Z,2000-01-01T00:16:00.837Z,Completed,150,150
221,235,P0235,PreTraining,PreTrainingRating,2,1748538759,2000-01-01T00:02:12.406Z,,Active,150,59
222,272,P0272,PreTraining,PreTrainingRating,2,1557098991,2000-01-01T00:00:27.570Z,2000-01-01T00:09:42.826Z,Completed,150,150
223,298,P0298,PreTraining,PreTrainingRating,2,2080334236,2000-01-01T00:00:36.147Z,2000-01-01T00:05:58.921Z,Completed,150,150
224,270,P0270,PreTraining,PreTrainingRating,2,461493033,2000-01-01T00:00:06.860Z,2000-01-01T00:10:30.571Z,Completed,150,150
225,20,P0020,PreTraining,PreTrainingRating,2,2081599361,2000-01-01T00:00:06.346Z,2000-01-01T00:05:29.907Z,Completed,150,150
226,110,P0110,PreTraining,PreTrainingRating,2,1757793849,2000-01-01T00:00:24.737Z,2000-01-01T00:11:59.010Z,Completed,150,150
227,279,P0279,PreTraining,PreTrainingRating,2,869144708,2000-01-01T00:00:08.441Z,2000-01-01T00:07:54.975Z,Completed,150,150
228,163,P0163,PreTraining,PreTrainingRating,2,1914407623,2000-01-01T00:00:05.117Z,2000-01-01T00:03:12.571Z,Completed,150,150
229,71,P0071,PreTraining,PreTrainingRating,2,244814159,2000-01-01T00:00:08.272Z,2000-01-01T00:05:40.336Z,Completed,150,150
230,176,P0176,PreTraining,PreTrainingRating,2,534115850,2000-01-01T00:00:04.728Z,2000-01-01T00:04:10.194Z,Completed,150,150
231,310,P0310,PreTraining,PreTrainingRating,2,1080751884,2000-01-01T00:00:25.321Z,2000-01-01T00:20:23.017Z,Completed,150,150
232,60,P0060,PreTraining,PreTrainingRating,2,277250031,2000-01-01T00:00:13.577Z,2000-01-01T00:09:02.092Z,Completed,150,150
233,190,P0190,PreTraining,PreTrainingRating,2,167590596,2000-01-01T00:00:03.161Z,2000-01-01T00:06:42.576Z,Completed,150,150
234,129,P0129,PreTraining,PreTrainingRating,2,1964622172,2000-01-01T00:00:04.053Z,2000-01-01T00:05:45.257Z,Completed,150,150
235,185,P0185,PreTraining,PreTrainingRating,2,2015340820,2000-01-01T00:00:22.534Z,2000-01-01T00:11:29.231Z,Completed,150,150
236,257,P0257,PreTraining,PreTrainingRating,2,2033462975,2000-01-01T00:00:32.010Z,2000-01-01T00:06:10.493Z,Completed,150,150
237,151,P0151,PreTraining,PreTrainingRating,2,909407239,2000-01-01T00:00:22.024Z,2000-01-01T00:09:23.288Z,Completed,150,150
238,104,P0104,PreTraining,PreTrainingRating,2,1122606210,2000-01-01T00:00:22.454Z,2000-01-01T00:07:33.399Z,Completed,150,150
239,263,P0263,PreTraining,PreTrainingRating,2,961855179,2000-01-01T00:00:22.462Z,2000-01-01T00:08:21.739Z,Completed,150,150
240,140,P0140,PreTraining,PreTrainingRating,2,721837010,2000-01-01T00:00:11.732Z,2000-01-01T00:13:41.818Z,Completed,150,150
241,24,P0024,PreTraining,PreTrainingRating,2,590113154,2000-01-01T00:00:06.224Z,2000-01-01T00:04:37.960Z,Completed,150,150
242,15,P0015,PreTraining,PreTrainingRating,2,2036916462,2000-01-01T00:00:21.084Z,2000-01-01T00:08:11.399Z,Completed,150,150
243,80,P0080,PreTraining,PreTrainingRating,2,487899280,2000-01-01T00:00:13.059Z,,Active,150,68
