image_code,is_active,n,mean,median,sd,min,max,ci95_low,ci95_high,count_1,count_2,count_3,count_4,count_5,count_6,count_7
ARCH_0001,true,58,3.948276,4,1.731265,1,7,3.493063,4.403489,4,9,13,10,9,8,5
ARCH_0002,true,60,3.883333,4,1.485428,1,7,3.499607,4.26706,2,10,12,17,10,6,3
ARCH_0003,true,62,5.080645,5,1.748989,1,7,4.636485,5.524805,1,4,10,8,9,11,19
ARCH_0004,true,60,3.366667,3,1.625711,1,6,2.946701,3.786632,11,6,16,13,5,9,0
ARCH_0005,true,63,4.444444,4,1.532211,2,7,4.058562,4.830327,0,8,10,15,13,10,7
ARCH_0006,true,58,4.793103,5,1.714322,1,7,4.342346,5.243861,3,2,7,15,9,9,13
ARCH_0007,true,61,4.819672,5,1.658395,1,7,4.394938,5.244407,2,4,6,15,10,12,12
ARCH_0008,true,59,3.661017,3,1.970561,1,7,3.147486,4.174548,12,6,12,8,7,9,5
ARCH_0009,true,61,3.967213,4,1.448761,1,7,3.596168,4.338258,3,6,12,22,8,7,3
ARCH_0010,true,62,4.112903,4,1.680211,1,7,3.686209,4.539597,5,5,14,12,10,12,4
ARCH_0011,true,60,3.5,3,1.827288,1,7,3.027961,3.972039,11,8,14,8,8,8,3
ARCH_0012,true,60,4.733333,5,1.624669,1,7,4.313637,5.15303,3,2,8,13,12,13,9
ARCH_0013,true,63,3.714286,4,1.660048,1,7,3.296208,4.132363,6,11,12,14,8,10,2
ARCH_0014,true,61,5.57377,6,1.647817,1,7,5.151745,5.995796,1,5,2,4,11,14,24
ARCH_0015,true,61,3.344262,3,1.711581,1,7,2.905906,3.782618,10,12,13,9,9,6,2
ARCH_0016,true,60,3.916667,4,1.825355,1,7,3.445127,4.388206,7,8,10,12,10,7,6
ARCH_0017,true,62,3.596774,3,1.509095,1,7,3.213536,3.980012,4,11,18,12,9,6,2
ARCH_0018,true,60,5.216667,6,1.718214,1,7,4.772805,5.660528,4,0,6,7,12,14,17
ARCH_0019,true,60,4.65,5,1.685682,1,7,4.214542,5.085458,1,7,10,8,10,16,8
ARCH_0020,true,58,4.396552,4,1.283357,2,7,4.05911,4.733993,0,4,11,15,17,8,3
ARCH_0021,true,61,4.803279,5,1.651461,1,7,4.38032,5.226237,3,4,4,12,17,10,11
ARCH_0022,true,62,4.274194,4,1.856926,1,7,3.802623,4.745765,5,7,12,8,10,12,8
ARCH_0023,true,58,3.724138,4,1.714675,1,7,3.273287,4.174989,6,8,14,13,7,5,5
ARCH_0024,true,62,3.66129,4,1.688374,1,7,3.232524,4.090057,8,10,10,12,13,7,2
ARCH_0025,true,62,4.048387,4,1.453401,1,7,3.679292,4.417482,2,9,9,18,15,6,3
ARCH_0026,true,59,4.186441,4,1.842736,1,7,3.706221,4.66666,3,9,12,11,9,4,11
ARCH_0027,true,57,4.245614,4,1.805554,1,7,3.766536,4.724692,6,4,8,15,6,12,6
ARCH_0028,true,60,3.7,3,1.618746,1,7,3.281834,4.118166,4,10,18,10,7,8,3
ARCH_0029,true,61,3.901639,4,1.599009,1,7,3.492114,4.311165,5,7,13,13,13,7,3
ARCH_0030,true,58,4.413793,4,1.533652,1,7,4.01054,4.817046,3,1,12,16,11,9,6
ARCH_0031,true,57,3.894737,4,1.531622,1,7,3.488343,4.301131,4,6,14,12,12,7,2
ARCH_0032,true,61,4.196721,4,1.805729,1,7,3.734253,4.65919,4,11,7,9,13,11,6
ARCH_0033,true,59,4.220339,4,1.722746,1,7,3.771389,4.669289,5,3,14,10,13,7,7
ARCH_0034,true,63,3.444444,4,1.701781,1,7,3.015857,3.873032,12,9,10,10,16,5,1
ARCH_0035,true,60,4.066667,4,1.645401,1,7,3.641615,4.491719,2,10,10,18,6,8,6
ARCH_0036,true,63,3.365079,3,1.629383,1,7,2.954724,3.775434,8,13,16,9,11,3,3
ARCH_0037,true,59,3.847458,4,1.658973,1,7,3.415127,4.279788,4,8,14,17,5,5,6
ARCH_0038,true,60,5.8,6.5,1.504795,1,7,5.41127,6.18873,1,1,3,7,10,8,30
ARCH_0039,true,61,3.803279,4,1.641338,1,7,3.382913,4.223645,6,10,7,17,12,6,3
ARCH_0040,true,62,5.032258,5,1.598849,1,7,4.626226,5.43829,2,2,8,9,12,17,12
ARCH_0041,true,57,4.666667,5,1.725164,1,7,4.208919,5.124414,2,5,8,13,5,15,9
ARCH_0042,true,60,4.033333,4,1.572719,1,7,3.627057,4.43961,2,11,8,16,12,7,4
ARCH_0043,true,64,4.75,5,1.699673,1,7,4.325434,5.174566,4,3,8,9,16,14,10
ARCH_0044,true,57,3.684211,4,1.712954,1,7,3.229703,4.138718,8,6,13,10,13,3,4
ARCH_0045,true,60,4.35,4.5,1.634636,1,7,3.927729,4.772271,2,8,9,11,13,12,5
ARCH_0046,true,61,3.42623,3,1.575426,1,7,3.022744,3.829715,8,9,17,11,10,4,2
ARCH_0047,true,57,4.017544,4,1.32949,1,7,3.664783,4.370305,1,7,12,16,13,7,1
ARCH_0048,true,57,4.368421,4,1.643511,1,7,3.932339,4.804503,3,6,8,12,9,16,3
ARCH_0049,true,61,3.721311,4,1.790076,1,7,3.262852,4.179771,6,14,7,15,7,7,5
ARCH_0050,true,58,3.982759,4,1.731963,1,7,3.527362,4.438155,6,7,9,12,12,8,4
ARCH_0051,true,58,3.827586,4,1.557528,1,7,3.418055,4.237117,1,12,13,17,5,5,5
ARCH_0052,true,60,4.85,5,1.412115,2,7,4.485212,5.214788,0,3,7,17,10,15,8
ARCH_0053,true,58,4.293103,4,1.747265,1,7,3.833684,4.752523,5,6,4,17,11,8,7
ARCH_0054,true,61,4.491803,4,1.757109,1,7,4.041787,4.94182,2,7,9,14,12,4,13
ARCH_0055,true,61,4.344262,4,1.66218,1,7,3.918558,4.769966,4,4,9,17,12,7,8
ARCH_0056,true,61,5.196721,6,1.851303,1,7,4.722581,5.670862,5,2,4,6,10,16,18
ARCH_0057,true,62,5.145161,5,1.328709,2,7,4.807732,5.48259,0,2,5,13,14,18,10
ARCH_0058,true,58,4.741379,5,1.742758,1,7,4.283144,5.199614,1,6,11,6,10,13,11
ARCH_0059,true,60,4.783333,5,1.485428,2,7,4.399607,5.16706,0,4,10,11,13,14,8
ARCH_0060,true,63,4.269841,4,1.919395,1,7,3.786448,4.753235,5,10,9,8,10,12,9
ARCH_0061,true,60,4.916667,5,1.499058,1,7,4.529419,5.303914,1,3,6,12,17,10,11
ARCH_0062,true,61,5.606557,6,1.66612,1,7,5.179844,6.033271,1,4,1,10,9,7,29
ARCH_0063,true,61,5.360656,6,1.4948,1,7,4.97782,5.743492,1,3,2,10,12,17,16
ARCH_0064,true,59,3.661017,4,1.667232,1,7,3.226534,4.0955,5,12,11,14,8,5,4
ARCH_0065,true,61,4.540984,5,1.420959,1,7,4.177059,4.904908,1,3,11,15,14,12,5
ARCH_0066,true,59,3.728814,4,1.436357,1,7,3.354497,4.10313,3,9,15,14,12,4,2
ARCH_0067,true,59,4.135593,4,1.634305,1,7,3.709691,4.561495,4,7,9,12,15,8,4
ARCH_0068,true,57,4.964912,5,1.74197,1,7,4.502705,5.427119,2,4,8,5,12,13,13
ARCH_0069,true,59,4.508475,5,1.664776,2,7,4.074632,4.942318,0,10,8,10,12,11,8
ARCH_0070,true,61,4.590164,5,1.900676,1,7,4.103378,5.07695,6,5,5,11,9,15,10
ARCH_0071,true,59,4.525424,5,1.590445,1,7,4.110952,4.939896,3,4,6,16,12,12,6
ARCH_0072,true,59,5.135593,6,1.623721,1,7,4.712449,5.558737,2,3,6,5,13,18,12
ARCH_0073,true,62,4.741935,5,1.618899,2,7,4.330812,5.153059,0,7,10,8,14,13,10
ARCH_0074,true,57,4.350877,4,1.968422,1,7,3.828584,4.87317,5,8,7,10,6,11,10
ARCH_0075,true,62,5.129032,5.5,1.56272,2,7,4.732176,5.525889,0,5,7,7,12,18,13
ARCH_0076,true,62,4.483871,5,1.63709,1,7,4.068128,4.899614,3,4,11,11,16,9,8
ARCH_0077,true,60,4.133333,4,1.630916,1,7,3.712023,4.554644,5,5,9,16,12,9,4
ARCH_0078,true,62,4.064516,4,1.648357,1,7,3.645912,4.48312,3,7,16,13,9,8,6
ARCH_0079,true,63,3.206349,3,1.695903,1,7,2.779241,3.633457,13,9,16,12,6,4,3
ARCH_0080,true,58,5.017241,5,1.527426,2,7,4.615625,5.418858,0,4,8,7,14,14,11
ARCH_0081,true,59,4.949153,5,1.685882,1,7,4.509809,5.388496,1,5,8,7,12,13,13
ARCH_0082,true,63,3.761905,4,1.488822,1,7,3.38695,4.13686,5,9,9,23,9,6,2
ARCH_0083,true,59,4.152542,4,1.689864,1,7,3.712161,4.592923,4,6,12,11,13,7,6
ARCH_0084,true,62,3.790323,4,1.631022,1,7,3.376121,4.204525,4,12,13,10,13,7,3
ARCH_0085,true,57,4.824561,5,1.593769,1,7,4.401678,5.247445,2,2,9,8,16,10,10
ARCH_0086,true,59,3.847458,4,1.573636,1,7,3.437366,4.257549,3,11,11,14,9,9,2
ARCH_0087,true,59,4.949153,5,1.490472,1,7,4.560733,5.337572,1,4,4,11,16,14,9
ARCH_0088,true,59,5.050847,5,1.580307,1,7,4.639017,5.462678,2,2,4,14,11,13,13
ARCH_0089,true,59,5.169492,5,1.233897,3,7,4.847936,5.491047,0,0,6,13,14,17,9
ARCH_0090,true,58,4.293103,4,1.498638,1,7,3.899057,4.68715,3,5,5,20,13,8,4
ARCH_0091,true,59,3.576271,3,1.895579,1,7,3.082281,4.070262,10,9,12,10,7,5,6
ARCH_0092,true,62,4.387097,4,1.418321,1,7,4.026911,4.747283,1,4,12,17,14,9,5
ARCH_0093,true,61,3.704918,4,1.696509,1,7,3.270422,4.139414,8,9,10,12,11,10,1
ARCH_0094,true,58,4.448276,4,1.365906,2,7,4.089129,4.807422,0,4,12,15,11,13,3
ARCH_0095,true,62,3.903226,4,1.606439,1,7,3.495267,4.311185,5,7,15,10,15,7,3
ARCH_0096,true,60,4.066667,4,1.774267,1,7,3.608325,4.525008,8,1,15,11,10,10,5
ARCH_0097,true,61,5.393443,6,1.46377,1,7,5.018554,5.768332,1,2,3,9,14,15,17
ARCH_0098,true,60,4.633333,5,1.495379,1,7,4.247036,5.019631,2,2,10,14,11,16,5
ARCH_0099,true,60,3.8,3.5,1.946749,1,7,3.297101,4.302899,8,10,12,8,7,8,7
ARCH_0100,true,62,3.854839,4,1.754122,1,7,3.409375,4.300302,5,11,11,15,7,7,6
ARCH_0101,true,62,2.967742,3,1.659229,1,7,2.546377,3.389107,12,16,16,7,6,1,4
ARCH_0102,true,59,3.254237,3,1.871688,1,7,2.766473,3.742002,12,13,11,7,8,3,5
ARCH_0103,true,58,3.810345,4,1.669719,1,7,3.371315,4.249375,3,12,12,13,6,8,4
ARCH_0104,true,58,5.224138,5,1.522269,1,7,4.823878,5.624398,1,2,7,4,17,13,14
ARCH_0105,true,59,3.898305,4,1.797459,1,7,3.429885,4.366725,7,8,10,10,11,9,4
ARCH_0106,true,59,4.576271,4,1.631621,1,7,4.151069,5.001474,1,5,10,14,12,6,11
ARCH_0107,true,61,4.934426,5,1.56917,1,7,4.532543,5.336309,2,5,3,8,19,15,9
ARCH_0108,true,61,4.360656,4,1.57091,1,7,3.958327,4.762985,2,6,10,15,11,12,5
ARCH_0109,true,62,3.548387,4,1.666226,1,7,3.125245,3.971529,8,11,11,14,9,7,2
ARCH_0110,true,57,3.947368,4,1.846048,1,7,3.457546,4.437191,7,9,7,8,13,9,4
ARCH_0111,true,59,4.830508,5,1.609803,1,7,4.410991,5.250026,2,4,7,9,11,19,7
ARCH_0112,true,59,4.779661,5,1.820078,2,7,4.305346,5.253976,0,10,7,8,10,9,15
ARCH_0113,true,61,4.262295,4,1.815688,1,7,3.797276,4.727314,6,6,8,11,13,10,7
ARCH_0114,true,56,4.214286,4,1.913724,1,7,3.701787,4.726784,3,11,9,8,7,9,9
ARCH_0115,true,60,4.7,5,1.639553,1,7,4.276458,5.123542,1,6,9,10,10,16,8
ARCH_0116,true,61,4.803279,5,1.364059,2,7,4.453927,5.15263,0,4,6,14,18,12,7
ARCH_0117,true,60,3.7,3.5,1.951097,1,7,3.195978,4.204022,9,13,8,6,9,11,4
ARCH_0118,true,62,6,6.5,1.414214,1,7,5.640857,6.359143,2,0,2,4,7,16,31
ARCH_0119,true,61,4.344262,5,1.515313,1,7,3.956172,4.732352,4,3,10,11,20,10,3
ARCH_0120,true,63,4.063492,4,1.776849,1,7,3.615998,4.510986,4,12,7,15,10,8,7
ARCH_0121,true,62,4.532258,4,1.585981,1,7,4.129494,4.935022,2,5,8,17,10,13,7
ARCH_0122,true,60,3.983333,4,1.420094,1,7,3.616484,4.350182,3,5,17,9,18,7,1
ARCH_0123,true,59,4.372881,4,1.6805,1,7,3.934941,4.810822,4,3,10,15,13,5,9
ARCH_0124,true,58,4.103448,4,1.916591,1,7,3.599506,4.60739,7,7,7,13,8,8,8
ARCH_0125,true,60,3.916667,4,1.670194,1,7,3.48521,4.348124,4,10,12,10,13,7,4
ARCH_0126,true,60,3.95,4,1.577651,1,7,3.54245,4.35755,5,5,12,19,7,9,3
ARCH_0127,true,61,4.737705,5,1.459471,1,7,4.363917,5.111493,2,1,7,18,15,9,9
ARCH_0128,true,60,3.05,3,1.466288,1,6,2.671218,3.428782,12,9,16,14,5,4,0
ARCH_0129,true,60,4.166667,4,1.689114,1,7,3.730322,4.603011,5,5,11,12,13,9,5
ARCH_0130,true,58,3.810345,4,1.369555,1,7,3.450239,4.170451,2,10,10,17,15,2,2
ARCH_0131,true,55,3.636364,3,1.61433,1,7,3.199949,4.072778,4,9,16,13,4,5,4
ARCH_0132,true,62,4.209677,4,1.59031,1,7,3.805814,4.61354,5,2,14,14,11,13,3
ARCH_0133,true,57,4.789474,5,1.566808,1,7,4.373744,5.205204,2,2,8,12,11,14,8
ARCH_0134,true,59,4.610169,5,1.575863,1,7,4.199497,5.020842,3,5,3,13,18,11,6
ARCH_0135,true,58,3.982759,4,1.840017,1,7,3.498951,4.466566,8,6,8,12,9,11,4
ARCH_0136,true,61,4.57377,5,1.848053,1,7,4.100462,5.047079,4,5,10,8,14,7,13
ARCH_0137,true,56,3.714286,4,1.681063,1,7,3.264094,4.164477,7,7,9,17,8,4,4
ARCH_0138,true,58,4.103448,4,1.693016,1,7,3.658292,4.548604,4,8,8,14,11,8,5
ARCH_0139,true,60,3.766667,4,1.619444,1,7,3.34832,4.185013,7,5,16,10,13,7,2
ARCH_0140,true,58,4.603448,5,1.716173,1,7,4.152203,5.054693,3,5,7,10,14,10,9
ARCH_0141,true,59,5.949153,7,1.467155,1,7,5.56681,6.331495,1,2,1,5,8,11,31
ARCH_0142,true,61,4.180328,4,1.784266,1,7,3.723356,4.6373,3,12,6,14,9,10,7
ARCH_0143,true,57,4.052632,4,1.846048,1,7,3.562809,4.542454,6,6,12,10,7,10,6
ARCH_0144,true,57,3.666667,4,1.725164,1,7,3.208919,4.124414,5,13,9,13,7,6,4
ARCH_0145,true,56,5,5,1.549193,1,7,4.585123,5.414877,2,2,6,7,15,15,9
ARCH_0146,true,59,4.355932,4,1.668808,1,7,3.921038,4.790826,4,5,8,13,12,12,5
ARCH_0147,true,59,5.050847,5,1.478859,2,7,4.665455,5.43624,0,2,8,14,8,15,12
ARCH_0148,true,60,3.85,4,1.792877,1,7,3.386851,4.313149,7,7,12,14,9,4,7
ARCH_0149,true,58,4.137931,4,1.538378,1,7,3.733435,4.542427,3,7,9,13,14,10,2
ARCH_0150,true,61,3.803279,4,1.701173,1,7,3.367588,4.238969,7,7,12,14,12,4,5
ARCH_0151,true,57,4.035088,4,1.614277,1,7,3.606762,4.463413,3,9,8,15,11,7,4
ARCH_0152,true,61,3.57377,4,1.431305,1,7,3.207196,3.940345,5,9,15,17,9,5,1
ARCH_0153,true,62,3.435484,3.5,1.834291,1,7,2.969661,3.901306,13,8,10,15,6,6,4
ARCH_0154,true,59,3.59322,3,1.713221,1,7,3.146753,4.039688,8,7,16,11,8,5,4
ARCH_0155,true,59,5.508475,6,1.643932,1,7,5.080064,5.936886,1,0,9,8,7,8,26
ARCH_0156,true,59,5.101695,6,1.636806,1,7,4.675141,5.528249,2,4,3,10,10,18,12
ARCH_0157,true,60,3.683333,4,1.712285,1,7,3.241003,4.125664,7,9,13,12,8,8,3
ARCH_0158,true,59,4.084746,4,1.511886,1,7,3.690746,4.478745,2,8,12,12,13,10,2
ARCH_0159,true,57,4.824561,5,1.593769,1,7,4.401678,5.247445,2,2,8,11,13,11,10
ARCH_0160,true,63,3.777778,4,1.430593,1,7,3.417488,4.138068,3,7,20,14,12,4,3
ARCH_0161,true,57,4.614035,5,1.780393,1,7,4.141633,5.086437,3,5,9,7,13,10,10
ARCH_0162,true,60,4.083333,4,1.565428,1,7,3.67894,4.487726,3,9,9,13,12,13,1
ARCH_0163,true,60,3.6,4,1.796418,1,7,3.135936,4.064064,9,11,9,10,11,7,3
ARCH_0164,true,60,4.133333,4,1.512285,1,7,3.742669,4.523998,1,9,11,16,9,11,3
ARCH_0165,true,59,4.542373,4,1.405924,2,7,4.175987,4.908759,0,3,13,14,13,10,6
ARCH_0166,true,60,3.433333,3.5,1.430499,1,7,3.063796,3.80287,5,12,13,18,8,2,2
ARCH_0167,true,55,4.290909,4,1.486641,1,7,3.889014,4.692804,1,7,7,16,12,8,4
ARCH_0168,true,63,4.666667,5,1.684847,1,7,4.242343,5.09099,4,5,6,7,19,15,7
ARCH_0169,true,57,4.491228,5,1.465347,1,7,4.102419,4.880037,2,2,10,14,16,7,6
ARCH_0170,true,55,4.854545,5,1.736516,1,7,4.385099,5.323992,2,4,6,12,7,12,12
ARCH_0171,true,56,5.285714,6,1.826216,1,7,4.79665,5.774778,4,2,3,6,10,12,19
ARCH_0172,true,59,4.610169,5,1.857111,1,7,4.126204,5.094135,3,6,10,8,9,11,12
ARCH_0173,true,59,3.79661,4,1.739794,1,7,3.343217,4.250003,6,8,13,13,9,4,6
ARCH_0174,true,61,5.196721,5,1.364059,1,7,4.84737,5.546073,1,0,6,10,19,12,13
ARCH_0175,true,59,4.355932,5,1.69952,1,7,3.913035,4.79883,4,5,9,11,15,8,7
ARCH_0176,true,57,5,5,1.711307,1,7,4.545929,5.454071,3,1,7,11,9,12,14
ARCH_0177,true,60,4.216667,4,1.698371,1,7,3.777931,4.655402,3,7,10,17,8,7,8
ARCH_0178,true,61,4,4,2.065591,1,7,3.470978,4.529022,10,7,10,7,10,7,10
ARCH_0179,true,58,4.448276,4,1.602327,1,7,4.026965,4.869586,3,3,10,14,11,11,6
ARCH_0180,true,60,3.333333,3,1.828834,1,7,2.860895,3.805771,12,11,10,11,9,2,5
ARCH_0181,true,62,4.645161,5,1.630617,1,7,4.231062,5.05926,1,6,11,8,15,12,9
ARCH_0182,true,60,3.95,4,1.620054,1,7,3.531496,4.368504,4,9,10,14,13,6,4
ARCH_0183,true,60,4.45,4,1.454683,1,7,4.074216,4.825784,1,4,11,16,12,11,5
ARCH_0184,true,60,4.233333,4,1.750222,1,7,3.781203,4.685464,5,7,5,17,11,8,7
ARCH_0185,true,57,4.333333,4,1.651118,1,7,3.895233,4.771434,4,4,10,11,10,15,3
ARCH_0186,true,60,4.55,5,1.534076,1,7,4.153706,4.946294,3,3,7,16,11,16,4
ARCH_0187,true,59,4.728814,5,1.37503,2,7,4.370479,5.087148,0,3,9,13,17,10,7
ARCH_0188,true,58,4.172414,4,1.464647,1,7,3.787305,4.557523,2,7,9,13,18,6,3
ARCH_0189,true,59,3.779661,3,1.848278,1,7,3.297997,4.261325,5,12,14,8,7,6,7
ARCH_0190,true,59,4.762712,5,1.705357,1,7,4.318294,5.20713,3,3,9,8,13,13,10
ARCH_0191,true,61,4.836066,5,1.45121,2,7,4.464393,5.207738,0,5,7,10,18,13,8
ARCH_0192,true,59,4.983051,5,1.514203,2,7,4.588447,5.377654,0,4,5,16,9,13,12
ARCH_0193,true,61,4.704918,5,1.509352,1,7,4.318355,5.091481,1,3,10,13,15,10,9
ARCH_0194,true,60,5.533333,6,1.455168,1,7,5.157424,5.909243,1,0,6,6,14,12,21
ARCH_0195,true,62,4.677419,5,1.544681,1,7,4.285144,5.069695,3,3,6,14,15,15,6
ARCH_0196,true,61,4.47541,5,1.996719,1,7,3.964026,4.986793,6,9,3,9,12,10,12
ARCH_0197,true,57,4.105263,4,1.554765,1,7,3.692729,4.517798,5,4,6,21,10,8,3
ARCH_0198,true,62,5.435484,6,1.338227,2,7,5.095638,5.77533,0,4,1,6,18,19,14
ARCH_0199,true,62,4.887097,5,1.7751,2,7,4.436306,5.337888,0,8,9,10,5,15,15
ARCH_0200,true,57,4.385965,4,1.800341,1,7,3.90827,4.86366,1,8,14,8,8,7,11
ARCH_0201,true,58,4.241379,4,1.866701,1,7,3.750555,4.732203,6,7,6,11,11,10,7
ARCH_0202,true,60,3.65,4,1.516296,1,7,3.258299,4.041701,3,13,13,14,9,6,2
ARCH_0203,true,57,4.438596,5,1.476211,1,7,4.046905,4.830288,2,5,6,14,17,9,4
ARCH_0204,true,58,3.948276,4,1.781212,1,7,3.47993,4.416622,4,11,10,11,9,7,6
ARCH_0205,true,62,3.354839,3,1.670347,1,7,2.93065,3.779027,9,15,8,14,9,5,2
ARCH_0206,true,61,4.163934,4,1.655096,1,7,3.740045,4.587824,5,6,8,15,13,10,4
ARCH_0207,true,60,3.716667,4,1.595456,1,7,3.304517,4.128817,6,9,10,17,9,7,2
ARCH_0208,true,59,4.389831,5,1.947739,1,7,3.882247,4.897414,4,9,9,7,9,10,11
ARCH_0209,true,62,4.225806,4,1.582894,1,7,3.823827,4.627786,3,4,15,14,12,8,6
ARCH_0210,true,61,3.967213,4,1.570215,1,7,3.565062,4.369364,5,9,3,21,16,3,4
ARCH_0211,true,62,4.322581,5,1.734644,1,7,3.882064,4.763098,5,8,4,12,16,12,5
ARCH_0212,true,61,3.704918,4,1.676745,1,7,3.275484,4.134352,6,9,13,16,9,2,6
ARCH_0213,true,61,5.229508,6,1.585281,1,7,4.823499,5.635517,1,2,8,9,7,19,15
ARCH_0214,true,63,3.47619,3,1.490368,1,7,3.100846,3.851535,5,12,17,14,10,2,3
ARCH_0215,true,61,4.590164,5,1.646988,1,7,4.168351,5.011977,3,6,6,9,17,14,6
ARCH_0216,true,62,4.258065,4,1.736168,1,7,3.81716,4.698969,6,6,5,16,12,12,5
ARCH_0217,true,61,3.836066,4,1.675115,1,7,3.407049,4.265082,6,10,9,11,16,6,3
ARCH_0218,true,59,4.271186,4,1.617048,1,7,3.849781,4.692592,3,7,8,12,16,8,5
ARCH_0219,true,59,4.694915,5,1.453346,2,7,4.316171,5.073659,0,4,11,9,17,11,7
ARCH_0220,true,63,4.428571,4,1.672494,1,7,4.007359,4.849784,4,5,8,15,11,14,6
ARCH_0221,true,59,3.898305,4,1.470338,1,7,3.515133,4.281477,4,7,9,20,11,6,2
ARCH_0222,true,63,4.888889,5,1.617556,1,7,4.481513,5.296265,1,4,9,11,13,12,13
ARCH_0223,true,60,4.7,5,1.487804,1,7,4.31566,5.08434,2,1,10,13,16,10,8
ARCH_0224,true,59,5.254237,6,1.707925,1,7,4.80915,5.699325,2,4,5,4,11,17,16
ARCH_0225,true,60,5.7,6,1.252793,2,7,5.376369,6.023631,0,1,2,8,12,17,20
ARCH_0226,true,59,3.271186,3,1.399883,1,6,2.906375,3.635998,5,15,14,14,6,5,0
ARCH_0227,true,60,4.916667,5,1.639467,1,7,4.493147,5.340186,1,5,5,13,13,9,14
ARCH_0228,true,60,2.916667,3,1.34406,1,6,2.569459,3.263874,11,11,20,10,6,2,0
ARCH_0229,true,59,4.542373,5,1.735253,1,7,4.090163,4.994582,5,4,4,14,12,13,7
ARCH_0230,true,59,5.033898,5,1.607805,1,7,4.614902,5.452895,1,3,8,8,14,11,14
ARCH_0231,true,61,4.147541,4,1.887115,1,7,3.664228,4.630854,8,6,8,9,13,11,6
ARCH_0232,true,60,4.833333,5,1.67905,1,7,4.399589,5.267078,3,2,8,12,10,14,11
ARCH_0233,true,58,4.965517,5,1.60006,1,7,4.544803,5.386232,1,3,8,11,8,16,11
ARCH_0234,true,59,3.305085,3,1.958661,1,7,2.794655,3.815515,12,15,9,5,6,8,4
ARCH_0235,true,58,4.224138,4,1.556459,1,7,3.814888,4.633388,2,6,11,17,5,14,3
ARCH_0236,true,61,4,4,1.741647,1,7,3.553944,4.446056,7,5,11,14,11,8,5
ARCH_0237,true,62,4.274194,4,1.569895,1,7,3.875515,4.672872,3,5,12,14,12,12,4
ARCH_0238,true,57,4.596491,5,1.613112,1,7,4.168475,5.024507,3,2,8,15,11,10,8
ARCH_0239,true,60,3.866667,4,1.523451,1,7,3.473117,4.260216,5,8,8,17,15,5,2
ARCH_0240,true,57,3.807018,4,1.469191,1,6,3.417189,4.196846,4,7,13,14,10,9,0
ARCH_0241,true,61,4.885246,5,1.603105,1,7,4.474672,5.29582,2,2,8,13,12,12,12
ARCH_0242,true,60,3.466667,3,1.712038,1,7,3.0244,3.908933,9,9,13,15,7,2,5
ARCH_0243,true,63,4.492063,4,1.49054,2,7,4.116676,4.867451,0,7,9,18,10,13,6
ARCH_0244,true,59,4.389831,4,1.761827,1,7,3.930696,4.848965,3,6,10,13,10,7,10
ARCH_0245,true,60,4.4,4.5,1.738887,1,7,3.950798,4.849202,5,4,8,13,12,11,7
ARCH_0246,true,61,5.590164,6,1.33388,1,7,5.248541,5.931786,1,1,1,9,13,18,18
ARCH_0247,true,61,5.147541,6,1.671686,1,7,4.719402,5.57568,1,6,4,8,9,19,14
ARCH_0248,true,58,3.706897,3,1.578458,1,7,3.291862,4.121931,5,8,17,7,12,8,1
ARCH_0249,true,59,5.644068,6,1.471133,1,7,5.260689,6.027447,1,1,4,6,10,15,22
ARCH_0250,true,60,5.4,6,1.805829,1,7,4.933505,5.866495,3,4,4,3,7,19,20
ARCH_0251,true,58,3.844828,4,1.673338,1,7,3.404846,4.284809,5,11,8,10,14,8,2
ARCH_0252,true,58,4.672414,4.5,1.679473,1,7,4.230819,5.114009,3,4,4,18,7,13,9
ARCH_0253,true,59,4.728814,5,1.740298,1,7,4.275289,5.182338,2,6,7,10,11,12,11
ARCH_0254,true,60,4.516667,5,1.682328,1,7,4.082075,4.951258,2,8,6,12,12,13,7
ARCH_0255,true,60,4.433333,4.5,1.511164,1,7,4.042958,4.823708,3,2,11,14,15,10,5
ARCH_0256,true,62,4.419355,5,1.65508,1,7,3.999043,4.839667,5,4,5,16,17,8,7
ARCH_0257,true,59,4.457627,5,1.622281,1,7,4.034858,4.880396,3,3,11,12,15,7,8
ARCH_0258,true,58,4.551724,5,1.512201,1,7,4.154111,4.949337,2,2,11,13,13,11,6
ARCH_0259,true,57,4.333333,4,1.683251,1,7,3.886707,4.77996,5,4,5,16,13,8,6
ARCH_0260,true,60,4.433333,4.5,1.807392,1,7,3.966434,4.900232,5,4,10,11,9,13,8
ARCH_0261,true,59,4.305085,5,1.896042,1,7,3.810974,4.799196,7,5,7,9,15,7,9
ARCH_0262,true,61,4.081967,4,1.772899,1,7,3.627907,4.536028,4,9,11,14,7,9,7
ARCH_0263,true,58,4.87931,5,1.590295,1,7,4.461164,5.297457,2,4,3,14,11,15,9
ARCH_0264,true,60,4.55,4.5,1.721499,1,7,4.10529,4.99471,4,4,5,17,13,6,11
ARCH_0265,true,58,4.086207,4,1.688812,1,7,3.642156,4.530257,4,10,5,16,5,17,1
ARCH_0266,true,59,3.745763,4,1.480834,1,7,3.359855,4.13167,4,6,16,19,7,3,4
ARCH_0267,true,58,4.051724,4,1.515098,1,7,3.653349,4.450099,2,7,12,17,9,7,4
ARCH_0268,true,59,5.152542,5,1.459966,1,7,4.772073,5.533012,1,1,7,10,11,18,11
ARCH_0269,true,60,4.25,4,1.536284,1,7,3.853136,4.646864,2,5,12,17,11,7,6
ARCH_0270,true,59,4.067797,4,1.638591,1,7,3.640778,4.494816,3,10,9,10,16,7,4
ARCH_0271,true,61,3.47541,3,1.708865,1,7,3.037749,3.91307,8,12,13,10,11,3,4
ARCH_0272,true,59,4.067797,4,1.669859,1,7,3.632629,4.502964,4,8,9,14,12,7,5
ARCH_0273,true,59,4.745763,5,1.687614,1,7,4.305968,5.185557,3,5,5,8,17,12,9
ARCH_0274,true,60,5.05,5,1.598993,1,7,4.636936,5.463064,2,0,10,9,14,10,15
ARCH_0275,true,61,4.918033,5,1.666284,1,7,4.491278,5.344788,3,3,5,12,11,16,11
ARCH_0276,true,62,4.612903,5,1.613009,1,7,4.203276,5.022531,3,3,9,12,17,9,9
ARCH_0277,true,60,5,5,1.340377,2,7,4.653744,5.346256,0,3,6,10,17,17,7
ARCH_0278,true,59,3.966102,4,1.607805,1,7,3.547105,4.385098,5,7,8,17,13,5,4
ARCH_0279,true,60,4.8,5,1.581675,1,7,4.39141,5.20859,1,5,8,9,13,16,8
ARCH_0280,true,59,4.59322,5,1.713221,1,7,4.146753,5.039688,2,7,7,10,13,11,9
ARCH_0281,true,59,4.610169,5,1.681717,1,7,4.171912,5.048427,1,7,9,9,14,9,10
ARCH_0282,true,63,4.587302,5,1.980835,1,7,4.088435,5.086168,8,3,6,11,10,12,13
ARCH_0283,true,60,4.683333,5,1.631176,1,7,4.261956,5.104711,1,5,10,11,12,11,10
ARCH_0284,true,61,4.442623,5,1.638338,1,7,4.023025,4.862221,3,7,7,8,21,9,6
ARCH_0285,true,58,5,5,1.486784,1,7,4.60907,5.39093,1,2,8,8,14,16,9
ARCH_0286,true,62,4.5,5,1.781048,1,7,4.047699,4.952301,4,9,4,8,15,16,6
ARCH_0287,true,63,4.333333,4,1.534548,1,7,3.946862,4.719804,3,4,10,17,17,5,7
ARCH_0288,true,57,5.192982,5,1.517029,1,7,4.79046,5.595505,1,5,1,6,17,16,11
ARCH_0289,true,63,5.142857,6,1.740014,1,7,4.70464,5.581074,2,3,8,9,9,13,19
ARCH_0290,true,60,4.033333,4,1.697123,1,7,3.59492,4.471747,6,6,10,13,11,11,3
ARCH_0291,true,62,4,4,1.688922,1,7,3.571094,4.428906,4,8,14,12,13,4,7
ARCH_0292,true,61,4.327869,4,1.804821,1,7,3.865633,4.790105,5,5,12,9,10,13,7
ARCH_0293,true,61,4.032787,4,1.580793,1,7,3.627927,4.437647,5,5,13,12,14,10,2
ARCH_0294,true,63,4.698413,5,1.690914,1,7,4.272561,5.124264,2,5,10,10,13,12,11
ARCH_0295,true,60,5.083333,5,1.453128,1,7,4.70795,5.458716,1,2,5,12,14,15,11
ARCH_0296,true,60,4.466667,5,1.789486,1,7,4.004393,4.92894,6,2,11,7,14,13,7
ARCH_0297,true,62,4.322581,4.5,1.647394,1,7,3.904221,4.74094,3,7,10,11,14,12,5
ARCH_0298,true,59,4.457627,5,1.774552,1,7,3.995176,4.920078,3,10,2,12,14,10,8
ARCH_0299,true,61,4.540984,5,1.688922,1,7,4.10843,4.973537,2,7,8,11,14,10,9
ARCH_0300,true,58,5.431034,6,1.557236,1,7,5.02158,5.840489,1,3,4,4,14,14,18
ARCH_0301,true,17,4.588235,5,1.660528,1,7,3.734471,5.442,1,1,2,3,5,3,2
ARCH_0302,true,14,5,5,1.358732,2,7,4.215491,5.784509,0,1,0,4,4,3,2
ARCH_0303,true,16,4.1875,4,1.046821,2,6,3.629689,4.745311,0,1,2,8,3,2,0
ARCH_0304,true,18,3.277778,3,1.526455,1,6,2.518689,4.036866,2,4,5,3,2,2,0
ARCH_0305,true,17,4.117647,4,1.69124,1,7,3.248091,4.987203,1,2,4,2,4,3,1
ARCH_0306,true,16,4.1875,4,1.600781,1,7,3.334504,5.040496,1,0,5,4,3,1,2
ARCH_0307,true,17,2.411765,3,1.175735,1,5,1.807258,3.016272,5,3,7,1,1,0,0
ARCH_0308,true,14,4.5,5,1.344504,2,6,3.723706,5.276294,0,1,3,2,4,4,0
ARCH_0309,true,14,3.928571,4,0.828742,2,5,3.45007,4.407073,0,1,2,8,3,0,0
ARCH_0310,true,15,2.666667,3,1.345185,1,5,1.921728,3.411606,4,3,3,4,1,0,0
ARCH_0311,true,17,4.588235,4,1.872793,1,7,3.625334,5.551137,1,1,3,4,2,2,4
ARCH_0312,true,17,3.117647,4,1.653872,1,6,2.267304,3.96799,5,1,2,6,2,1,0
ARCH_0313,true,17,3,3,1.581139,1,6,2.187053,3.812947,3,5,3,2,3,1,0
ARCH_0314,true,15,4.933333,5,1.222799,2,7,4.25617,5.610497,0,1,0,4,5,4,1
ARCH_0315,true,18,4.722222,5,1.178511,3,7,4.136162,5.308282,0,0,3,5,5,4,1
ARCH_0316,true,16,4.8125,5,1.424488,2,7,4.053444,5.571556,0,1,2,2,8,0,3
ARCH_0317,true,16,3.8125,4,1.558578,1,7,2.981992,4.643008,1,3,1,7,2,1,1
ARCH_0318,true,15,2.933333,3,1.387015,1,5,2.16523,3.701436,3,3,3,4,2,0,0
ARCH_0319,true,16,3.9375,4,1.388944,1,6,3.197384,4.677616,1,1,4,4,4,2,0
ARCH_0320,true,16,4,4,1.316561,2,6,3.298454,4.701546,0,2,4,5,2,3,0
ARCH_0321,true,16,4.5,5,1.316561,1,7,3.798454,5.201546,1,0,1,5,7,1,1
ARCH_0322,true,16,4.6875,5,1.579821,1,7,3.845673,5.529327,1,0,2,4,4,3,2
ARCH_0323,true,17,4.352941,5,1.998161,1,7,3.325582,5.380301,1,4,1,2,2,5,2
ARCH_0324,true,15,4.666667,5,1.632993,2,7,3.762345,5.570988,0,2,2,2,4,3,2
ARCH_0325,true,17,4.235294,4,1.678147,1,7,3.372471,5.098118,2,0,3,4,4,3,1
ARCH_0326,true,15,3.266667,4,1.162919,1,5,2.622664,3.91067,2,1,4,7,1,0,0
ARCH_0327,true,16,4.1875,4,1.167262,2,6,3.56551,4.80949,0,1,3,7,2,3,0
ARCH_0328,true,14,4.428571,4,1.504572,2,7,3.559858,5.297285,0,1,3,4,3,1,2
ARCH_0329,true,16,4.625,4.5,1.586401,2,7,3.779667,5.470333,0,1,4,3,2,4,2
ARCH_0330,true,15,4.933333,5,1.579632,2,7,4.058562,5.808105,0,1,2,3,3,3,3
ARCH_0331,true,16,3.8125,4,1.376893,1,6,3.078806,4.546194,1,2,3,4,5,1,0
ARCH_0332,true,18,5.5,6,1.248529,4,7,4.879121,6.120879,0,0,0,6,2,5,5
ARCH_0333,true,14,3.642857,3.5,2.023217,1,7,2.474686,4.811028,2,4,1,1,3,2,1
ARCH_0334,true,17,4.705882,5,1.403776,1,7,3.984127,5.427638,1,0,1,4,8,1,2
ARCH_0335,true,16,3.8125,4,1.515201,1,7,3.005107,4.619893,1,2,3,6,2,1,1
ARCH_0336,true,15,4.6,4,1.242118,3,7,3.912138,5.287862,0,0,3,5,3,3,1
ARCH_0337,true,15,4,4,1.309307,2,6,3.27493,4.72507,0,3,1,6,3,2,0
ARCH_0338,true,16,5.5,6,1.75119,1,7,4.566857,6.433143,1,0,1,2,2,4,6
ARCH_0339,true,16,3.6875,4,1.621471,1,6,2.823479,4.551521,2,2,2,6,1,3,0
ARCH_0340,true,17,4.235294,4,1.521899,1,7,3.452806,5.017782,1,0,5,4,3,3,1
ARCH_0341,true,15,3.8,4,1.612452,1,6,2.907054,4.692946,2,2,0,6,3,2,0
ARCH_0342,true,18,3.5,3,1.653872,1,7,2.677549,4.322451,2,3,5,3,3,1,1
ARCH_0343,true,16,2.4375,2.5,1.364734,1,6,1.710284,3.164716,5,3,6,1,0,1,0
ARCH_0344,true,17,4.235294,4,1.032558,2,7,3.704402,4.766187,0,1,1,10,4,0,1
ARCH_0345,true,17,5.117647,5,1.900077,1,7,4.140717,6.094577,1,1,1,3,3,2,6
ARCH_0346,true,13,4.384615,4,1.609268,2,7,3.412144,5.357086,0,2,1,5,2,1,2
ARCH_0347,true,16,3.375,4,1.668333,1,6,2.486008,4.263992,3,3,1,4,4,1,0
ARCH_0348,true,14,4,4,1.709701,1,6,3.012848,4.987152,2,1,1,4,3,3,0
ARCH_0349,true,16,4,4,1.460593,2,7,3.221705,4.778295,0,3,3,4,4,1,1
ARCH_0350,true,15,5.133333,5,1.505545,2,7,4.29959,5.967077,0,1,0,5,3,2,4
ARCH_0351,true,17,4.294118,4,1.649421,1,7,3.446064,5.142171,1,1,3,5,3,2,2
ARCH_0352,true,16,3.3125,3,1.302242,1,5,2.618584,4.006416,1,4,4,3,4,0,0
ARCH_0353,true,17,3.529412,4,1.545867,1,7,2.7346,4.324223,3,0,4,7,2,0,1
ARCH_0354,true,15,5.6,6,1.404076,3,7,4.822449,6.377551,0,0,2,2,0,7,4
ARCH_0355,true,15,3.533333,3,1.060099,1,5,2.94627,4.120396,1,0,7,4,3,0,0
ARCH_0356,true,16,3.1875,3,1.376893,1,6,2.453806,3.921194,2,3,4,5,1,1,0
ARCH_0357,true,16,2.875,3,1.543805,1,7,2.052364,3.697636,3,4,4,4,0,0,1
ARCH_0358,true,17,3.411765,3,1.905873,1,7,2.431855,4.391674,4,2,3,2,4,1,1
ARCH_0359,true,15,4.266667,4,1.334523,2,6,3.527632,5.005701,0,2,2,4,4,3,0
ARCH_0360,true,16,4,4,1.414214,2,7,3.246419,4.753581,0,2,4,6,1,2,1
ARCH_0361,true,15,3.866667,4,1.355764,1,6,3.11587,4.617464,1,1,3,6,2,2,0
ARCH_0362,true,15,4.8,5,1.567528,1,7,3.931932,5.668068,1,0,0,6,4,1,3
ARCH_0363,true,18,4.277778,4.5,1.775836,1,7,3.394675,5.16088,2,1,2,4,5,2,2
ARCH_0364,true,18,4.444444,5,1.338226,2,7,3.77896,5.109929,0,2,2,4,7,2,1
ARCH_0365,true,15,3.066667,3,1.279881,1,6,2.357892,3.775441,2,2,6,4,0,1,0
ARCH_0366,true,16,4.625,5,1.408309,2,7,3.874565,5.375435,0,1,3,3,4,4,1
ARCH_0367,true,17,4.235294,4,0.970143,2,6,3.736493,4.734095,0,1,2,7,6,1,0
ARCH_0368,true,15,4,4,1.46385,1,6,3.189347,4.810653,1,2,1,5,4,2,0
ARCH_0369,true,15,4,4,1,2,5,3.446218,4.553782,0,2,1,7,5,0,0
ARCH_0370,true,16,5.1875,5,1.327592,4,7,4.480076,5.894924,0,0,0,7,4,0,5
ARCH_0371,true,17,3.705882,4,1.57181,1,6,2.897732,4.514033,2,2,3,4,4,2,0
ARCH_0372,true,16,4.1875,4,1.276388,2,7,3.507361,4.867639,0,1,4,5,4,1,1
ARCH_0373,true,17,4.529412,5,1.585782,1,7,3.714078,5.344746,1,1,2,3,5,4,1
ARCH_0374,true,15,4,5,1.558387,1,6,3.136994,4.863006,2,1,1,3,7,1,0
ARCH_0375,true,15,3.466667,3,1.505545,2,6,2.632923,4.30041,0,5,4,3,0,3,0
ARCH_0376,true,12,3.5,4,1.314257,1,5,2.664961,4.335039,1,2,2,4,3,0,0
ARCH_0377,true,17,4.235294,4,1.786386,1,7,3.316819,5.153769,1,2,2,6,2,1,3
ARCH_0378,true,16,3.875,4,1.586401,1,7,3.029667,4.720333,1,3,1,6,3,1,1
ARCH_0379,true,15,5.066667,5,1.222799,2,7,4.389503,5.74383,0,1,0,2,8,2,2
ARCH_0380,true,16,3.5,4,1.264911,1,5,2.825976,4.174024,2,1,3,7,3,0,0
ARCH_0381,true,15,5.066667,5,0.593617,4,6,4.737933,5.395401,0,0,0,2,10,3,0
ARCH_0382,true,15,5.266667,6,1.533747,2,7,4.417306,6.116028,0,1,2,0,4,5,3
ARCH_0383,true,15,3.666667,4,1.98806,1,7,2.565716,4.767617,3,2,2,2,3,2,1
ARCH_0384,true,14,4.285714,4,1.683795,1,7,3.31352,5.257908,1,0,4,3,3,1,2
ARCH_0385,true,16,4.5625,5,1.459166,1,7,3.784965,5.340035,1,1,0,4,7,2,1
ARCH_0386,true,14,4.571429,5,1.827747,1,7,3.516119,5.626738,1,1,2,2,3,3,2
ARCH_0387,true,16,5.1875,5,1.558578,1,7,4.356992,6.018008,1,0,1,1,6,4,3
ARCH_0388,true,17,4.529412,4,1.178858,2,7,3.923299,5.135525,0,1,0,9,5,0,2
ARCH_0389,true,16,3.8125,4,1.515201,1,6,3.005107,4.619893,2,1,2,6,3,2,0
ARCH_0390,true,17,4.823529,5,1.509772,2,7,4.047276,5.599783,0,1,2,5,3,3,3
ARCH_0391,true,15,3.866667,4,1.552264,1,6,3.007051,4.726282,1,2,3,4,2,3,0
ARCH_0392,true,14,5,5,1.568929,3,7,4.094127,5.905873,0,0,4,1,3,3,3
ARCH_0393,true,16,4.9375,5,0.57373,4,6,4.631781,5.243219,0,0,0,3,11,2,0
ARCH_0394,true,17,4.058824,4,1.599632,2,7,3.236368,4.881279,0,3,5,2,3,3,1
ARCH_0395,true,16,4.6875,5,1.621471,1,7,3.823479,5.551521,1,0,3,2,5,3,2
ARCH_0396,true,14,3.928571,4,1.685426,2,7,2.955436,4.901707,0,4,2,3,2,2,1
ARCH_0397,true,15,4.533333,5,1.959106,1,7,3.448417,5.61825,1,2,1,3,4,0,4
ARCH_0398,true,17,3.823529,4,1.629237,1,6,2.985853,4.661206,1,4,2,3,4,3,0
ARCH_0399,true,17,3.823529,4,1.333946,1,6,3.137678,4.509381,1,2,2,8,2,2,0
ARCH_0400,true,17,4.705882,5,1.649421,1,7,3.857829,5.553936,1,1,1,4,4,4,2
ARCH_0401,true,16,4.5,4,1.414214,2,7,3.746419,5.253581,0,1,3,5,2,4,1
ARCH_0402,true,16,3.6875,4,1.778342,1,7,2.739888,4.635112,3,2,0,5,5,0,1
ARCH_0403,true,16,4.9375,5,1.340087,3,7,4.223418,5.651582,0,0,2,5,4,2,3
ARCH_0404,true,17,3.647059,4,1.411612,1,6,2.921275,4.372842,2,1,4,5,4,1,0
ARCH_0405,true,16,4.75,5,1.612452,2,7,3.890785,5.609215,0,1,4,2,2,5,2
ARCH_0406,true,18,3.722222,4,1.127494,1,6,3.161533,4.282912,1,1,4,9,2,1,0
ARCH_0407,true,15,4.333333,5,1.543033,1,7,3.47883,5.187837,2,0,0,4,8,0,1
ARCH_0408,true,18,4.055556,4,2.099642,1,7,3.011428,5.099683,4,0,2,5,2,2,3
ARCH_0409,true,17,4.764706,5,1.562426,1,7,3.96138,5.568031,1,0,2,4,4,4,2
ARCH_0410,true,17,3.705882,4,1.686887,1,6,2.838565,4.5732,2,2,4,4,1,4,0
ARCH_0411,true,15,4.333333,4,1.447494,2,7,3.531738,5.134929,0,1,4,4,2,3,1
ARCH_0412,true,17,4.411765,5,1.622453,1,7,3.577576,5.245953,2,0,2,2,8,2,1
ARCH_0413,true,15,3.933333,4,1.387015,1,6,3.16523,4.701436,1,1,3,5,3,2,0
ARCH_0414,true,16,5.3125,5.5,1.078193,3,7,4.737972,5.887028,0,0,2,0,6,7,1
ARCH_0415,true,16,4,4,1.75119,1,6,3.066857,4.933143,2,2,1,4,3,4,0
ARCH_0416,true,17,3.941176,4,1.477777,1,7,3.181374,4.700979,1,2,2,7,3,1,1
ARCH_0417,true,15,3.066667,3,1.667619,1,6,2.14317,3.990163,4,2,2,4,2,1,0
ARCH_0418,true,15,3.8,4,1.698739,1,6,2.85927,4.74073,2,1,4,2,3,3,0
ARCH_0419,true,16,3.875,4,1.454877,1,6,3.099751,4.650249,2,0,4,3,6,1,0
ARCH_0420,true,15,4.333333,4,0.899735,2,6,3.835076,4.83159,0,1,0,8,5,1,0
ARCH_0421,true,17,4.411765,4,1.00367,3,7,3.895725,4.927804,0,0,2,9,4,1,1
ARCH_0422,true,17,3.823529,4,1.185079,1,6,3.214218,4.432841,1,1,3,8,3,1,0
ARCH_0423,true,15,5.266667,6,1.624221,1,7,4.367203,6.166131,1,0,1,1,4,5,3
ARCH_0424,true,16,4.6875,5,1.302242,2,6,3.993584,5.381416,0,1,3,1,6,5,0
ARCH_0425,true,15,3.8,4,2.111195,1,7,2.630859,4.969141,3,2,2,2,1,4,1
ARCH_0426,true,17,4.411765,4,1.502449,2,7,3.639277,5.184253,0,1,5,3,4,2,2
ARCH_0427,true,16,3.375,4,1.147461,1,5,2.763561,3.986439,1,3,3,7,2,0,0
ARCH_0428,true,15,3.666667,4,1.345185,1,6,2.921728,4.411606,1,2,3,5,3,1,0
ARCH_0429,true,16,3.5,3.5,1.861899,1,6,2.507864,4.492136,3,3,2,2,3,3,0
ARCH_0430,true,15,4.533333,5,1.884776,1,7,3.489579,5.577088,1,2,1,2,5,1,3
ARCH_0431,true,17,4.647059,5,1.693413,1,7,3.776386,5.517731,1,2,0,3,6,3,2
ARCH_0432,true,16,3.625,3.5,1.627882,1,7,2.757563,4.492437,2,1,5,4,2,1,1
ARCH_0433,true,15,3.933333,4,0.96115,2,6,3.401066,4.465601,0,1,3,8,2,1,0
ARCH_0434,true,16,4.625,4,1.408309,2,7,3.874565,5.375435,0,1,1,7,4,0,3
ARCH_0435,true,17,3.411765,3,1.502449,1,6,2.639277,4.184253,2,3,4,3,4,1,0
ARCH_0436,true,17,4.411765,5,1.502449,1,7,3.639277,5.184253,1,1,2,3,7,2,1
ARCH_0437,true,17,3.117647,3,1.576482,1,7,2.307095,3.928199,3,2,7,2,2,0,1
ARCH_0438,true,16,4.875,5,1.360147,2,7,4.150229,5.599771,0,1,1,4,5,3,2
ARCH_0439,true,14,3.5,3.5,1.82925,1,7,2.443823,4.556177,2,3,2,3,2,1,1
ARCH_0440,true,16,4.125,4,0.957427,2,6,3.614823,4.635177,0,1,2,8,4,1,0
ARCH_0441,true,16,3.5625,4,1.263263,1,6,2.889355,4.235645,1,2,4,6,2,1,0
ARCH_0442,true,17,4.941176,5,1.477777,1,7,4.181374,5.700979,1,0,1,3,6,4,2
ARCH_0443,true,16,4.4375,4.5,1.672075,1,7,3.546514,5.328486,1,1,2,4,4,2,2
ARCH_0444,true,16,4.5625,5,1.152895,2,7,3.948166,5.176834,0,1,1,5,7,1,1
ARCH_0445,true,16,3.875,4,1.707825,1,7,2.964964,4.785036,1,3,3,3,3,2,1
ARCH_0446,true,15,3.266667,3,1.75119,1,6,2.29689,4.236443,3,2,4,3,0,3,0
ARCH_0447,true,17,4.705882,5,1.686887,1,7,3.838565,5.5732,1,1,1,5,2,5,2
ARCH_0448,true,16,4.5625,4.5,1.263263,3,7,3.889355,5.235645,0,0,4,4,4,3,1
ARCH_0449,true,17,4.294118,5,1.403776,1,6,3.572362,5.015873,2,0,1,3,10,1,0
ARCH_0450,true,17,4.411765,4,1.416811,2,7,3.683308,5.140222,0,2,2,5,4,3,1
ARCH_0451,true,17,4.058824,4,1.983387,1,7,3.03906,5.078587,2,3,1,4,2,3,2
ARCH_0452,true,16,5.1875,5,1.223043,3,7,4.535787,5.839213,0,0,2,2,5,5,2
ARCH_0453,true,16,4.375,4,1.627882,1,7,3.507563,5.242437,1,1,1,7,2,2,2
ARCH_0454,true,16,4.125,4.5,1.927866,1,7,3.097713,5.152287,2,2,2,2,3,4,1
ARCH_0455,true,16,4.625,5,1.454877,1,7,3.849751,5.400249,1,0,1,5,6,1,2
ARCH_0456,true,16,4,4,1.21106,2,6,3.354672,4.645328,0,2,3,6,3,2,0
ARCH_0457,true,14,5.857143,6,1.027105,4,7,5.26411,6.450176,0,0,0,2,2,6,4
ARCH_0458,true,16,4,4,1.632993,1,7,3.129839,4.870161,2,0,4,3,5,1,1
ARCH_0459,true,16,4.0625,4.5,1.436141,1,6,3.297235,4.827765,1,1,4,2,6,2,0
ARCH_0460,true,17,5.058824,5,1.028992,4,7,4.529765,5.587882,0,0,0,6,6,3,2
ARCH_0461,true,16,4.5,4.5,1.505545,2,7,3.697752,5.302248,0,1,4,3,4,2,2
ARCH_0462,true,15,4.8,5,1.146423,2,6,4.165132,5.434868,0,1,1,2,7,4,0
ARCH_0463,true,15,5.533333,6,1.125463,4,7,4.910073,6.156594,0,0,0,4,2,6,3
ARCH_0464,true,16,5.375,5,1.204159,4,7,4.733349,6.016651,0,0,0,5,4,3,4
ARCH_0465,true,16,4.125,4,1.087811,2,6,3.545346,4.704654,0,2,1,7,5,1,0
ARCH_0466,true,16,4.0625,4,1.12361,2,6,3.46377,4.66123,0,2,2,6,5,1,0
ARCH_0467,true,16,3.125,2.5,1.857418,1,7,2.135252,4.114748,3,5,2,2,2,1,1
ARCH_0468,true,17,4.647059,5,1.800735,1,7,3.721206,5.572911,1,1,3,2,4,3,3
ARCH_0469,true,15,3.933333,4,2.120198,1,7,2.759207,5.10746,2,3,2,2,1,3,2
ARCH_0470,true,16,3.75,4,1.612452,1,7,2.890785,4.609215,1,3,3,4,3,1,1
ARCH_0471,true,14,5.285714,5,0.913874,4,7,4.758059,5.813369,0,0,0,2,8,2,2
ARCH_0472,true,16,5.1875,5,1.327592,3,7,4.480076,5.894924,0,0,1,5,4,2,4
ARCH_0473,true,17,3.176471,3,1.380004,1,6,2.466938,3.886003,1,6,3,4,2,1,0
ARCH_0474,true,17,4.941176,5,1.144038,2,7,4.352966,5.529387,0,1,0,4,7,4,1
ARCH_0475,true,15,3.733333,4,1.624221,1,6,2.833869,4.632797,1,4,1,3,4,2,0
ARCH_0476,true,16,5.625,6,1.147461,3,7,5.013561,6.236439,0,0,1,1,5,5,4
ARCH_0477,true,17,5.235294,5,1.25147,3,7,4.591848,5.87874,0,0,1,5,3,5,3
ARCH_0478,true,17,3.823529,4,1.740521,1,6,2.928636,4.718422,2,3,2,2,5,3,0
ARCH_0479,true,17,3.823529,4,1.704233,1,7,2.947293,4.699765,2,2,2,6,2,2,1
ARCH_0480,true,16,4.3125,4.5,0.873212,2,5,3.847198,4.777802,0,1,1,6,8,0,0
ARCH_0481,true,16,4.5,4,1.632993,2,7,3.629839,5.370161,0,2,2,6,0,4,2
ARCH_0482,true,15,5.266667,6,1.791514,1,7,4.274559,6.258774,1,1,0,1,4,4,4
ARCH_0483,true,16,5.3125,5,1.195478,4,7,4.675475,5.949525,0,0,0,5,5,2,4
ARCH_0484,true,16,4.875,5,1.310216,3,7,4.176835,5.573165,0,0,3,3,5,3,2
ARCH_0485,true,16,3.8125,4,1.276388,2,6,3.132361,4.492639,0,3,3,6,2,2,0
ARCH_0486,true,15,4.133333,4,1.505545,1,7,3.29959,4.967077,1,1,2,5,4,1,1
ARCH_0487,true,15,3.666667,4,1.447494,1,6,2.865071,4.468262,1,3,2,4,4,1,0
ARCH_0488,true,14,4.642857,5,1.392681,1,7,3.838747,5.446967,1,0,0,5,5,2,1
ARCH_0489,true,17,3.529412,4,1.624717,1,7,2.694059,4.364764,1,5,2,5,2,1,1
ARCH_0490,true,17,5,5,1.541104,2,7,4.207638,5.792362,0,1,2,4,2,5,3
ARCH_0491,true,16,4.0625,4,1.12361,2,6,3.46377,4.66123,0,1,4,6,3,2,0
ARCH_0492,true,16,4.1875,4,1.424488,2,6,3.428444,4.946556,0,2,3,6,0,5,0
ARCH_0493,true,16,3.6875,4,1.493039,1,6,2.891915,4.483085,2,2,1,6,4,1,0
ARCH_0494,true,16,4.5,4,1.154701,2,7,3.884704,5.115296,0,1,0,9,3,2,1
ARCH_0495,true,16,3.875,4,1.024695,2,6,3.328979,4.421021,0,1,5,6,3,1,0
ARCH_0496,true,18,3.722222,3.5,1.526455,1,7,2.963134,4.481311,1,2,6,5,1,2,1
ARCH_0497,true,17,4.058824,4,1.784327,1,7,3.141407,4.97624,2,2,1,5,3,3,1
ARCH_0498,true,17,4,4,1.457738,1,7,3.2505,4.7495,1,0,7,2,5,1,1
ARCH_0499,true,17,4.941176,5,1.344925,2,7,4.24968,5.632673,0,1,1,4,5,4,2
ARCH_0500,true,17,4.058824,4,1.477777,2,7,3.299021,4.818626,0,3,3,5,3,2,1
ARCH_0501,true,15,3.333333,4,1.345185,1,6,2.588394,4.078272,1,4,2,6,1,1,0
ARCH_0502,true,14,4.285714,5,1.589803,1,7,3.36779,5.203639,1,1,2,2,6,1,1
ARCH_0503,true,17,5.176471,6,1.380004,2,7,4.466938,5.886003,0,1,1,3,3,7,2
ARCH_0504,true,16,4.1875,4,1.682013,1,7,3.291219,5.083781,1,2,2,4,3,3,1
ARCH_0505,true,15,3.4,3,1.454058,1,7,2.594769,4.205231,1,3,4,5,1,0,1
ARCH_0506,true,16,4.625,4,1.707825,2,7,3.714964,5.535036,0,1,4,4,2,1,4
ARCH_0507,true,16,5.5,6,1.67332,3,7,4.608351,6.391649,0,0,4,0,3,2,7
ARCH_0508,true,15,4.466667,5,1.505545,1,6,3.632923,5.30041,1,0,3,3,3,5,0
ARCH_0509,true,17,4.529412,5,1.419403,2,7,3.799622,5.259202,0,2,1,5,6,1,2
ARCH_0510,true,16,4.6875,5,1.815443,1,7,3.720119,5.654881,2,0,0,5,4,2,3
ARCH_0511,true,15,4.333333,4,1.799471,1,7,3.33682,5.329847,1,1,3,3,4,0,3
ARCH_0512,true,15,5,5,1.511858,2,7,4.162761,5.837239,0,2,0,2,5,4,2
ARCH_0513,true,18,4.166667,4,1.581139,2,7,3.380385,4.952949,0,4,1,6,4,1,2
ARCH_0514,true,17,4.411765,5,1.502449,1,7,3.639277,5.184253,1,1,2,3,7,2,1
ARCH_0515,true,17,4.294118,4,1.686887,2,7,3.4268,5.161435,0,4,1,4,4,2,2
ARCH_0516,true,15,3.8,4,1.320173,2,7,3.068912,4.531088,0,3,2,7,2,0,1
ARCH_0517,true,14,5.285714,5,1.138729,3,7,4.628232,5.943197,0,0,1,2,5,4,2
ARCH_0518,true,16,5.0625,5,1.181454,4,7,4.432948,5.692052,0,0,0,7,4,2,3
ARCH_0519,true,17,4.705882,5,0.848875,3,6,4.269431,5.142333,0,0,1,6,7,3,0
ARCH_0520,true,16,4.4375,5,1.631717,1,7,3.568019,5.306981,2,0,1,3,7,2,1
ARCH_0521,true,15,5,5,1.309307,3,7,4.27493,5.72507,0,0,2,3,6,1,3
ARCH_0522,true,15,4.933333,5,1.486447,2,7,4.110167,5.7565,0,1,2,2,4,4,2
ARCH_0523,true,16,4.5625,5,1.631717,1,7,3.693019,5.431981,1,1,1,4,5,2,2
ARCH_0524,true,17,3.588235,3,1.543487,1,6,2.794647,4.381823,1,4,4,2,4,2,0
ARCH_0525,true,17,4.176471,4,1.380004,2,7,3.466938,4.886003,0,2,3,6,3,2,1
ARCH_0526,true,17,4.294118,4,1.723539,1,7,3.407955,5.18028,1,2,2,5,1,5,1
ARCH_0527,true,13,5.153846,5,1.214232,4,7,4.420093,5.887599,0,0,0,5,4,1,3
ARCH_0528,true,16,3.9375,4.5,1.913766,1,7,2.917726,4.957274,1,5,1,1,4,3,1
ARCH_0529,true,14,5.5,6,1.60528,1,7,4.573139,6.426861,1,0,0,1,4,4,4
ARCH_0530,true,17,4,4,1.968502,1,7,2.98789,5.01211,2,2,3,4,2,1,3
ARCH_0531,true,14,4.571429,5,1.650841,1,7,3.618262,5.524596,1,1,1,2,5,3,1
ARCH_0532,true,17,4.764706,5,1.480262,1,7,4.003625,5.525787,1,0,1,5,5,3,2
ARCH_0533,true,15,5.333333,5,1.345185,2,7,4.588394,6.078272,0,1,0,2,5,4,3
ARCH_0534,true,16,4.0625,4,1.181454,2,6,3.432948,4.692052,0,2,3,4,6,1,0
ARCH_0535,true,15,4.8,5,1.473577,2,7,3.98396,5.61604,0,1,3,1,4,5,1
ARCH_0536,true,14,5.428571,5,1.283881,2,7,4.68728,6.169863,0,1,0,0,7,3,3
ARCH_0537,true,17,5.529412,6,1.06757,3,7,4.980518,6.078306,0,0,1,1,6,6,3
ARCH_0538,true,16,4.875,5,1.024695,3,6,4.328979,5.421021,0,0,2,3,6,5,0
ARCH_0539,true,17,4.235294,4,1.347656,1,6,3.542393,4.928195,1,0,4,4,5,3,0
ARCH_0540,true,17,4.764706,4,1.521899,2,7,3.982218,5.547194,0,1,2,6,2,3,3
ARCH_0541,true,16,4.6875,4.5,1.25,3,7,4.021422,5.353578,0,0,3,5,3,4,1
ARCH_0542,true,16,5.0625,5.5,1.94829,1,7,4.02433,6.10067,2,0,1,1,4,4,4
ARCH_0543,true,16,5.4375,6,1.504161,2,7,4.635989,6.239011,0,1,1,2,2,6,4
ARCH_0544,true,17,5.117647,5,1.409005,3,7,4.393204,5.84209,0,0,2,5,3,3,4
ARCH_0545,true,17,5.294118,5,1.490164,1,7,4.527946,6.060289,1,0,1,0,7,5,3
ARCH_0546,true,15,5.066667,5,1.279881,3,7,4.357892,5.775441,0,0,1,5,4,2,3
ARCH_0547,true,15,3.933333,4,1.334523,2,7,3.194299,4.672368,0,2,3,7,1,1,1
ARCH_0548,true,16,4.125,4,1.360147,2,6,3.400229,4.849771,0,2,4,3,4,3,0
ARCH_0549,true,16,4.8125,5,1.759498,1,7,3.87493,5.75007,2,0,0,3,5,4,2
ARCH_0550,true,17,4.117647,4,1.69124,1,7,3.248091,4.987203,2,1,1,6,5,0,2
ARCH_0551,true,17,3.882353,4,1.576482,1,6,3.071801,4.692905,1,3,3,3,4,3,0
ARCH_0552,true,16,4.25,4,1.48324,2,7,3.459637,5.040363,0,3,1,5,4,2,1
ARCH_0553,true,18,4.388889,4.5,1.851514,1,7,3.468153,5.309625,1,3,2,3,1,7,1
ARCH_0554,true,14,5.357143,6,1.59842,2,7,4.434243,6.280043,0,1,1,2,2,4,4
ARCH_0555,true,15,4.533333,4,1.597617,2,7,3.648602,5.418064,0,1,3,5,2,1,3
ARCH_0556,true,16,4.8125,4,1.721191,2,7,3.895342,5.729658,0,1,3,5,0,3,4
ARCH_0557,true,16,6,6.5,1.21106,4,7,5.354672,6.645328,0,0,0,3,2,3,8
ARCH_0558,true,16,4.5,4.5,0.966092,3,7,3.985206,5.014794,0,0,2,6,7,0,1
ARCH_0559,true,17,4.352941,4,1.617914,1,6,3.521086,5.184796,1,2,1,5,2,6,0
ARCH_0560,true,16,4.25,4.5,1.437591,1,6,3.483962,5.016038,2,0,0,6,6,2,0
ARCH_0561,true,15,4.2,4,1.014185,2,6,3.638363,4.761637,0,1,2,6,5,1,0
ARCH_0562,true,16,4.625,5,1.627882,1,7,3.757563,5.492437,1,1,2,1,6,4,1
ARCH_0563,true,14,3.928571,4,1.59153,2,7,3.009649,4.847493,0,3,3,4,1,2,1
ARCH_0564,true,18,2.722222,3,1.406102,1,6,2.022984,3.421461,5,2,6,4,0,1,0
ARCH_0565,true,16,5,5,1.264911,3,7,4.325976,5.674024,0,0,2,4,4,4,2
ARCH_0566,true,14,3.214286,3,1.050902,1,5,2.607513,3.821059,1,2,5,5,1,0,0
ARCH_0567,true,17,4.294118,5,1.896204,1,7,3.31918,5.269056,2,2,1,3,3,5,1
ARCH_0568,true,16,4.75,5,1.437591,2,7,3.983962,5.516038,0,1,2,4,4,3,2
ARCH_0569,true,14,4.5,5,1.60528,2,7,3.573139,5.426861,0,2,2,2,5,1,2
ARCH_0570,true,15,5.4,5,1.502379,3,7,4.56801,6.23199,0,0,2,2,5,0,6
ARCH_0571,true,16,4.9375,5,1.236595,2,7,4.278565,5.596435,0,1,0,4,7,2,2
ARCH_0572,true,17,4.411765,5,1.938389,1,7,3.415137,5.408393,2,2,1,2,3,6,1
ARCH_0573,true,16,4.5,5,1.549193,1,7,3.674493,5.325507,1,1,2,1,8,2,1
ARCH_0574,true,17,4.647059,5,1.271868,2,6,3.993125,5.300993,0,2,0,5,5,5,0
ARCH_0575,true,14,4.285714,5,1.437336,2,6,3.455821,5.115607,0,3,1,1,7,2,0
ARCH_0576,true,17,4.529412,5,1.419403,1,7,3.799622,5.259202,1,1,0,5,7,2,1
ARCH_0577,true,15,4.2,4,1.612452,1,7,3.307054,5.092946,1,1,3,3,4,2,1
ARCH_0578,true,15,4.666667,4,1.543033,2,7,3.812163,5.52117,0,1,2,5,3,1,3
ARCH_0579,true,17,4.764706,5,1.480262,2,7,4.003625,5.525787,0,2,2,1,6,5,1
ARCH_0580,true,15,2.933333,3,1.387015,1,5,2.16523,3.701436,2,5,3,2,3,0,0
ARCH_0581,true,15,5,5,1.069045,3,7,4.407983,5.592017,0,0,1,4,5,4,1
ARCH_0582,true,14,5.214286,5,1.476929,3,7,4.361532,6.067039,0,0,2,3,3,2,4
ARCH_0583,true,14,4.142857,4.5,1.406422,2,6,3.330813,4.954901,0,3,1,3,5,2,0
ARCH_0584,true,16,4.4375,4.5,1.364734,1,6,3.710284,5.164716,1,0,2,5,4,4,0
ARCH_0585,true,17,5.235294,5,1.300452,3,7,4.566663,5.903925,0,0,2,3,4,5,3
ARCH_0586,true,14,4.357143,4.5,0.928783,3,6,3.82088,4.893406,0,0,3,4,6,1,0
ARCH_0587,true,15,3.8,4,1.521278,2,7,2.957545,4.642455,0,4,2,5,2,1,1
ARCH_0588,true,16,4.6875,5,1.302242,2,7,3.993584,5.381416,0,1,2,3,6,3,1
ARCH_0589,true,14,4.642857,5,1.823232,1,7,3.590154,5.69556,1,1,1,3,4,1,3
ARCH_0590,true,15,5.866667,7,1.355764,4,7,5.11587,6.617464,0,0,0,4,2,1,8
ARCH_0591,true,16,4.75,5,1.570563,2,7,3.913106,5.586894,0,1,3,3,4,2,3
ARCH_0592,true,18,4.888889,5,1.409584,2,7,4.187919,5.589859,0,1,1,6,4,3,3
ARCH_0593,true,15,4.733333,4,1.387015,3,7,3.96523,5.501436,0,0,3,5,2,3,2
ARCH_0594,true,16,4.375,4,1.586401,1,7,3.529667,5.220333,1,1,1,6,4,1,2
ARCH_0595,true,16,4.125,4,1.360147,2,6,3.400229,4.849771,0,3,1,6,3,3,0
ARCH_0596,true,17,4.764706,5,1.480262,1,7,4.003625,5.525787,1,1,0,3,7,4,1
ARCH_0597,true,16,3.6875,4,1.352467,1,6,2.966821,4.408179,1,2,4,4,4,1,0
ARCH_0598,true,16,3.9375,4,1.611159,1,7,3.078974,4.796026,1,2,3,5,2,2,1
ARCH_0599,true,16,3.9375,4,1.691892,1,6,3.035954,4.839046,3,0,1,6,3,3,0
ARCH_0600,true,14,4.071429,4,1.63915,1,7,3.125011,5.017846,1,1,2,6,2,0,2
