training_run_id,code,name,training_dataset,model_family,base_model,base_model_revision,provider,method,lora_rank,lora_alpha,learning_rate,batch_size,steps,resolution,seed,configuration_json,artifact_uri,started_at,completed_at,status,notes
21,REP-AES-S1254-R,"Replication (plan section 8): determinism control, exact repetition of RUN-AESTHETIC-4 (AESTHETIC-v2, training seed 1254)",AESTHETIC-v2,SDXL,stabilityai/stable-diffusion-xl-base-1.0,462165984030d82259a11f4367a4eed129e94a7b,Scaleway,LoRA,16,16,0.0001,1,1500,1024,1254,"{""noise_offset"":0.0357,""timestep_min"":250}",experiments/ARCH300/models/REP-AES-S1254-R/job44-rep-aes-s1254-r_lora.safetensors,2026-10-01T22:24:52.145Z,2026-10-01T22:48:54.542Z,Completed,"Replication across training seeds (ANALYSIS_PLAN.md, section 8.2): same corpus, seed and parameters as RUN-AESTHETIC-4, to see whether the training is reproducible."
19,REP-AES-S42160,"Replication (plan section 8): AESTHETIC-v2, training seed 42160, parameters of RUN-AESTHETIC-4",AESTHETIC-v2,SDXL,stabilityai/stable-diffusion-xl-base-1.0,462165984030d82259a11f4367a4eed129e94a7b,Scaleway,LoRA,16,16,0.0001,1,1500,1024,42160,"{""noise_offset"":0.0357,""timestep_min"":250}",experiments/ARCH300/models/REP-AES-S42160/job42-rep-aes-s42160_lora.safetensors,2026-10-01T22:00:18.781Z,2026-10-01T22:23:33.190Z,Completed,"Replication across training seeds (ANALYSIS_PLAN.md, section 8). Identical to the original runs except corpus and training seed."
18,REP-AES-S9865,"Replication (plan section 8): AESTHETIC-v2, training seed 9865, parameters of RUN-AESTHETIC-4",AESTHETIC-v2,SDXL,stabilityai/stable-diffusion-xl-base-1.0,462165984030d82259a11f4367a4eed129e94a7b,Scaleway,LoRA,16,16,0.0001,1,1500,1024,9865,"{""noise_offset"":0.0357,""timestep_min"":250}",experiments/ARCH300/models/REP-AES-S9865/job40-rep-aes-s9865_lora.safetensors,2026-10-01T21:36:34.665Z,2026-10-01T21:59:11.016Z,Completed,"Replication across training seeds (ANALYSIS_PLAN.md, section 8). Identical to the original runs except corpus and training seed."
20,REP-CTL-S1254,"Replication (plan section 8): CONTROL-v2, training seed 1254, parameters of RUN-CONTROL-4",CONTROL-v2,SDXL,stabilityai/stable-diffusion-xl-base-1.0,462165984030d82259a11f4367a4eed129e94a7b,Scaleway,LoRA,16,16,0.0001,1,1500,1024,1254,"{""noise_offset"":0.0357,""timestep_min"":250}",experiments/ARCH300/models/REP-CTL-S1254/job43-rep-ctl-s1254_lora.safetensors,2026-10-01T22:00:32.539Z,2026-10-01T22:24:18.376Z,Completed,"Replication across training seeds (ANALYSIS_PLAN.md, section 8). Identical to the original runs except corpus and training seed."
17,REP-CTL-S42160,"Replication (plan section 8): CONTROL-v2, training seed 42160, parameters of RUN-CONTROL-4",CONTROL-v2,SDXL,stabilityai/stable-diffusion-xl-base-1.0,462165984030d82259a11f4367a4eed129e94a7b,Scaleway,LoRA,16,16,0.0001,1,1500,1024,42160,"{""noise_offset"":0.0357,""timestep_min"":250}",experiments/ARCH300/models/REP-CTL-S42160/job39-rep-ctl-s42160_lora.safetensors,2026-10-01T21:36:06.371Z,2026-10-01T21:59:16.049Z,Completed,"Replication across training seeds (ANALYSIS_PLAN.md, section 8). Identical to the original runs except corpus and training seed."
5,RUN-AESTHETIC,RUN-AESTHETIC,AESTHETIC-v1,SDXL,stabilityai/stable-diffusion-xl-base-1.0,462165984030d82259a11f4367a4eed129e94a7b,Scaleway,LoRA,16,16,0.0001,1,1500,1024,1254,{},experiments/ARCH300/models/RUN-AESTHETIC/job5-run-aesthetic_lora.safetensors,2026-09-27T22:19:41.814Z,2026-09-27T22:42:57.482Z,Completed,
9,RUN-AESTHETIC-2,AESTHETIC-v2 (captions rewritten),AESTHETIC-v2,SDXL,stabilityai/stable-diffusion-xl-base-1.0,462165984030d82259a11f4367a4eed129e94a7b,Scaleway,LoRA,16,16,0.0001,1,1500,1024,1254,{},experiments/ARCH300/models/RUN-AESTHETIC-2/job13-run-aesthetic-2_lora.safetensors,2026-09-28T01:29:48.053Z,2026-09-28T01:53:36.995Z,Completed,"Same settings as RUN-AESTHETIC; dataset AESTHETIC-v2 with captions describing vegetation, sky and light."
11,RUN-AESTHETIC-3,AESTHETIC-v2 + noise offset,AESTHETIC-v2,SDXL,stabilityai/stable-diffusion-xl-base-1.0,462165984030d82259a11f4367a4eed129e94a7b,Scaleway,LoRA,16,16,0.0001,1,1500,1024,1254,"{""noise_offset"":0.0357}",experiments/ARCH300/models/RUN-AESTHETIC-3/job18-run-aesthetic-3_lora.safetensors,2026-09-28T04:46:40.598Z,2026-09-28T05:09:44.977Z,Completed,"As RUN-AESTHETIC-2 plus SDXL noise offset 0.0357 (fixes washed-out, low-contrast LoRA output)."
13,RUN-AESTHETIC-4,"AESTHETIC-v2 + noise offset, timesteps 250-1000",AESTHETIC-v2,SDXL,stabilityai/stable-diffusion-xl-base-1.0,462165984030d82259a11f4367a4eed129e94a7b,Scaleway,LoRA,16,16,0.0001,1,1500,1024,1254,"{""noise_offset"":0.0357,""timestep_min"":250}",experiments/ARCH300/models/RUN-AESTHETIC-4/job22-run-aesthetic-4_lora.safetensors,2026-09-28T05:55:49.175Z,2026-09-28T06:19:22.299Z,Completed,"As RUN-AESTHETIC-3 but without the 250 least noisy timesteps: the LoRA no longer learns fine photographic texture (JPEG noise, lettering) and SDXL keeps its own detail rendering."
15,RUN-AESTHETIC-RV,AESTHETIC-v2 on RealVisXL V5.0,AESTHETIC-v2,SDXL,SG161222/RealVisXL_V5.0,ac93e0dda1f6d448cae19bbfab8c5e720a5e48bc,Scaleway,LoRA,16,16,0.0001,1,1500,1024,1254,"{""noise_offset"":0.0357,""timestep_min"":250}",experiments/ARCH300/models/RUN-AESTHETIC-RV/job25-run-aesthetic-rv_lora.safetensors,2026-09-28T06:45:32.724Z,2026-09-28T07:08:47.312Z,Completed,Photorealism test: same settings as RUN-AESTHETIC-4 on a photorealistic SDXL base (RealVisXL V5.0).
6,RUN-CONTROL,RUN-CONTROL,CONTROL-v1,SDXL,stabilityai/stable-diffusion-xl-base-1.0,462165984030d82259a11f4367a4eed129e94a7b,Scaleway,LoRA,16,16,0.0001,1,1500,1024,9865,{},experiments/ARCH300/models/RUN-CONTROL/job6-run-control_lora.safetensors,2026-09-27T22:19:54.103Z,2026-09-27T22:43:12.092Z,Completed,
10,RUN-CONTROL-2,CONTROL-v2 (captions harmonised),CONTROL-v2,SDXL,stabilityai/stable-diffusion-xl-base-1.0,462165984030d82259a11f4367a4eed129e94a7b,Scaleway,LoRA,16,16,0.0001,1,1500,1024,9865,{},experiments/ARCH300/models/RUN-CONTROL-2/job14-run-control-2_lora.safetensors,2026-09-28T01:30:00.495Z,2026-09-28T01:53:03.256Z,Completed,Same settings as RUN-CONTROL; dataset CONTROL-v2 with harmonised captions.
12,RUN-CONTROL-3,CONTROL-v2 + noise offset,CONTROL-v2,SDXL,stabilityai/stable-diffusion-xl-base-1.0,462165984030d82259a11f4367a4eed129e94a7b,Scaleway,LoRA,16,16,0.0001,1,1500,1024,9865,"{""noise_offset"":0.0357}",experiments/ARCH300/models/RUN-CONTROL-3/job19-run-control-3_lora.safetensors,2026-09-28T04:46:52.436Z,2026-09-28T05:10:10.261Z,Completed,As RUN-CONTROL-2 plus SDXL noise offset 0.0357.
14,RUN-CONTROL-4,"CONTROL-v2 + noise offset, timesteps 250-1000",CONTROL-v2,SDXL,stabilityai/stable-diffusion-xl-base-1.0,462165984030d82259a11f4367a4eed129e94a7b,Scaleway,LoRA,16,16,0.0001,1,1500,1024,9865,"{""noise_offset"":0.0357,""timestep_min"":250}",experiments/ARCH300/models/RUN-CONTROL-4/job23-run-control-4_lora.safetensors,2026-09-28T05:56:01.349Z,2026-09-28T06:19:23.178Z,Completed,As RUN-CONTROL-3 with timesteps 250-1000.
16,RUN-CONTROL-RV,CONTROL-v2 on RealVisXL V5.0,CONTROL-v2,SDXL,SG161222/RealVisXL_V5.0,ac93e0dda1f6d448cae19bbfab8c5e720a5e48bc,Scaleway,LoRA,16,16,0.0001,1,1500,1024,9865,"{""noise_offset"":0.0357,""timestep_min"":250}",experiments/ARCH300/models/RUN-CONTROL-RV/job26-run-control-rv_lora.safetensors,2026-09-28T06:45:45.110Z,2026-09-28T07:08:57.824Z,Completed,Photorealism test: same settings as RUN-CONTROL-4 on RealVisXL V5.0.
8,TEST-AES-LR3E5,test: lower learning rate,AESTHETIC-v1,SDXL,stabilityai/stable-diffusion-xl-base-1.0,462165984030d82259a11f4367a4eed129e94a7b,Scaleway,LoRA,16,16,3e-05,1,1500,1024,1254,"{""lr_scheduler"":""cosine"",""lr_warmup_steps"":100}",experiments/ARCH300/models/TEST-AES-LR3E5/job10-test-aes-lr3e5_lora.safetensors,2026-09-28T00:30:22.592Z,2026-09-28T00:54:03.466Z,Completed,"green-cast investigation: lr 3e-5 cosine, warmup 100"
7,TEST-AES-S500,test: fewer steps,AESTHETIC-v1,SDXL,stabilityai/stable-diffusion-xl-base-1.0,462165984030d82259a11f4367a4eed129e94a7b,Scaleway,LoRA,16,16,0.0001,1,500,1024,1254,{},experiments/ARCH300/models/TEST-AES-S500/job8-test-aes-s500_lora.safetensors,2026-09-28T00:18:07.866Z,2026-09-28T00:28:09.016Z,Completed,green-cast investigation: 500 steps instead of 1500
