image_code,source_set,building_type,mean_rating,similarity_to_aesthetic,similarity_to_control,relative_source_set_affinity
ARCH_0001,neither,factory,3.948276,0.07115271239203348,0.10869762891561228,-0.0375449165235788
ARCH_0002,neither,factory,3.883333,0.1100162967711666,0.17413547116312406,-0.06411917439195745
ARCH_0003,AESTHETIC,school / university,5.080645,0.11515360817440029,0.1960242661342568,-0.08087065795985651
ARCH_0004,neither,school,3.366667,0.05046409063940541,0.09892392295500779,-0.048459832315602386
ARCH_0005,neither,collective housing,4.444444,0.04236087001433457,0.06264987215014706,-0.020289002135812487
ARCH_0006,neither,office building,4.793103,0.07207825589045613,0.10245350556917243,-0.0303752496787163
ARCH_0007,neither,observatory / research building,4.819672,0.16064356568231442,0.16238806118978355,-0.0017444955074691348
ARCH_0008,neither,coal mine / industrial complex,3.661017,0.07981224440077483,0.08009645902076158,-0.00028421461998674735
ARCH_0009,neither,factory,3.967213,0.16111465737657307,0.21222161136368178,-0.05110695398710871
ARCH_0010,neither,collective housing,4.112903,0.12210179201530649,0.15355387349904584,-0.03145208148373935
ARCH_0011,neither,single-family house,3.5,0.08249826289507844,0.1375764822811389,-0.055078219386060445
ARCH_0012,CONTROL,single-family house,4.733333,0.06538725229422673,0.1033061114746772,-0.03791885918045047
ARCH_0013,neither,exhibition hall / museum,3.714286,0.036740168389870397,0.08752903344005387,-0.05078886505018348
ARCH_0014,AESTHETIC,pavilion,5.57377,0.12574473959612031,0.15510536236453387,-0.029360622768413558
ARCH_0015,neither,collective housing,3.344262,0.02544993650185092,0.07725005173350985,-0.05180011523165893
ARCH_0016,neither,single-family house,3.916667,0.08694576185828373,0.15807778084232504,-0.07113201898404131
ARCH_0017,neither,public market hall / civic building,3.596774,0.10650668258702867,0.16184866105463447,-0.0553419784676058
ARCH_0018,AESTHETIC,bridge / infrastructure,5.216667,0.025696914027663643,0.022871470197591164,0.00282544383007248
ARCH_0019,neither,single-family house,4.65,0.05166843002394409,0.09825382496452037,-0.04658539494057628
ARCH_0020,CONTROL,factory,4.396552,0.14290126804165043,0.1929730383251043,-0.05007177028345386
ARCH_0021,neither,sanatorium / health building,4.803279,0.11027190358654165,0.16001260057603012,-0.049740696989488464
ARCH_0022,neither,town hall,4.274194,0.10931997033497058,0.1492435949620217,-0.03992362462705111
ARCH_0023,neither,collective housing,3.724138,0.09604482927021654,0.13759959484086098,-0.04155476557064444
ARCH_0024,neither,collective housing,3.66129,0.05486583409211005,0.12168346019969656,-0.06681762610758651
ARCH_0025,neither,factory,4.048387,0.0768159494281665,0.12116085043314118,-0.04434490100497468
ARCH_0026,neither,power station,4.186441,0.054976478793352615,0.08980741635187028,-0.03483093755851767
ARCH_0027,CONTROL,public building,4.245614,0.07083515326809021,0.12449367534807791,-0.0536585220799877
ARCH_0028,neither,factory,3.7,0.09092766581371114,0.1417502303375056,-0.05082256452379447
ARCH_0029,CONTROL,stadium,3.901639,0.06772484494547434,0.05474772914713975,0.012977115798334597
ARCH_0030,neither,sanatorium / health building,4.413793,0.05666797201159076,0.12018814082168984,-0.06352016881009909
ARCH_0031,neither,library,3.894737,0.04273358363195738,0.07074944889574256,-0.028015865263785175
ARCH_0032,neither,religious / funerary,4.196721,0.10805124934158916,0.14498644188412121,-0.03693519254253205
ARCH_0033,neither,church,4.220339,0.08375871514124791,0.07514800183661483,0.008610713304633089
ARCH_0034,neither,town hall,3.444444,0.1442305182644235,0.1852670554697997,-0.0410365372053762
ARCH_0035,neither,collective housing,4.066667,0.04108434696961756,0.07279911330490584,-0.031714766335288275
ARCH_0036,neither,single-family house,3.365079,0.09781817592136752,0.11266999048944251,-0.014851814568074995
ARCH_0037,neither,radio tower / infrastructure,3.847458,0.059780141957668786,0.045449052629360234,0.014331089328308552
ARCH_0038,AESTHETIC,single-family house,5.8,0.06830361235570226,0.08772710228880544,-0.01942348993310318
ARCH_0039,neither,corporate headquarters,3.803279,0.1409252159878082,0.1858953818727624,-0.0449701658849542
ARCH_0040,AESTHETIC,office building,5.032258,0.07312647136897305,0.07840363255799455,-0.005277161189021509
ARCH_0041,CONTROL,single-family house,4.666667,0.08228721841695943,0.1240659112937839,-0.041778692876824466
ARCH_0042,neither,factory / industrial complex,4.033333,0.09380904380360086,0.11151545514247325,-0.017706411338872394
ARCH_0043,neither,dam / power infrastructure,4.75,0.023625508480492212,0.01749203693571144,0.0061334715447807706
ARCH_0044,neither,single-family house / studio,3.684211,0.05100277160578649,0.09194025479143932,-0.04093748318565282
ARCH_0045,neither,public building (ministry),4.35,0.12257932860258192,0.16549445914523636,-0.042915130542654445
ARCH_0046,CONTROL,church,3.42623,0.16052667175907617,0.13861510787936285,0.021911563879713325
ARCH_0047,neither,post office / public building,4.017544,0.08190917524805254,0.12482948273573335,-0.04292030748768082
ARCH_0048,CONTROL,hotel,4.368421,0.05391312807874361,0.0839091667467387,-0.029996038667995092
ARCH_0049,neither,collective housing,3.721311,0.07029130085801681,0.12308424638811635,-0.05279294553009954
ARCH_0050,neither,service station,3.982759,0.15518314391039467,0.1784567123493588,-0.023273568438964137
ARCH_0051,neither,cinema,3.827586,0.052630886982502165,0.1013442822326829,-0.04871339525018073
ARCH_0052,CONTROL,bridge / infrastructure,4.85,0.06093404776281056,0.03650400914618919,0.024430038616621373
ARCH_0053,neither,collective housing,4.293103,0.08117367811574397,0.14874415323230883,-0.06757047511656486
ARCH_0054,neither,parliament / government building,4.491803,0.20673244422486306,0.23549948671109144,-0.028767042486228384
ARCH_0055,neither,single-family house,4.344262,0.09621086055357192,0.1408327562748855,-0.04462189572131359
ARCH_0056,AESTHETIC,single-family house,5.196721,0.05669912323030591,0.09301568351528502,-0.036316560284979114
ARCH_0057,AESTHETIC,office building,5.145161,0.1023401227350058,0.1274336845005638,-0.025093561765558006
ARCH_0058,neither,museum,4.741379,0.1506194073308738,0.18452937839529263,-0.033909971064418815
ARCH_0059,neither,office building,4.783333,0.09477829093321986,0.11386116961181665,-0.019082878678596787
ARCH_0060,CONTROL,single-family house,4.269841,0.056769124116285895,0.0809771735145483,-0.02420804939826241
ARCH_0061,CONTROL,single-family house,4.916667,0.06739051976969626,0.08556105653858835,-0.01817053676889209
ARCH_0062,AESTHETIC,museum,5.606557,0.1796042774442757,0.18311467875543036,-0.003510401311154654
ARCH_0063,AESTHETIC,airport terminal,5.360656,0.2512458826795518,0.14706229670591708,0.1041835859736347
ARCH_0064,neither,corporate research and production campus,3.661017,0.11849806242616125,0.15933604136457957,-0.040837978938418326
ARCH_0065,neither,research laboratory,4.540984,0.16502633458252075,0.22020308911445094,-0.05517675453193019
ARCH_0066,neither,museum,3.728814,0.12274702576109985,0.17115529836870064,-0.04840827260760079
ARCH_0067,neither,town hall,4.135593,0.17459862359898767,0.20719521382665276,-0.03259659022766509
ARCH_0068,neither,collective housing (mixed-use towers),4.964912,0.11351754850196616,0.09407993910092527,0.01943760940104089
ARCH_0069,neither,office / residential skyscraper,4.508475,0.13118924201824117,0.11580781227474174,0.01538142974349943
ARCH_0070,neither,collective housing,4.590164,0.12073684066475643,0.1626408256145979,-0.04190398494984146
ARCH_0071,neither,town hall,4.525424,0.11742758114802376,0.174447249280748,-0.057019668132724244
ARCH_0072,AESTHETIC,parliament,5.135593,0.21532614229540864,0.15682400383031714,0.0585021384650915
ARCH_0073,neither,collective housing,4.741935,0.21413247806829058,0.18442078654929756,0.029711691518993028
ARCH_0074,neither,museum,4.350877,0.227201299691892,0.24240394325972833,-0.015202643567836321
ARCH_0075,AESTHETIC,single-family house,5.129032,0.09895895716216897,0.12594160609136895,-0.02698264892919998
ARCH_0076,neither,museum,4.483871,0.25629480868432936,0.23572259696919817,0.020572211715131183
ARCH_0077,neither,university building,4.133333,0.22859694339922784,0.26694416168979984,-0.038347218290572
ARCH_0078,CONTROL,library,4.064516,0.11065901329549202,0.14314749261975834,-0.03248847932426632
ARCH_0079,neither,single-family house,3.206349,0.09839218903721648,0.149131971825984,-0.05073978278876752
ARCH_0080,AESTHETIC,restaurant / shell structure,5.017241,0.23833649655681757,0.14986070313768662,0.08847579341913095
ARCH_0081,CONTROL,office building,4.949153,0.10685719262629997,0.1198817613539465,-0.013024568727646527
ARCH_0082,neither,university auditorium,3.761905,0.1333143742605628,0.16892517440844146,-0.03561080014787865
ARCH_0083,CONTROL,bank / office building,4.152542,0.1707052980099905,0.16634002663038921,0.004365271379601299
ARCH_0084,neither,church,3.790323,0.1717621224337704,0.1575704975295938,0.014191624904176608
ARCH_0085,CONTROL,museum,4.824561,0.17679205923695535,0.20688529314095944,-0.03009323390400409
ARCH_0086,neither,government building,3.847458,0.15314438781441503,0.1964669889440499,-0.043322601129634875
ARCH_0087,neither,sports building,4.949153,0.21124636876662223,0.1398164478168713,0.07142992094975092
ARCH_0088,AESTHETIC,church,5.050847,0.2591701590168034,0.1870850517025772,0.07208510731422621
ARCH_0089,AESTHETIC,museum,5.169492,0.11345813205951494,0.16803936171306044,-0.054581229653545504
ARCH_0090,neither,concert hall,4.293103,0.19509476914572824,0.23778387146322716,-0.04268910231749892
ARCH_0091,neither,media production / office building,3.576271,0.04398811756136444,0.08999608248045389,-0.04600796491908945
ARCH_0092,neither,conference centre,4.387097,0.1500983854344724,0.18402713856593172,-0.03392875313145932
ARCH_0093,neither,theatre / cultural centre,3.704918,0.12017424545500194,0.16490108903579248,-0.04472684358079054
ARCH_0094,neither,museum,4.448276,0.07005900636091641,0.10712718629227676,-0.03706817993136034
ARCH_0095,neither,museum,3.903226,0.077702315709256,0.054532019833086545,0.02317029587616945
ARCH_0096,neither,village / housing / mosque,4.066667,0.033055483498508356,0.04387024867307259,-0.010814765174564235
ARCH_0097,AESTHETIC,single-family house,5.393443,0.09113732111893057,0.13311595522062647,-0.0419786341016959
ARCH_0098,neither,office building,4.633333,0.13641877347994058,0.13337448915313427,0.0030442843268063124
ARCH_0099,neither,mixed-use tower,3.8,0.05368197463893845,0.08322076864466146,-0.029538794005723013
ARCH_0100,CONTROL,office building,3.854839,0.03324407481938757,0.04286961699380936,-0.00962554217442179
ARCH_0101,neither,sports building,2.967742,0.07501653236529249,0.13508584758523962,-0.06006931521994713
ARCH_0102,neither,paper mill / factory,3.254237,0.04796869408489786,0.08754253242548982,-0.03957383834059196
ARCH_0103,neither,factory,3.810345,0.08436397517189802,0.13050351721823306,-0.04613954204633504
ARCH_0104,AESTHETIC,museum (restoration),5.224138,-0.0013631681682163151,-0.0017145404185324943,0.0003513722503161792
ARCH_0105,neither,concert hall,3.898305,0.23917174309786698,0.2462180604713084,-0.007046317373441413
ARCH_0106,neither,church,4.576271,0.051704988708143176,0.04288599075796471,0.008818997950178466
ARCH_0107,neither,orphanage / social building,4.934426,0.013982235925614473,0.01325486970583338,0.0007273662197810928
ARCH_0108,neither,exhibition / technology centre (Philips),4.360656,0.18444830689721264,0.15160394331723287,0.032844363579979774
ARCH_0109,CONTROL,university building,3.548387,0.16858832656096884,0.16281330926985021,0.005775017291118623
ARCH_0110,neither,collective housing,3.947368,0.07293956655506681,0.14995027729291194,-0.07701071073784513
ARCH_0111,neither,museum,4.830508,0.07343683580665249,0.08455000610929184,-0.01111317030263935
ARCH_0112,neither,pavilion,4.779661,0.12001331965207446,0.1339995109097771,-0.013986191257702646
ARCH_0113,CONTROL,collective housing,4.262295,0.12050247853436322,0.12208009149430837,-0.0015776129599451572
ARCH_0114,neither,swimming pools / public leisure,4.214286,0.02937557914764552,0.02864433766976336,0.000731241477882158
ARCH_0115,neither,collective housing,4.7,0.019101724641901133,0.05846099289782729,-0.03935926825592616
ARCH_0116,CONTROL,museum,4.803279,0.20576663742193446,0.2259516356167004,-0.020184998194765935
ARCH_0117,CONTROL,TV tower / infrastructure,3.7,0.06611026500115873,0.07101852403955178,-0.004908259038393051
ARCH_0118,AESTHETIC,opera house / theatre,6.0,0.2130705696753237,0.11192246167013374,0.10114810800518996
ARCH_0119,neither,church,4.344262,0.11062715453648536,0.1512219968966238,-0.04059484236013844
ARCH_0120,neither,museum,4.063492,0.08973209436958568,0.10184660389967384,-0.012114509530088163
ARCH_0121,CONTROL,parliament,4.532258,0.1951375733502296,0.17998261082047062,0.01515496252975898
ARCH_0122,neither,university campus,3.983333,0.1120959706417173,0.1440187897625209,-0.031922819120803594
ARCH_0123,neither,office building,4.372881,0.07154409376130735,0.09670637963820894,-0.025162285876901586
ARCH_0124,neither,office building,4.103448,0.07919460967017253,0.12216262390968653,-0.042968014239514005
ARCH_0125,CONTROL,distribution centre / warehouse,3.916667,0.08534920116633399,0.09268107770153457,-0.007331876535200579
ARCH_0126,neither,office building / bank headquarters,3.95,0.1417154275632892,0.14119487179752938,0.0005205557657598225
ARCH_0127,neither,factory,4.737705,0.09556575024896516,0.1401026987109308,-0.04453694846196565
ARCH_0128,neither,research / industrial laboratory,3.05,0.10222150830438655,0.11801101209808876,-0.01578950379370221
ARCH_0129,CONTROL,collective housing and arts centre,4.166667,0.0907142349426529,0.09242797314539675,-0.001713738202743842
ARCH_0130,neither,collective housing,3.810345,0.051182134563673834,0.10627262769137853,-0.0550904931277047
ARCH_0131,neither,collective housing,3.636364,0.06042523649155648,0.09764588860594493,-0.03722065211438845
ARCH_0132,neither,museum,4.209677,0.18768836660190324,0.1637089702070396,0.023979396394863656
ARCH_0133,neither,stadium,4.789474,0.23029801639444805,0.14389936527127375,0.0863986511231743
ARCH_0134,neither,office building,4.610169,0.10046296111014746,0.1643625003524581,-0.06389953924231065
ARCH_0135,CONTROL,church,3.982759,0.1591576388970115,0.18660185194857196,-0.027444213051560445
ARCH_0136,neither,funerary complex,4.57377,0.07340692288405981,0.059964362853031555,0.013442560031028256
ARCH_0137,CONTROL,hotel and TV transmitter,3.714286,0.1135429487696284,0.12452311228748764,-0.010980163517859243
ARCH_0138,neither,arena,4.103448,0.2196095769395408,0.22262649224745049,-0.003016915307909679
ARCH_0139,neither,mixed-use tower,3.766667,0.12061639787643567,0.12034813523061234,0.0002682626458233306
ARCH_0140,CONTROL,collective housing,4.603448,0.06993613030717952,0.07743301866353575,-0.007496888356356229
ARCH_0141,AESTHETIC,museum entrance,5.949153,0.032513245297649325,0.01732175892169047,0.015191486375958855
ARCH_0142,CONTROL,museum,4.180328,0.2003743653171685,0.19425462657179118,0.006119738745377329
ARCH_0143,neither,municipal office building,4.052632,0.13259476586786886,0.1735862183988386,-0.040991452530969724
ARCH_0144,neither,single-family house,3.666667,0.05394421450943276,0.09310192523346392,-0.03915771072403116
ARCH_0145,AESTHETIC,chapel,5.0,0.08809735676085731,0.08166504764020527,0.006432309120652041
ARCH_0146,neither,museum,4.355932,0.0698196721773058,0.11636013604701792,-0.046540463869712126
ARCH_0147,AESTHETIC,church,5.050847,0.20661720189321045,0.13694258545991833,0.06967461643329212
ARCH_0148,neither,collective housing,3.85,0.1001889103535269,0.09511506875739988,0.005073841596127018
ARCH_0149,neither,museum,4.137931,0.18071476231715572,0.21962204087224052,-0.0389072785550848
ARCH_0150,neither,collective housing (capsules),3.803279,0.13123896817089037,0.17359854047249837,-0.042359572301608
ARCH_0151,neither,museum,4.035088,0.1407304282837064,0.21187319321435483,-0.07114276493064842
ARCH_0152,neither,civic centre / hotel,3.57377,0.10622380993352298,0.1546687790541459,-0.048444969120622905
ARCH_0153,CONTROL,single-family house,3.435484,0.05409361856189074,0.08970430023613657,-0.03561068167424583
ARCH_0154,neither,university campus,3.59322,0.09393471602841155,0.14774812599785017,-0.05381340996943862
ARCH_0155,AESTHETIC,house of worship,5.508475,0.19171192917987556,0.08929214737741811,0.10241978180245745
ARCH_0156,AESTHETIC,parliament,5.101695,0.015187792465250175,0.030844306114944854,-0.015656513649694677
ARCH_0157,neither,mixed-use megastructure,3.683333,0.13829990645790435,0.16296919455308706,-0.024669288095182706
ARCH_0158,neither,hotel,4.084746,0.12246573815954477,0.13619868335765212,-0.013732945198107346
ARCH_0159,neither,monument / gateway,4.824561,0.2176043079044266,0.11935179780675466,0.09825251009767196
ARCH_0160,neither,museum,3.777778,0.14397851803634953,0.1715288309428093,-0.027550312906459762
ARCH_0161,neither,water towers / infrastructure,4.614035,0.12393587361055167,0.07662399684845048,0.04731187676210119
ARCH_0162,neither,conference centre,4.083333,0.15210336716782308,0.13805250356918247,0.014050863598640606
ARCH_0163,neither,hotel,3.6,0.14706541139877466,0.1914139563654378,-0.04434854496666313
ARCH_0164,neither,parliament,4.133333,0.18743911453223547,0.1655877255457049,0.02185138898653058
ARCH_0165,neither,town hall / concert hall,4.542373,0.15826639867532155,0.19413053650680284,-0.03586413783148129
ARCH_0166,neither,museum / exhibition hall,3.433333,0.1156163145291004,0.16602849915337745,-0.050412184624277045
ARCH_0167,CONTROL,concert hall,4.290909,0.24069159407355956,0.23003065932058708,0.010660934752972473
ARCH_0168,neither,fire station,4.666667,0.21513778665440436,0.22995198867417876,-0.014814202019774403
ARCH_0169,neither,factory central building,4.491228,0.21789122588514884,0.21737759780360388,0.0005136280815449534
ARCH_0170,neither,museum,4.854545,0.2688565459078096,0.22420980544482405,0.04464674046298556
ARCH_0171,AESTHETIC,concert hall,5.285714,0.28530874022203695,0.20660536710965227,0.07870337311238468
ARCH_0172,CONTROL,museum,4.610169,0.20662499788886685,0.2224274535141149,-0.01580245562524804
ARCH_0173,neither,museum (power station conversion),3.79661,0.12361304886761174,0.16678963044085937,-0.043176581573247635
ARCH_0174,AESTHETIC,retail flagship,5.196721,0.21311462457972416,0.18611511367075972,0.026999510908964436
ARCH_0175,neither,cultural centre (power station conversion),4.355932,0.10500564105905605,0.12466816909566177,-0.019662528036605717
ARCH_0176,AESTHETIC,stadium,5.0,0.24242538634974126,0.18599118166996273,0.05643420467977853
ARCH_0177,neither,museum,4.216667,0.09455005079999965,0.14189392655245275,-0.04734387575245311
ARCH_0178,neither,thermal baths,4.0,0.12429104301539211,0.17851456946014238,-0.05422352644475027
ARCH_0179,neither,museum,4.448276,0.0643806186735373,0.10752960601820497,-0.04314898734466767
ARCH_0180,neither,museum,3.333333,0.11550356225169936,0.17379847152145705,-0.058294909269757694
ARCH_0181,neither,museum,4.645161,0.16613623038991793,0.1883563483773434,-0.022220117987425486
ARCH_0182,neither,stadium,3.95,0.06441828911440795,0.06198943029194527,0.0024288588224626734
ARCH_0183,neither,museum (reconstruction),4.45,0.02478623399263631,0.03442619147396645,-0.00963995748133014
ARCH_0184,neither,museum,4.233333,0.15919458945848652,0.18985979374798206,-0.03066520428949554
ARCH_0185,neither,library / media centre,4.333333,0.13057236103455178,0.17983302320659292,-0.04926066217204114
ARCH_0186,neither,library,4.55,0.23465245128712883,0.21725063237715397,0.01740181890997486
ARCH_0187,neither,museum,4.728814,0.15690217120708808,0.19650922535902537,-0.0396070541519373
ARCH_0188,neither,museum,4.172414,0.04269894206991272,0.06241352806107317,-0.019714585991160452
ARCH_0189,CONTROL,school / university,3.779661,0.11512663457061256,0.1701414567395664,-0.05501482216895384
ARCH_0190,neither,museum,4.762712,0.11602574193862603,0.14666161864322438,-0.030635876704598358
ARCH_0191,neither,parliament (renovation / dome),4.836066,0.015188009017370743,0.02256166604917,-0.007373657031799256
ARCH_0192,AESTHETIC,bridge / infrastructure,4.983051,0.02401037690259762,0.023785274918572262,0.00022510198402535958
ARCH_0193,CONTROL,corporate headquarters and production facility,4.704918,0.12412825698556242,0.13917773476706208,-0.015049477781499662
ARCH_0194,AESTHETIC,airport terminal,5.533333,0.10275528098966474,0.04715961446527951,0.05559566652438523
ARCH_0195,neither,botanical garden / biomes,4.677419,0.1183345580039868,0.09370932907719302,0.02462522892679378
ARCH_0196,neither,railway station,4.47541,0.06969574431650277,0.03436368488171724,0.03533205943478553
ARCH_0197,neither,library,4.105263,0.18605396871209817,0.12469326950078913,0.061360699211309044
ARCH_0198,AESTHETIC,opera house,5.435484,0.2732342921815689,0.22516643288351795,0.04806785929805096
ARCH_0199,CONTROL,office building,4.887097,0.1367790855447874,0.1216088166134826,0.015170268931304798
ARCH_0200,neither,congress centre / auditorium,4.385965,0.07137460113101579,0.05314810783909557,0.01822649329192022
ARCH_0201,neither,museum,4.241379,0.08862432086806721,0.10139610190812971,-0.012771781040062505
ARCH_0202,CONTROL,parliament,3.65,0.22061846762177484,0.21749879126376853,0.003119676358006307
ARCH_0203,neither,car factory,4.438596,0.21830579505233938,0.2129035326548322,0.005402262397507185
ARCH_0204,neither,waste incineration plant,3.948276,0.1349758397011561,0.14366182623754623,-0.008685986536390133
ARCH_0205,neither,factory,3.354839,0.07012468018635826,0.13568050614154328,-0.06555582595518503
ARCH_0206,neither,cultural precinct / public square,4.163934,0.21625604287816208,0.19591635974312085,0.020339683135041225
ARCH_0207,neither,office building,3.716667,0.14639760846590538,0.17479301255311747,-0.028395404087212084
ARCH_0208,neither,office towers,4.389831,0.13860985306072157,0.11205724695980337,0.026552606100918197
ARCH_0209,neither,office / hotel skyscraper,4.225806,0.11619083876436698,0.1000376281754069,0.016153210588960076
ARCH_0210,neither,office building,3.967213,0.1468960808533396,0.12527605225961372,0.021620028593725887
ARCH_0211,neither,museum,4.322581,0.05932580154770237,0.0738109944895298,-0.01448519294182743
ARCH_0212,CONTROL,museum,3.704918,0.11644826507258582,0.16046935999244843,-0.04402109491986261
ARCH_0213,AESTHETIC,opera house / theatre,5.229508,0.16270779940985436,0.12421762834505518,0.038490171064799183
ARCH_0214,neither,ferry terminal,3.47619,0.04925536419363846,0.05543531585384849,-0.0061799516602100285
ARCH_0215,neither,convention centre,4.590164,0.1428367248863009,0.16492003843286618,-0.022083313546565286
ARCH_0216,neither,sports building,4.258065,0.2668440790216784,0.2116623341501455,0.055181744871532906
ARCH_0217,neither,arts centre,3.836066,0.2037878942825677,0.20621922295987358,-0.0024313286773058884
ARCH_0218,neither,conference / garden complex,4.271186,0.14162850700870255,0.16162107222857247,-0.019992565219869918
ARCH_0219,neither,museum / design gallery,4.694915,0.2198235304285322,0.19391930025931892,0.025904230169213283
ARCH_0220,neither,retail / office building,4.428571,0.20268131234777165,0.18932931689490354,0.01335199545286811
ARCH_0221,neither,corporate headquarters / retail,3.898305,0.14892044817322586,0.18911222994256618,-0.04019178176934032
ARCH_0222,neither,university building,4.888889,0.17960910485738688,0.16153492675875977,0.018074178098627103
ARCH_0223,CONTROL,theatre / concert hall,4.7,0.26730480409942264,0.16167162212295155,0.10563318197647109
ARCH_0224,AESTHETIC,hotel,5.254237,0.04184113840116588,0.08551829435151667,-0.04367715595035079
ARCH_0225,AESTHETIC,museum,5.7,0.09547645590225241,0.053849043758547016,0.0416274121437054
ARCH_0226,neither,museum,3.271186,0.12014191781620653,0.13901927361133387,-0.018877355795127337
ARCH_0227,CONTROL,hotel,4.916667,0.10299430222543055,0.08155570375351863,0.021438598471911915
ARCH_0228,neither,court building,2.916667,0.13232995663696873,0.19394388227081782,-0.0616139256338491
ARCH_0229,neither,school,4.542373,0.08105625325123035,0.08432235398960378,-0.003266100738373426
ARCH_0230,AESTHETIC,stadium,5.033898,0.19576343129268012,0.17424500201917437,0.02151842927350575
ARCH_0231,CONTROL,library,4.147541,0.22473211745119182,0.20261452177266437,0.022117595678527446
ARCH_0232,neither,library,4.833333,0.12912139979483456,0.17006470148431735,-0.04094330168948279
ARCH_0233,neither,museum,4.965517,0.2427728423339713,0.17296319289740067,0.06980964943657064
ARCH_0234,CONTROL,museum,3.305085,0.1000782005849491,0.1276758021086991,-0.027597601523750015
ARCH_0235,neither,library,4.224138,0.21750724627302617,0.24100975734552244,-0.023502511072496263
ARCH_0236,neither,university building,4.0,0.22194251535778542,0.2260537696633058,-0.004111254305520368
ARCH_0237,neither,collective housing (mixed-use),4.274194,0.14763812688837724,0.16977458703481474,-0.022136460146437498
ARCH_0238,CONTROL,waste-to-energy plant with ski slope,4.596491,0.17241012715092655,0.16944663082424516,0.0029634963266813863
ARCH_0239,neither,museum (dry dock conversion),3.866667,0.06355892234919523,0.0902356038261786,-0.026676681476983363
ARCH_0240,neither,university library / learning centre,3.807018,0.20580954294902085,0.19650793180018705,0.009301611148833794
ARCH_0241,neither,concert hall (warehouse conversion),4.885246,0.0768013852300353,0.04569869372538992,0.031102691504645376
ARCH_0242,neither,herb processing plant,3.466667,0.07869472643539405,0.12406803425883205,-0.045373307823438
ARCH_0243,neither,museum (distillery conversion),4.492063,0.1763682040969516,0.2083817871179484,-0.03201358302099683
ARCH_0244,neither,office building / broadcasting HQ,4.389831,0.21081699931761322,0.1586572251044106,0.052159774213202614
ARCH_0245,CONTROL,theatre,4.4,0.25952090737779754,0.2186905588319382,0.040830348545859346
ARCH_0246,AESTHETIC,cultural centre,5.590164,0.28915308782509713,0.1860431069498254,0.10310998087527173
ARCH_0247,AESTHETIC,opera house,5.147541,0.2934370608094993,0.19745451463664898,0.09598254617285029
ARCH_0248,neither,cultural centre / design plaza,3.706897,0.22379267896761418,0.2331360631922099,-0.009343384224595713
ARCH_0249,AESTHETIC,opera house,5.644068,0.2755657890756345,0.15249550983687696,0.12307027923875755
ARCH_0250,AESTHETIC,museum,5.4,0.22114305850302127,0.14785896696653883,0.07328409153648244
ARCH_0251,neither,museum,3.844828,0.21017352899471525,0.22254801788814305,-0.012374488893427793
ARCH_0252,neither,office skyscraper,4.672414,0.11890734724680674,0.07885015869457422,0.04005718855223252
ARCH_0253,CONTROL,opera house / theatre,4.728814,0.28530148376107706,0.23418451398011939,0.05111696978095767
ARCH_0254,neither,museum,4.516667,0.19253607053925276,0.1940028049939771,-0.0014667344547243388
ARCH_0255,neither,stadium,4.433333,0.19724776282341122,0.18342653069802342,0.0138212321253878
ARCH_0256,neither,tourist information / public building,4.419355,0.06756303821483942,0.10941685086350161,-0.0418538126486622
ARCH_0257,neither,museum,4.457627,0.24190181307484998,0.15129098828339044,0.09061082479145954
ARCH_0258,CONTROL,museum,4.551724,0.2020961517681197,0.2107633069737674,-0.008667155205647703
ARCH_0259,neither,museum,4.333333,0.14917418884142614,0.1868712153821202,-0.03769702654069407
ARCH_0260,neither,museum,4.433333,0.161740984434192,0.1267105702808765,0.03503041415331548
ARCH_0261,neither,retail,4.305085,0.11283071387362485,0.12119775575809814,-0.008367041884473292
ARCH_0262,neither,broadcasting tower / infrastructure,4.081967,0.05668148766346355,0.0667817442672248,-0.010100256603761251
ARCH_0263,neither,mixed-use skyscraper,4.87931,0.18425665612922323,0.1661656877564986,0.018090968372724642
ARCH_0264,CONTROL,museum entrance building,4.55,0.14578158306534303,0.14915343907118672,-0.003371856005843693
ARCH_0265,neither,museum,4.086207,0.160963180800421,0.21369462794522287,-0.05273144714480188
ARCH_0266,neither,museum,3.745763,0.20180955896599745,0.21830637307972528,-0.01649681411372783
ARCH_0267,neither,library (locomotive hall conversion),4.051724,0.09472309461324224,0.12913276664405882,-0.034409672030816574
ARCH_0268,AESTHETIC,art depot / public storage building,5.152542,0.19639974200782975,0.1959585846499045,0.0004411573579252426
ARCH_0269,neither,collective housing (gasholder conversion),4.25,0.1624825969418874,0.16370814912110399,-0.0012255521792165769
ARCH_0270,neither,theatre,4.067797,0.09817109786490091,0.1358355882524957,-0.037664490387594785
ARCH_0271,neither,university campus,3.47541,0.23408348495506315,0.2423366106068695,-0.008253125651806359
ARCH_0272,neither,museum,4.067797,0.17938036063581375,0.1645754412463134,0.014804919389500348
ARCH_0273,neither,museum,4.745763,0.22273652193382434,0.16630309747017685,0.05643342446364749
ARCH_0274,AESTHETIC,university building,5.05,0.19836003241229824,0.18784901623684136,0.010511016175456883
ARCH_0275,neither,mixed-use skyscraper,4.918033,0.08976923977933547,0.06276112166177096,0.02700811811756451
ARCH_0276,neither,museum,4.612903,0.2277965429000682,0.21607270152787594,0.011723841372192262
ARCH_0277,neither,museum,5.0,0.2509649482022165,0.22917707569468135,0.02178787250753514
ARCH_0278,neither,museum (grain silo conversion),3.966102,0.1830096282039642,0.19600878292780932,-0.012999154723845135
ARCH_0279,neither,museum,4.8,0.2719825289440814,0.2221227923396929,0.04985973660438853
ARCH_0280,CONTROL,pavilion,4.59322,0.1418973264572562,0.09868470094703528,0.04321262551022091
ARCH_0281,neither,community / training centre,4.610169,0.07296411432502242,0.10424461565816104,-0.031280501333138616
ARCH_0282,neither,hotel / integrated resort,4.587302,0.22762968041101803,0.15823765725302813,0.0693920231579899
ARCH_0283,neither,hotel,4.683333,0.2269846481328084,0.22075676945733463,0.0062278786754737525
ARCH_0284,neither,collective housing,4.442623,0.12098741026240793,0.13622189308541072,-0.015234482823002785
ARCH_0285,AESTHETIC,museum,5.0,0.2390357930530323,0.22430867947159489,0.014727113581437412
ARCH_0286,neither,collective housing (mixed-use),4.5,0.21109192700191545,0.19780340297368423,0.013288524028231219
ARCH_0287,CONTROL,university building,4.333333,0.08790872632126218,0.09322699784547293,-0.0053182715242107576
ARCH_0288,AESTHETIC,museum,5.192982,0.24320682578305963,0.13615380764599153,0.1070530181370681
ARCH_0289,AESTHETIC,museum,5.142857,0.2276117237705682,0.13906062606164876,0.08855109770891945
ARCH_0290,neither,university innovation centre,4.033333,0.20484212639341798,0.24491586209947624,-0.04007373570605827
ARCH_0291,neither,museum / memorial,4.0,0.20757457907362886,0.24504568792642525,-0.03747110885279639
ARCH_0292,neither,cultural centre / auditorium,4.327869,0.19454977104753104,0.20475977530577089,-0.010210004258239841
ARCH_0293,CONTROL,office building,4.032787,0.11881423003203459,0.16067438667978287,-0.04186015664774828
ARCH_0294,neither,museum,4.698413,0.2676838752782821,0.25042735593048193,0.017256519347800148
ARCH_0295,AESTHETIC,library,5.083333,0.2806313224863671,0.1983913812491357,0.08223994123723138
ARCH_0296,neither,concert hall,4.466667,0.17587543617147702,0.1642562110678283,0.011619225103648712
ARCH_0297,neither,university building,4.322581,0.18744972919635383,0.20505646843806613,-0.0176067392417123
ARCH_0298,neither,museum,4.457627,0.2373799186607245,0.19351002747048662,0.043869891190237875
ARCH_0299,neither,museum,4.540984,0.18303675638710676,0.15515550230496256,0.027881254082144202
ARCH_0300,AESTHETIC,public canopy / market,5.431034,0.1702554040765921,0.11211918829947926,0.05813621577711284
ARCH_0301,neither,railway station,4.588235,0.0833930111034457,0.10373274844954931,-0.020339737346103615
ARCH_0302,neither,steam pumping station,5.0,0.039445307251777,0.05987204706090303,-0.02042673980912603
ARCH_0303,neither,school,4.1875,0.14526927950840257,0.13873082423839134,0.006538455270011234
ARCH_0304,CONTROL,single-family house,3.277778,0.009192601701710303,0.051324311820527796,-0.04213171011881749
ARCH_0305,neither,single-family house,4.117647,0.07765790929943636,0.12595321310561589,-0.048295303806179524
ARCH_0306,CONTROL,single-family house,4.1875,0.07258621275916066,0.1322880026013795,-0.05970178984221883
ARCH_0307,neither,power station,2.411765,0.04562060226186615,0.07164885696469381,-0.026028254702827658
ARCH_0308,neither,collective housing / model estate,4.5,0.0776717127323632,0.13826773163657508,-0.060596018904211874
ARCH_0309,CONTROL,office building,3.928571,0.02609196046637491,0.031282495677061394,-0.005190535210686485
ARCH_0310,neither,hotel,2.666667,0.050678704693931674,0.09813216860530727,-0.047453463911375594
ARCH_0311,neither,office / housing tower,4.588235,0.041073701757247644,0.05692280129464593,-0.015849099537398284
ARCH_0312,neither,cultural centre,3.117647,0.08797920780258682,0.10984244097673289,-0.02186323317414607
ARCH_0313,neither,office / newspaper tower,3.0,0.06714795090946987,0.12459064494301555,-0.05744269403354568
ARCH_0314,neither,presidential palace,4.933333,0.03509414782175265,0.037921073682134224,-0.0028269258603815725
ARCH_0315,neither,hotel / office,4.722222,0.049605500300747785,0.08988573406294798,-0.04028023376220019
ARCH_0316,neither,department store,4.8125,0.09728801828518474,0.14549794692738457,-0.048209928642199834
ARCH_0317,neither,collective housing,3.8125,0.046867461226795054,0.07168508607904081,-0.024817624852245757
ARCH_0318,neither,underground station,2.933333,0.04737238157297974,0.08076951847101599,-0.03339713689803625
ARCH_0319,CONTROL,office building,3.9375,0.06296296553388647,0.07893671430151211,-0.01597374876762564
ARCH_0320,neither,single-family house,4.0,0.12657269210751113,0.1848429345357066,-0.05827024242819548
ARCH_0321,neither,university building,4.5,0.099420245822524,0.13622571215670398,-0.036805466334179984
ARCH_0322,CONTROL,railway station,4.6875,0.11513188753078965,0.13647873108121553,-0.021346843550425876
ARCH_0323,neither,office building,4.352941,0.05476399483984554,0.10119083861843912,-0.04642684377859359
ARCH_0324,neither,apartment building / hotel,4.666667,0.08870871562603902,0.1049984848032493,-0.016289769177210284
ARCH_0325,neither,railway station,4.235294,0.15356786117204335,0.17387174853868784,-0.020303887366644485
ARCH_0326,neither,boat lift / infrastructure,3.266667,0.03058343404638951,0.06447300557771535,-0.03388957153132584
ARCH_0327,neither,theatre / museum,4.1875,0.06710573950693802,0.06583578105972988,0.0012699584472081332
ARCH_0328,neither,office building / hotel,4.428571,0.05291483817918336,0.08338135297588489,-0.03046651479670153
ARCH_0329,neither,cultural centre / pavilion,4.625,0.13361239920304774,0.1564470610566276,-0.022834661853579852
ARCH_0330,neither,library,4.933333,0.1307451408458882,0.1972007009363538,-0.0664555600904656
ARCH_0331,neither,collective housing tower,3.8125,0.08426711156476246,0.11988760262109752,-0.03562049105633505
ARCH_0332,AESTHETIC,parliament,5.5,0.04490566760552104,0.06708394459138312,-0.022178276985862076
ARCH_0333,neither,dam / hydroelectric infrastructure,3.642857,0.02330967024614843,0.03050765762997771,-0.00719798738382928
ARCH_0334,neither,post office,4.705882,0.14588940689054752,0.187853664674702,-0.04196425778415447
ARCH_0335,neither,school (kindergarten),3.8125,0.09746610754164237,0.13840468864213565,-0.04093858110049328
ARCH_0336,neither,university building,4.6,0.03374732455538253,0.06505883696464003,-0.0313115124092575
ARCH_0337,CONTROL,office building / corporate headquarters,4.0,0.14542867941013699,0.19758129491139453,-0.05215261550125755
ARCH_0338,AESTHETIC,single-family house,5.5,0.01673461327584147,0.03116740106898523,-0.014432787793143761
ARCH_0339,neither,broadcasting house / cultural centre,3.6875,0.13736560304409062,0.1811380157126538,-0.04377241266856319
ARCH_0340,neither,single-family house,4.235294,0.03443412031440126,0.0776377872948053,-0.043203666980404044
ARCH_0341,neither,stadium,3.8,0.11729410208404728,0.1379230594693535,-0.020628957385306207
ARCH_0342,CONTROL,power station,3.5,0.07450006028855377,0.09020288078315791,-0.01570282049460414
ARCH_0343,neither,pulp mill / factory,2.4375,0.040434900943965686,0.048743452964874284,-0.008308552020908598
ARCH_0344,neither,single-family house,4.235294,0.07339318282371886,0.12756185813336743,-0.05416867530964857
ARCH_0345,AESTHETIC,public building,5.117647,0.1337396514930585,0.1331847178238033,0.0005549336692551865
ARCH_0346,neither,racecourse grandstand,4.384615,0.1414233683252607,0.1270959821252548,0.014327386200005898
ARCH_0347,neither,dam / hydroelectric infrastructure,3.375,0.03470522176822625,0.0400528031032782,-0.0053475813350519555
ARCH_0348,neither,single-family house,4.0,0.07059520619418742,0.06935715075172774,0.0012380554424596818
ARCH_0349,neither,collective housing,4.0,0.0687259982176435,0.10325047747731708,-0.034524479259673585
ARCH_0350,AESTHETIC,single-family house,5.133333,0.05917622597604686,0.07253516479309717,-0.01335893881705031
ARCH_0351,neither,hotel,4.294118,0.10894029865358448,0.11913156002001077,-0.010191261366426285
ARCH_0352,neither,railway station,3.3125,0.08894526813220995,0.10915668485615979,-0.02021141672394984
ARCH_0353,neither,concert hall,3.529412,0.17466591170889256,0.1344461754642953,0.040219736244597265
ARCH_0354,AESTHETIC,mausoleum,5.6,0.0893532977785088,0.06913479829782401,0.020218499480684785
ARCH_0355,neither,bus station / offices,3.533333,0.08495997853167202,0.15222205847301148,-0.06726207994133947
ARCH_0356,neither,retail street,3.1875,0.07705840687885304,0.1286724157815804,-0.051614008902727354
ARCH_0357,neither,cathedral,2.875,0.10364580799132131,0.12649733603736224,-0.02285152804604093
ARCH_0358,CONTROL,concert hall,3.411765,0.13832763327120617,0.18483857204829424,-0.04651093877708806
ARCH_0359,CONTROL,mausoleum,4.266667,0.1356180722216919,0.10738210951108126,0.02823596271061063
ARCH_0360,CONTROL,cultural centre / hotel,4.0,0.1052572802847015,0.16830931010309075,-0.06305202981838925
ARCH_0361,neither,hotel,3.866667,0.11202022928671634,0.16095274830985085,-0.0489325190231345
ARCH_0362,neither,basilica / sanctuary,4.8,0.02964613125731328,0.04961737830158902,-0.01997124704427574
ARCH_0363,neither,concert hall,4.277778,0.20606366561735323,0.2248209738936512,-0.018757308276297957
ARCH_0364,neither,university building,4.444444,0.12627873483777077,0.16688017462361443,-0.04060143978584366
ARCH_0365,CONTROL,factory complex (now art district),3.066667,0.049262056656907194,0.08908124883413522,-0.03981919217722803
ARCH_0366,neither,exhibition pavilion / monument,4.625,0.12193011021370087,0.08801293537174927,0.0339171748419516
ARCH_0367,neither,hotel,4.235294,0.13617383202864258,0.16505795372556037,-0.028884121696917786
ARCH_0368,CONTROL,office tower,4.0,0.11156574664069718,0.14329975826897237,-0.03173401162827519
ARCH_0369,CONTROL,collective housing,4.0,0.049563363752391676,0.08341911091179663,-0.03385574715940495
ARCH_0370,AESTHETIC,presidential residence,5.1875,0.22604485963511908,0.22050174373815631,0.005543115896962769
ARCH_0371,CONTROL,broadcasting tower / infrastructure,3.705882,0.06763804804643002,0.05747877353643013,0.010159274509999885
ARCH_0372,neither,office building / headquarters,4.1875,0.09963653948599374,0.1371969048163055,-0.03756036533031176
ARCH_0373,neither,railway station,4.529412,0.06937348641646834,0.09354368746393647,-0.02417020104746813
ARCH_0374,CONTROL,parliament,4.0,0.06339644662708613,0.06379881328453253,-0.0004023666574464041
ARCH_0375,neither,dam / hydroelectric infrastructure,3.466667,0.04529224188492575,0.05349906698557111,-0.008206825100645361
ARCH_0376,neither,cultural institution,3.5,0.13023988593339214,0.18940502778729043,-0.05916514185389829
ARCH_0377,neither,hotel,4.235294,0.07865810292632683,0.10604756556172851,-0.02738946263540168
ARCH_0378,neither,church,3.875,0.09269904912955579,0.1431267854731852,-0.050427736343629403
ARCH_0379,AESTHETIC,single-family house,5.066667,0.07912762116261252,0.07444437020319006,0.004683250959422458
ARCH_0380,neither,theatre,3.5,0.11897636283764335,0.1554420004415926,-0.03646563760394925
ARCH_0381,AESTHETIC,office building / corporate headquarters,5.066667,0.14559760398093366,0.177239198300096,-0.03164159431916233
ARCH_0382,AESTHETIC,TV tower / infrastructure,5.266667,0.11271007662425289,0.07262033659318265,0.04008974003107024
ARCH_0383,neither,commercial centre (unfinished),3.666667,0.09174758159863018,0.09117479884279255,0.0005727827558376364
ARCH_0384,neither,chapel,4.285714,0.1326924232941792,0.13112160199969436,0.0015708212944848532
ARCH_0385,neither,dam / hydroelectric infrastructure,4.5625,0.02581906615048385,0.019615157158879175,0.006203908991604674
ARCH_0386,neither,church,4.571429,0.17560142513992405,0.19040260818455235,-0.014801183044628297
ARCH_0387,AESTHETIC,airport terminal,5.1875,0.24486187711822857,0.1901883842460896,0.05467349287213896
ARCH_0388,neither,civic / government building,4.529412,0.20051061880649362,0.17811651646742208,0.022394102339071548
ARCH_0389,neither,university college,3.8125,0.14378790973503877,0.1986798758874337,-0.054891966152394917
ARCH_0390,neither,chapel,4.823529,0.21373465464604774,0.17166089985834798,0.04207375478769976
ARCH_0391,neither,library,3.866667,0.17120944091156232,0.2100104156043321,-0.038800974692769774
ARCH_0392,neither,dam / hydroelectric infrastructure,5.0,0.035358349074172735,0.03457210927406761,0.0007862398001051221
ARCH_0393,neither,chapel,4.9375,0.2274618781687589,0.156492975760739,0.0709689024080199
ARCH_0394,neither,theatre / office,4.058824,0.06752955063542701,0.11318844002747454,-0.04565888939204753
ARCH_0395,neither,church,4.6875,0.1877235844284942,0.1385317819811337,0.049191802447360516
ARCH_0396,neither,office building,3.928571,0.04327602201070095,0.07814646113859967,-0.03487043912789872
ARCH_0397,CONTROL,hotel,4.533333,0.137166830297556,0.17369955475516574,-0.036532724457609744
ARCH_0398,neither,observation tower / infrastructure,3.823529,0.1330354894379695,0.11278159925295082,0.020253890185018678
ARCH_0399,neither,sports arena,3.823529,0.18111045158159297,0.1559217471512822,0.025188704430310765
ARCH_0400,neither,institutional headquarters,4.705882,0.14789860001734484,0.19886397477971066,-0.05096537476236582
ARCH_0401,neither,dam / hydroelectric infrastructure,4.5,0.05883643763302217,0.061256033353000144,-0.0024195957199779766
ARCH_0402,neither,museum,3.6875,0.22591073386712135,0.1696002834649725,0.056310450402148854
ARCH_0403,CONTROL,mosque,4.9375,0.23022789486674994,0.17188586408644982,0.05834203078030012
ARCH_0404,neither,power station,3.647059,0.037348999394478284,0.023992232818523484,0.0133567665759548
ARCH_0405,neither,office / UN headquarters,4.75,0.13698927483001444,0.1562324970196985,-0.01924322218968405
ARCH_0406,neither,stadium,3.722222,0.16946680076570073,0.1686082460749992,0.0008585546907015351
ARCH_0407,neither,presidential palace,4.333333,0.12220153137259665,0.17242764215257403,-0.05022611077997738
ARCH_0408,neither,collective housing,4.055556,0.09843827098433228,0.1383255110435297,-0.039887240059197415
ARCH_0409,CONTROL,TV tower / infrastructure,4.764706,0.12734102311663206,0.10177405574274155,0.025566967373890512
ARCH_0410,neither,planetarium,3.705882,0.12979366852377333,0.1035076727144828,0.02628599580929053
ARCH_0411,neither,hotel,4.333333,0.17349918370943318,0.2156067887118755,-0.042107605002442317
ARCH_0412,neither,dam / hydroelectric infrastructure,4.411765,0.06418721472516598,0.06008030536027772,0.004106909364888257
ARCH_0413,neither,library,3.933333,0.14783746604674203,0.17056857532216857,-0.022731109275426542
ARCH_0414,AESTHETIC,office tower,5.3125,0.08537177116280505,0.12861576135172043,-0.04324399018891538
ARCH_0415,neither,museum / foundation headquarters,4.0,0.09937754307460377,0.14815766227387575,-0.048780119199271985
ARCH_0416,neither,bus station,3.941176,0.10392599916373413,0.14893522778185087,-0.04500922861811674
ARCH_0417,neither,dam / hydroelectric infrastructure,3.066667,0.08106711226868332,0.10122871315784708,-0.020161600889163758
ARCH_0418,neither,telecommunications tower / infrastructure,3.8,0.0807071284253767,0.08358892182375574,-0.0028817933983790456
ARCH_0419,neither,museum (former ministry),3.875,0.24551205041573942,0.2299387286851115,0.01557332173062792
ARCH_0420,CONTROL,TV tower / infrastructure,4.333333,0.12238642877793474,0.14131085510310382,-0.01892442632516908
ARCH_0421,neither,office building,4.411765,0.07763839026909694,0.10973521614597483,-0.032096825876877885
ARCH_0422,CONTROL,housing and retail,3.823529,0.13221292470749357,0.17406840058813486,-0.041855475880641285
ARCH_0423,AESTHETIC,memorial hall / cultural centre,5.266667,0.15742720288036363,0.1364222356505545,0.02100496722980913
ARCH_0424,neither,theatre,4.6875,0.23003401209307578,0.1840965491450514,0.045937462948024366
ARCH_0425,neither,cathedral,3.8,0.20729025893935663,0.2163030442948629,-0.009012785355506286
ARCH_0426,neither,collective housing,4.411765,0.13509724783395985,0.1820396878728119,-0.04694244003885206
ARCH_0427,neither,mixed-use / housing,3.375,0.07752446098717788,0.1260601572324087,-0.048535696245230825
ARCH_0428,CONTROL,cultural centre,3.666667,0.07350965249374472,0.11926018042280866,-0.045750527929063936
ARCH_0429,neither,telecommunications tower / infrastructure,3.5,0.10173191364491901,0.10832883177435493,-0.006596918129435914
ARCH_0430,neither,office building,4.533333,0.21152384613687822,0.2386391272526976,-0.027115281115819373
ARCH_0431,neither,collective housing,4.647059,0.16163290712713202,0.18774946406353768,-0.02611655693640566
ARCH_0432,neither,railway station,3.625,0.1464887403582229,0.13838406906888037,0.00810467128934253
ARCH_0433,neither,university,3.933333,0.15868920030339093,0.22310156409943804,-0.06441236379604712
ARCH_0434,neither,office building,4.625,0.1632823134560586,0.1625727571647788,0.0007095562912798059
ARCH_0435,neither,hotel / film festival venue,3.411765,0.05123267106067882,0.08799274177519943,-0.036760070714520615
ARCH_0436,neither,government building,4.411765,0.16964890029414326,0.14808892834338178,0.02155997195076148
ARCH_0437,neither,collective housing,3.117647,0.09804463885678376,0.15139263272902734,-0.05334799387224358
ARCH_0438,neither,cultural centre / theatre,4.875,0.21607778923851495,0.1854689862991396,0.030608802939375346
ARCH_0439,neither,cemetery,3.5,0.10899247808245346,0.17440751087262704,-0.06541503279017358
ARCH_0440,neither,performing arts centre,4.125,0.2028257464116385,0.19367681470643328,0.009148931705205227
ARCH_0441,neither,congress centre,3.5625,0.20891193975046557,0.23084833463277366,-0.021936394882308086
ARCH_0442,neither,stairway / art centre,4.941176,0.1354426042617866,0.10596910515858024,0.029473499103206346
ARCH_0443,neither,memorial hall,4.4375,0.07061856852987329,0.043171680379347044,0.027446888150526247
ARCH_0444,neither,office tower / stock exchange,4.5625,0.14540378624619432,0.15474534371052348,-0.009341557464329159
ARCH_0445,neither,church,3.875,0.10039034378855108,0.11550820594661468,-0.0151178621580636
ARCH_0446,neither,research laboratory,3.266667,0.11606986302068649,0.13704055589039693,-0.02097069286971044
ARCH_0447,neither,monument / museum,4.705882,0.16350910210244438,0.09209902736220668,0.0714100747402377
ARCH_0448,CONTROL,museum,4.5625,0.13799625194030257,0.17795269649158935,-0.039956444551286774
ARCH_0449,neither,mixed-use towers,4.294118,0.08344712031988102,0.08765349390553996,-0.004206373585658937
ARCH_0450,neither,broadcasting building,4.411765,0.21913878942852777,0.1958491829442567,0.023289606484271058
ARCH_0451,neither,theatre,4.058824,0.25145875539271634,0.24012137863260022,0.011337376760116119
ARCH_0452,AESTHETIC,collective housing,5.1875,0.2031959726010849,0.19445002228982514,0.00874595031125977
ARCH_0453,neither,office tower,4.375,0.14048392135986862,0.1552412380507471,-0.014757316690878486
ARCH_0454,neither,dam / hydroelectric infrastructure,4.125,0.042390702993131336,0.04929257491887614,-0.006901871925744804
ARCH_0455,neither,parliament,4.625,0.2738606619636882,0.22345183730261392,0.05040882466107427
ARCH_0456,neither,office and retail complex,4.0,0.1530802996792488,0.15946116161250168,-0.006380861933252879
ARCH_0457,AESTHETIC,temple pavilion,5.857143,0.08976014532208691,0.06184986414602513,0.027910281176061785
ARCH_0458,neither,cathedral,4.0,0.2170974570627239,0.14293754307056367,0.07415991399216024
ARCH_0459,neither,collective housing,4.0625,0.12922167248353456,0.12990558251554543,-0.000683910032010876
ARCH_0460,AESTHETIC,mosque,5.058824,0.1629110956449534,0.09573695538377938,0.06717414026117402
ARCH_0461,neither,library,4.5,0.17803435556934488,0.17279100701715117,0.005243348552193716
ARCH_0462,neither,stadium,4.8,0.16655016491441557,0.11597155423138746,0.050578610683028116
ARCH_0463,AESTHETIC,museum,5.533333,0.16497842059236292,0.15690482255941907,0.008073598032943857
ARCH_0464,AESTHETIC,office building / monument,5.375,0.17172349245201834,0.14830422835070714,0.023419264101311205
ARCH_0465,neither,exhibition centre,4.125,0.23574774702166867,0.1913731954388001,0.04437455158286857
ARCH_0466,neither,arts centre,4.0625,0.1819012748491512,0.211968040534874,-0.030066765685722807
ARCH_0467,neither,arts centre,3.125,0.10839522782652831,0.14264559720993458,-0.03425036938340627
ARCH_0468,neither,museum,4.647059,0.18422120695938315,0.16403434504185177,0.020186861917531385
ARCH_0469,neither,library,3.933333,0.11659038472989702,0.1691800442418653,-0.052589659511968284
ARCH_0470,neither,dam / hydroelectric infrastructure,3.75,0.048070320299811044,0.06323790213263888,-0.01516758183282784
ARCH_0471,AESTHETIC,office building,5.285714,0.1265047671936602,0.18625651703320867,-0.05975174983954848
ARCH_0472,AESTHETIC,mosque,5.1875,0.04741254136281008,0.04064100302227003,0.006771538340540055
ARCH_0473,neither,institutional / office complex,3.176471,0.10512889206196548,0.15501820558899354,-0.049889313527028065
ARCH_0474,neither,office tower / hotel,4.941176,0.1632548465498463,0.12971312978806923,0.03354171676177706
ARCH_0475,neither,museum,3.733333,0.1405341599731331,0.15860103535130327,-0.018066875378170172
ARCH_0476,AESTHETIC,TV tower / infrastructure,5.625,0.14040032037608166,0.09257468448545492,0.047825635890626744
ARCH_0477,AESTHETIC,civic centre / offices,5.235294,0.147245343192502,0.18328470105249944,-0.036039357859997456
ARCH_0478,neither,telecommunications tower / infrastructure,3.823529,0.12268893910738507,0.09770823457926914,0.024980704528115932
ARCH_0479,neither,university building,3.823529,0.20806893399796328,0.16927255677069536,0.03879637722726792
ARCH_0480,CONTROL,museum,4.3125,0.14981072543303997,0.20846673856475412,-0.058656013131714146
ARCH_0481,neither,library,4.5,0.17513144057250363,0.20457300568248102,-0.02944156510997739
ARCH_0482,AESTHETIC,office building,5.266667,0.1600415385132461,0.12967593667354133,0.03036560183970477
ARCH_0483,AESTHETIC,bridge / infrastructure,5.3125,0.11524161677638323,0.07225777172901038,0.04298384504737285
ARCH_0484,CONTROL,chapel,4.875,0.17667489873407188,0.1846200537062087,-0.007945154972136825
ARCH_0485,neither,railway station / mixed-use,3.8125,0.1799697229455437,0.21029492550807477,-0.030325202562531073
ARCH_0486,CONTROL,museum,4.133333,0.23903268389566287,0.19167868544492733,0.04735399845073554
ARCH_0487,CONTROL,bridge / infrastructure,3.666667,0.04754068905018319,0.039291211623100564,0.008249477427082624
ARCH_0488,neither,collective housing (elderly),4.642857,0.10442177354325685,0.1369120755593255,-0.032490302016068645
ARCH_0489,CONTROL,bridge / infrastructure,3.529412,0.0917209177746621,0.08974560063771596,0.001975317136946139
ARCH_0490,neither,museum,5.0,0.29107246330273534,0.2554842539796282,0.035588209323107134
ARCH_0491,neither,museum,4.0625,0.16284928309239943,0.18426066759603432,-0.02141138450363489
ARCH_0492,neither,library,4.1875,0.1905558543326514,0.15536689689737068,0.03518895743528072
ARCH_0493,neither,office building,3.6875,0.02980374279526651,0.07300391585574931,-0.043200173060482794
ARCH_0494,neither,museum,4.5,0.12619667110883162,0.1080583302175194,0.01813834089131222
ARCH_0495,neither,museum,3.875,0.1011111282361842,0.13813711295304532,-0.03702598471686111
ARCH_0496,neither,library,3.722222,0.2383148924021352,0.23750200319433223,0.0008128892078029526
ARCH_0497,neither,museum / planetarium,4.058824,0.16432118572611903,0.1391291974909056,0.02519198823521343
ARCH_0498,neither,concert hall,4.0,0.07332597371142596,0.12223589495254392,-0.048909921241117954
ARCH_0499,CONTROL,mixed-use complex,4.941176,0.12170888630524229,0.14656971703082616,-0.02486083072558387
ARCH_0500,neither,theatre / arts centre,4.058824,0.28434136810965005,0.23154060640648372,0.05280076170316633
ARCH_0501,CONTROL,bridge / infrastructure,3.333333,0.0408863529420249,0.010409360004295133,0.03047699293772977
ARCH_0502,neither,museum,4.285714,0.15873897315651092,0.18988144027139292,-0.031142467114882
ARCH_0503,AESTHETIC,bridge / infrastructure,5.176471,0.06050108017546056,0.040346380622580974,0.020154699552879587
ARCH_0504,CONTROL,waste incineration plant,4.1875,0.12970313830908992,0.1430731597927991,-0.013370021483709194
ARCH_0505,neither,museum,3.4,0.20851910546708619,0.22842382153932678,-0.01990471607224059
ARCH_0506,neither,parliamentary offices,4.625,0.18230726227497354,0.19794869674179894,-0.015641434466825394
ARCH_0507,AESTHETIC,mosque,5.5,0.11186956525447628,0.08786334505849672,0.02400622019597956
ARCH_0508,neither,concert hall complex,4.466667,0.21014847445038537,0.18219502011293542,0.027953454337449946
ARCH_0509,neither,church,4.529412,0.24005793561154726,0.2261051230159218,0.013952812595625447
ARCH_0510,neither,museum,4.6875,0.2926188060996372,0.1905623052431653,0.10205650085647189
ARCH_0511,neither,office tower,4.333333,0.1467415475081996,0.14165055769866447,0.005090989809535124
ARCH_0512,neither,bus terminal / public space,5.0,0.15634605236307536,0.11500113084317276,0.0413449215199026
ARCH_0513,neither,university dormitory,4.166667,0.18484014223883607,0.2233516638373796,-0.03851152159854351
ARCH_0514,neither,telecommunications headquarters tower,4.411765,0.1431914900642505,0.14305263978056543,0.00013885028368507135
ARCH_0515,neither,department store,4.294118,0.21893604994840485,0.16898333927870998,0.049952710669694866
ARCH_0516,neither,waste incineration plant,3.8,0.1626439268212142,0.2145575927954959,-0.05191366597428171
ARCH_0517,AESTHETIC,civic centre,5.285714,0.26625950814846067,0.20241697540371242,0.06384253274474824
ARCH_0518,AESTHETIC,office tower,5.0625,0.1103296242655802,0.10216037135235907,0.008169252913221126
ARCH_0519,neither,museum,4.705882,0.15690111591624745,0.1927451112876618,-0.03584399537141436
ARCH_0520,neither,museum,4.4375,0.19376245078105353,0.23208625757865844,-0.038323806797604915
ARCH_0521,neither,library,5.0,0.16458103118131884,0.1826688203546541,-0.018087789173335256
ARCH_0522,CONTROL,opera house,4.933333,0.2546700776781516,0.1339706506018472,0.12069942707630438
ARCH_0523,neither,market hall,4.5625,0.13710325655846187,0.10799042740073393,0.029112829157727935
ARCH_0524,CONTROL,collective housing,3.588235,0.17654973260704915,0.1903058407563983,-0.013756108149349161
ARCH_0525,neither,museum,4.176471,0.17084747085272595,0.22011568206591964,-0.04926821121319369
ARCH_0526,neither,museum,4.294118,0.21503888380332897,0.22903173904551588,-0.013992855242186908
ARCH_0527,AESTHETIC,pavilion / botanical garden,5.153846,0.1935082671983851,0.14491470206769946,0.048593565130685634
ARCH_0528,neither,parliament,3.9375,0.20645917124952196,0.1856459251152232,0.020813246134298746
ARCH_0529,AESTHETIC,showroom / event building,5.5,0.26116917854298827,0.15240983825164536,0.1087593402913429
ARCH_0530,neither,chapel,4.0,0.08800703500842105,0.10161103710830893,-0.01360400209988788
ARCH_0531,neither,museum,4.571429,0.14431787524240616,0.14820487378930133,-0.0038869985468951707
ARCH_0532,neither,sports venue,4.764706,0.15850435537191473,0.16041463163136704,-0.0019102762594523093
ARCH_0533,AESTHETIC,hotel / casino tower,5.333333,0.20319048667994977,0.1368829232631082,0.06630756341684158
ARCH_0534,neither,university workshop,4.0625,0.1479024934653385,0.20240161492186623,-0.054499121456527716
ARCH_0535,neither,museum,4.8,0.136817072919919,0.19547739082410556,-0.05866031790418655
ARCH_0536,AESTHETIC,school tower,5.428571,0.14293511707075768,0.13238403206196073,0.010551085008796951
ARCH_0537,AESTHETIC,cable-stayed bridge / infrastructure,5.529412,0.12398574502358888,0.08054162036171,0.04344412466187887
ARCH_0538,CONTROL,office tower,4.875,0.10227508256937173,0.08021856517896918,0.022056517390402555
ARCH_0539,neither,museum,4.235294,0.17641461142993403,0.178794940780856,-0.0023803293509219725
ARCH_0540,CONTROL,stadium,4.764706,0.18942782305152206,0.12603091263167837,0.06339691041984369
ARCH_0541,neither,public housing,4.6875,0.0822380236972292,0.08820395988708263,-0.00596593618985343
ARCH_0542,AESTHETIC,office building,5.0625,0.19382973120389507,0.19928663700445962,-0.005456905800564543
ARCH_0543,AESTHETIC,office building,5.4375,0.2309086367673835,0.2181261733676614,0.012782463399722083
ARCH_0544,AESTHETIC,pedestrian bridge / infrastructure,5.117647,0.13596609359517034,0.08722106153142464,0.0487450320637457
ARCH_0545,AESTHETIC,TV tower / infrastructure,5.294118,0.17172602915495921,0.11733972516957933,0.054386303985379886
ARCH_0546,AESTHETIC,congress centre,5.066667,0.2254575255190945,0.16333805710429683,0.06211946841479768
ARCH_0547,CONTROL,cultural centre,3.933333,0.08232752715456963,0.10679834969891416,-0.02447082254434453
ARCH_0548,neither,school,4.125,0.08562297453532451,0.11285007783690545,-0.027227103301580943
ARCH_0549,neither,showroom,4.8125,0.1932142020820768,0.20156395497873952,-0.008349752896662732
ARCH_0550,neither,cinema centre,4.117647,0.1973758838191662,0.1783372664026363,0.0190386174165299
ARCH_0551,CONTROL,hospital,3.882353,0.17687047891518043,0.2085739308391715,-0.03170345192399107
ARCH_0552,CONTROL,library,4.25,0.18208938303782257,0.20131064029038945,-0.019221257252566876
ARCH_0553,neither,museum,4.388889,0.14762476977034117,0.15110006590587244,-0.0034752961355312695
ARCH_0554,AESTHETIC,museum / cinema,5.357143,0.27047461793940725,0.18788997061141519,0.08258464732799206
ARCH_0555,neither,mixed-use towers,4.533333,0.19961339090192184,0.14493277994330314,0.0546806109586187
ARCH_0556,neither,office tower,4.8125,0.10408042899713714,0.10703878746982366,-0.002958358472686523
ARCH_0557,AESTHETIC,theatre / concert hall,6.0,0.24588346277772502,0.20253369051500394,0.043349772262721076
ARCH_0558,neither,museum,4.5,0.14758004119393014,0.1829119292909524,-0.03533188809702226
ARCH_0559,CONTROL,sports arena,4.352941,0.28046448340149277,0.22530582948219965,0.055158653919293116
ARCH_0560,neither,city hall,4.25,0.15194864684397208,0.16321901479599624,-0.011270367952024157
ARCH_0561,neither,cathedral,4.2,0.17818323288848342,0.14017121504884167,0.038012017839641754
ARCH_0562,neither,concert hall,4.625,0.28884764575476946,0.23510989131775814,0.053737754437011315
ARCH_0563,neither,museum,3.928571,0.24203098746115748,0.24074076734570232,0.001290220115455154
ARCH_0564,neither,office building,2.722222,0.11882484341264098,0.17916703423839758,-0.060342190825756606
ARCH_0565,AESTHETIC,museum,5.0,0.23930913484062166,0.2179586825780464,0.02135045226257526
ARCH_0566,neither,museum wing,3.214286,0.16423979235535174,0.20959183972616796,-0.04535204737081622
ARCH_0567,neither,market hall and housing,4.294118,0.1935231490748278,0.19794637594923256,-0.004423226874404773
ARCH_0568,neither,museum,4.75,0.09955723670318291,0.09939840777063202,0.00015882893255088348
ARCH_0569,neither,museum,4.5,0.2877756393581836,0.21123411863665253,0.07654152072153109
ARCH_0570,AESTHETIC,library,5.4,0.17511321523143242,0.13238559774460754,0.04272761748682488
ARCH_0571,AESTHETIC,railway station,4.9375,0.29368192659159315,0.20935560783645663,0.08432631875513652
ARCH_0572,neither,museum,4.411765,0.2096494418859013,0.19985838569363273,0.009791056192268555
ARCH_0573,neither,concert hall,4.5,0.27573705151390776,0.2138496148957443,0.061887436618163455
ARCH_0574,CONTROL,museum,4.647059,0.25517099830435974,0.2033989016991767,0.05177209660518303
ARCH_0575,neither,office building,4.285714,0.14935186397708994,0.18727372700800898,-0.037921863030919045
ARCH_0576,neither,library / glass art museum,4.529412,0.11023468110211201,0.15453037640036055,-0.04429569529824853
ARCH_0577,neither,museum,4.2,0.18778918232654795,0.23294928099746864,-0.04516009867092069
ARCH_0578,neither,temple,4.666667,0.17132876027785252,0.12779373817304773,0.04353502210480478
ARCH_0579,neither,retail building,4.764706,0.09842325123546078,0.13602528042368586,-0.03760202918822508
ARCH_0580,neither,pier / public space,2.933333,0.05060379890020794,0.05075339127553774,-0.00014959237532979897
ARCH_0581,AESTHETIC,cultural centre,5.0,0.26706685905610583,0.16907619179643815,0.09799066725966768
ARCH_0582,AESTHETIC,museum,5.214286,0.2510766285781623,0.17478428178442812,0.0762923467937342
ARCH_0583,neither,transit station,4.142857,0.22448203376319534,0.16921486856984624,0.055267165193349094
ARCH_0584,CONTROL,congress centre,4.4375,0.1534088541627214,0.1893283385349995,-0.0359194843722781
ARCH_0585,AESTHETIC,collective housing,5.235294,0.20476349905820215,0.1363413938144834,0.06842210524371875
ARCH_0586,neither,corporate headquarters,4.357143,0.11200018126006372,0.10768541758012315,0.004314763679940575
ARCH_0587,neither,office building,3.8,0.11174801732400245,0.15156992898248556,-0.0398219116584831
ARCH_0588,CONTROL,arts centre,4.6875,0.2054491196131067,0.1872459765564175,0.018203143056689186
ARCH_0589,CONTROL,cultural centre / experience house,4.642857,0.18556375142306986,0.19568954199811414,-0.010125790575044286
ARCH_0590,AESTHETIC,corporate workplace / conservatory,5.866667,0.20035076821810016,0.15393718584494764,0.04641358237315252
ARCH_0591,neither,museum,4.75,0.18051494419730818,0.12283813724210682,0.05767680695520136
ARCH_0592,neither,retail (coal store conversion),4.888889,0.18937619074654682,0.1493571554211029,0.04001903532544393
ARCH_0593,neither,performing arts centre,4.733333,0.28328778964675294,0.21177345632432334,0.0715143333224296
ARCH_0594,neither,museum,4.375,0.08442027646680145,0.06972810008182291,0.014692176384978536
ARCH_0595,CONTROL,mosque,4.125,0.19864679612990954,0.16631607985937688,0.03233071627053266
ARCH_0596,neither,museum,4.764706,0.25495491732566244,0.24500733398996163,0.00994758333570081
ARCH_0597,neither,library,3.6875,0.16623566707025336,0.2084574665184462,-0.04222179944819285
ARCH_0598,neither,museum,3.9375,0.06409814905547045,0.08416801190143869,-0.020069862845968234
ARCH_0599,neither,museum,3.9375,0.1812681701728956,0.20066922434398352,-0.019401054171087923
ARCH_0600,neither,museum,4.071429,0.11218393795123285,0.1323521307574637,-0.020168192806230834
