prompt_code,seed,all_three_shown_to_participants,affinity_aesthetic,affinity_base,affinity_control,representation_transfer_score,transfer_ratio,shift_amount_aesthetic,shift_amount_control,shift_cosine_aesthetic,shift_cosine_control,shift_projection_aesthetic,shift_projection_control,cosine_between_shifts,rating_difference_aesthetic_minus_control,share_aesthetic_chosen,decisive_comparisons
A01,25478,False,-0.01955742372537286,-0.046652205548206566,-0.024526654735686045,0.004969231010313179,0.08980659381192371,0.6267561982938007,0.6472362257846137,0.18377927743042366,0.1453251545461007,0.11518480124747409,0.09405970453998394,0.6048885811486838,,,
A01,6127,True,-0.010903177010072781,-0.02989333892834553,-0.025462574722577992,0.014559397712505216,0.2631252026318659,0.5251820944857417,0.3872888559333216,0.15371925672588274,0.04863547446939641,0.08073060121009056,0.0188359772650268,0.48573233126648707,0.3735801111487075,0.25,8.0
A01,7,True,-0.039463742356735665,-0.028332172767394793,-0.03186124112509286,-0.0076025012316428,-0.1373964580531274,0.48040825316568203,0.4911586091516473,-0.09850436255058388,-0.03054554151860329,-0.047322308742125035,-0.015002705688061094,0.49360503685901347,0.2621031363187382,0.4,10.0
A01,85,False,-0.03003970320210706,-0.011474592698357494,-0.02199020917795112,-0.008049494024155938,-0.145474750261876,0.9913321032068929,0.9926232915227413,-0.0796137144938,-0.04503599848145429,-0.07892363103325184,-0.044703781049674346,0.5769541522272064,,,
A02,25478,True,0.09567949601182829,0.07388980311483778,0.06479610491410465,0.03088339109772363,0.5581411196404106,0.6915445653491507,0.5681160912032929,0.13394930225117682,-0.0680476239806292,0.09263191200411208,-0.03865895015154655,0.3085108178946854,0.008504573997306308,0.6666666666666666,9.0
A02,6127,True,0.11013456003918413,0.058317921179154755,0.03619631673083701,0.07393824330834715,1.3362513777642695,0.755921870658078,0.8689763218515125,0.2914082527204589,-0.10822265862672413,0.22028187152165127,-0.0940429278344426,0.375851494351484,-0.3661637413586123,0.6666666666666666,9.0
A02,7,True,0.07431122818740556,0.08962267300932891,0.06796810485923736,0.006343123328168213,0.11463630872653648,0.457817747809372,0.5241893476942255,-0.14217821845469458,-0.17561873921002763,-0.06509171176047718,-0.09205747234938672,0.6139876687450523,-0.26075037067232887,0.75,8.0
A02,85,False,0.10589955041478878,0.07718771749966298,0.07137297090567829,0.034526579509110485,0.6239827641851481,0.7446065386557684,0.6796675082802864,0.1639243957321505,-0.036370042047167546,0.12205917690735506,-0.024719535854247604,0.5539879014372537,,,
A04,25478,True,-0.020394983383683597,-0.027607350630662216,-0.009831392050309624,-0.010563591333373975,-0.19091085805883773,0.6323905037812966,0.7071659677341563,0.048484398456237934,0.10686148289596255,0.03066107316527342,0.07556880396563036,0.35989561607489695,0.5657508339121204,0.42857142857142855,7.0
A04,6127,True,-0.020632746969057387,-0.020948273804139068,-0.023555867721779193,0.0029231207527218293,0.052828197674462576,0.4723241015197803,0.5050485176646284,0.002839917429535127,-0.02194908283822935,0.0013413614482955423,-0.011085351751545864,0.33183941850178844,-0.36500552788096685,0.16666666666666666,6.0
A04,7,True,-0.014995581963809528,-0.01631701513052991,-0.0032699333226676687,-0.01172564864114186,-0.21191217766106543,0.6514219381927853,0.7173178201654593,0.00862367421949756,0.07732346093556564,0.005617650574408231,0.055465496445949,0.6174024253085109,0.10694976998204819,0.25,4.0
A04,85,True,0.012563849009004108,0.009317713598091885,-0.009849146501314923,0.02241299551031902,0.4050596117842454,0.8004193479833681,0.7445042843501615,0.017240846024760167,-0.109444335969543,0.013799906733820163,-0.08148177702718323,0.36842881337539024,0.5178345227475469,0.7,10.0
A07,25478,True,0.09265993412403464,0.011424635459700318,0.04431130955128687,0.04834862457274775,0.8737821363825669,0.8420018334943027,0.8731135469229776,0.4101486281855811,0.16012485402210785,0.34534589693743223,0.13980717924576666,0.5553034566482975,1.2551750917845372,0.625,8.0
A07,6127,True,0.054017498606552306,0.030986790509058035,0.08287057816709796,-0.02885307956054564,-0.521448246406587,0.525514951951774,0.7262480729402381,0.18630809826724715,0.303707977182375,0.0979076913091388,0.2205673331652777,0.4091736840546215,0.42628065878704163,0.6666666666666666,9.0
A07,7,True,0.09136787885257693,0.09963043376615159,0.07201498325165342,0.0193528956009235,0.3497558537145098,0.586333560724446,0.8249090252693381,-0.05990721422190387,-0.14231661202362833,-0.03512561022781106,-0.11739825770404572,0.18366517586335426,-0.8002462185772522,0.2222222222222222,9.0
A07,85,False,0.03853149183350145,0.06681078169927292,0.0684253004498955,-0.029893808616394013,-0.5402568571137297,1.090218412899844,0.9327974610063672,-0.11027181069226571,0.007358092732794569,-0.12022035844051393,0.006863610219000159,0.46028389322588736,,,
A08,25478,True,-0.0323294094938835,-0.030036618871493264,-0.04591041771305241,0.013581008219168926,0.24544322575545416,0.8873045385289903,0.9294959573130657,-0.010985029128386056,-0.07260104740523178,-0.009747066201490073,-0.06748238005985718,0.7350293176734732,-0.6275090966198924,0.5,10.0
A08,6127,True,-0.028347845790292838,-0.01407189288238704,-0.044519954342523246,0.016172108552230408,0.2922709732790146,0.7100978293601758,0.7986549391490797,-0.08546660260274395,-0.16207274387845036,-0.06068964899099721,-0.12944019739996815,0.6440243761001829,0.004285554622968868,0.9,10.0
A08,7,True,0.05770341231711922,-0.03480156212707622,-0.04178332747160059,0.09948673978871983,1.7979774358115466,1.0119836210469686,0.7295110588628858,0.388598502791635,-0.040685802569185886,0.3932553199885095,-0.02968074291293315,0.3634144473751281,0.3541066454965734,0.4,10.0
A08,85,True,0.007998798027335696,0.0011944776495503393,0.01270872811313469,-0.004709930085799001,-0.08512036917181919,0.56298322851075,0.6283945550676077,0.05138055791137391,0.07789557328334837,0.028926392375628843,0.048949154115125945,0.4882318070811511,0.046857963770576994,0.36363636363636365,11.0
A09,25478,True,-0.03762722525708703,-0.0429353804006361,-0.031776036159404296,-0.005851189097682718,-0.10574581087531909,0.8668001518368668,0.8632339367783401,0.026033595217631277,0.05495657871217057,0.022565924287502308,0.047440383793575715,0.5986951318055302,0.036993082641199826,0.5,10.0
A09,6127,True,-0.025184372400245063,-0.03647248243425619,-0.04194323043646787,0.01675885803622279,0.30287502297380603,0.6316396470155066,0.6470967046931069,0.07597336648341556,-0.03594074219150081,0.04798779038816431,-0.023257135836344693,0.18871165721183364,0.8402915602858696,0.8571428571428571,7.0
A09,7,True,-0.02388101340202654,-0.03935311487349676,-0.03309325942240855,0.009212246020382026,0.1664886246445239,0.7100591162758927,0.7873643812321939,0.09263269864113471,0.03379854927285005,0.06577469213537518,0.02661177383476341,0.4368621507952841,-0.2830284881788185,0.2857142857142857,7.0
A09,85,False,0.0049964986024468696,-0.0010034072754100747,-0.02907963911966269,0.034076137722109566,0.6158421399080409,0.5138062440858623,1.1144763387619678,0.04964260679536547,-0.10709704462930689,0.02550668134415803,-0.11935712219069698,0.18028179551813328,,,
A11,25478,True,0.016804141790515474,0.01551018793983666,0.01733267123480689,-0.0005285294442914161,-0.009551866077992924,0.6298241480694294,0.6258611136559413,0.008733915753703154,0.012379272034468414,0.005500831048886278,0.007747704981742242,0.5117672656791665,-0.17925024441053394,0.5,8.0
A11,6127,True,0.002652183490526285,0.0024645582553029697,0.004718780162580592,-0.0020665966720543006,-0.03734863754876171,0.716577358897343,0.7495597496566921,0.0011131089807362958,0.012784976309212855,0.0007976286935809426,0.009583103641700324,0.3593686820436187,-1.2402224236805848,0.1111111111111111,9.0
A11,7,True,0.042681774451587474,0.01261118971423797,0.018060402364093106,0.02462137208749436,0.4449705714153318,0.8344069686323216,0.8951612251650881,0.15320518717907106,0.025878673607147837,0.12783547581283608,0.0231655851718219,0.6006983069317211,-0.09515713597260245,0.3333333333333333,9.0
A11,85,True,0.017165048049032815,0.01819928076837477,0.0268099678238927,-0.009644919774859881,-0.17430813555895489,0.5160489757446206,0.5518018818442488,-0.008519946579886882,0.06633827088482945,-0.004396709705949502,0.03660558271254243,0.49584148358821567,-0.07567493923189872,0.4,10.0
A13,25478,False,0.08151383452447264,0.0514935967816282,0.06874058928765651,0.012773245236816123,0.23084490221164802,0.8732657272083806,0.7633219758075097,0.14614273489506954,0.09605392765253414,0.1276214416643645,0.07332007383980399,0.79393336040754,,,
A13,6127,True,0.0905837530433889,0.06504345179584113,0.07890392703655025,0.011679826006838643,0.2110840465684033,0.7916770371409619,0.7250132912516148,0.13714737075811106,0.0812721356293333,0.10857642413345439,0.05892337853967056,0.6838330452400666,-0.24599974878751527,0.375,8.0
A13,7,True,0.08944844986754337,0.0813904608201007,0.07817629640740023,0.011272153460143134,0.20371637081870037,0.5379940102159526,0.5241722115692483,0.06367350418085613,-0.02606775398657523,0.03425596385876102,-0.013663992257786238,0.2821639397781418,0.47690000531321397,0.375,8.0
A13,85,True,0.08040569793658746,0.05655565713981421,0.09375447834421231,-0.01334878040762486,-0.2412462808559544,0.6655080667341504,0.7867166875588799,0.15235100423732834,0.20101123615301225,0.10139082229499072,0.15813889386841362,0.49502789584158186,0.08209455328099405,0.625,8.0
A15,25478,True,-0.03198753874395584,-0.024758205558909868,-0.009989032169742557,-0.021998506574213286,-0.3975687466087023,0.7153829436980308,0.892828895385649,-0.04296048528521848,0.07032301315763684,-0.03073319842603553,0.06278641815772337,0.6430292582076236,-0.20819343556631703,0.4,10.0
A15,6127,False,0.007921795564028793,-0.010388773048307848,0.00027383859019501253,0.007647956973833769,0.1382179584758068,0.9498972561624612,0.6708513855147198,0.08194731279385267,0.0675688907322858,0.07784152757276759,0.045328683965446606,0.6121751592104551,,,
A15,7,False,0.007716305153224727,-0.01662653709748428,0.0019015711231473364,0.005814734030077397,0.10508697544544622,1.018888706451504,1.0616981206706912,0.10156733453395367,0.07418900544766548,0.10348581010102717,0.07876632765821409,0.8187789610756717,,,
A15,85,False,-0.0015818039037067287,0.007552443938495658,0.0031056772038925845,-0.004687481107599313,-0.08471465926167657,1.0947008276636339,0.9059581297851805,-0.03547209703787997,-0.02086631410215015,-0.03883133398633195,-0.018904006899494084,0.4793887845062216,,,
A22,25478,True,-0.023973566194740028,-0.03829231613590129,-0.028681684275414513,0.004708118080674487,0.08508762164853749,0.7363455892463046,0.6046712606736501,0.08266714404530395,0.06756816632681467,0.06087158689334848,0.040856528314241865,0.4139857179854146,-0.3708264890748203,0.4,10.0
A22,6127,True,0.015476844124148612,-0.043264368282402786,-0.055225612208669346,0.07070245633281792,1.2777725093095402,0.9571149391960376,0.7602674157251512,0.260908561308697,-0.06688357654411403,0.24971948179269912,-0.05084940389364892,0.4215305673374572,0.147189265536723,0.75,8.0
A22,7,True,0.014967448723510931,-0.03868432283582896,-0.0331081716908753,0.04807562041438625,0.8688482595899497,0.8557518743330728,0.8211152831431092,0.2665297713534088,0.02886954375500911,0.22808335140124492,0.02370522359460668,0.4694900935732531,1.0952330237894237,0.625,8.0
A22,85,True,0.050769230341310694,-0.008596923362186279,-0.04273045807559375,0.09349968841690445,1.6897762494380721,0.9368721954873764,0.7689267459279634,0.2693816948615089,-0.18871473681840054,0.25237621988901227,-0.14510780849042482,0.3193882307008534,0.32136787097140607,0.8181818181818182,11.0
A25,25478,True,-0.002024060732892703,-0.014228324372184499,0.011668305198454729,-0.013692365931347433,-0.2474557417372398,0.617223210348257,0.7720407212217283,0.0840579609242336,0.14259771153956444,0.05188252449698379,0.11009124006157335,0.34491419074112395,1.1608190603627713,0.8888888888888888,9.0
A25,6127,True,-0.0044618491956460804,-0.010274250693882674,-0.012150256072028827,0.007688406876382755,0.1389489906939527,0.5200061778513171,0.46108027769231347,0.04751783244504841,-0.017296851308335096,0.02470956642952894,-0.007975237004449817,0.19336693705480415,0.5179131913909467,0.8181818181818182,11.0
A25,7,True,-0.011734582456887839,-0.009693247620118065,-0.022031735854125954,0.010297153397238105,0.18609564953724125,0.5524823381810285,0.4458916649653896,-0.015707438470446707,-0.11763650582390398,-0.008678082332987062,-0.0524531374425313,0.20582372114915914,0.30767093901655773,0.18181818181818182,11.0
A25,85,True,0.0065304598729984285,-0.0017280650201194978,0.007203328779662795,-0.0006728689066643633,-0.012160445844450947,0.6889157207494911,0.696729543838537,0.05096193456909362,0.05449598804041688,0.03510847788445554,0.037968964888430025,0.48855627771794935,0.9838165100718547,0.6,10.0
A26,25478,True,0.1091244267525628,0.05781805732296108,0.11383762682063771,-0.0047132000680749535,-0.08517946603598574,0.7988145795108708,0.9231676933811249,0.2730453722221417,0.2579696938379029,0.21811262419901933,0.23814928722257184,0.6202934859900855,-0.014990866998003505,0.2857142857142857,7.0
A26,6127,True,0.12619084679608833,0.06945125863638416,0.09475431113563741,0.03143653566045091,0.5681378432704904,0.7528233188379041,0.5304558942624348,0.32040747184542745,0.2027837528150156,0.24121021633513698,0.10756783694138164,0.5505136555020087,1.0859716054626662,0.75,8.0
A26,7,True,0.12160356952334742,0.11215224796432352,0.11314133345981953,0.008462236063527875,0.15293404458770862,0.4183568786438231,0.5316277329052701,0.09604066183391116,0.007909257661949907,0.04017927150772202,0.004204780719786077,0.4751345893094507,0.5982705586942875,0.5555555555555556,9.0
A26,85,False,0.07704810425790136,0.09800297170208884,0.07942284356258196,-0.002374739304680581,-0.04291755559402302,0.995595528198921,1.0082034837874048,-0.08947701753108742,-0.07834477362942414,-0.08908291853052709,-0.078987473709721,0.7326012079392243,,,
A27,25478,True,0.10567290865839898,0.08598997610673967,0.06288061069676872,0.042792297961630345,0.773365237668181,0.7982712270062273,0.645153920559129,0.1048211324807147,-0.15227695994930823,0.08367569404156243,-0.0982420777221217,0.19678394543675592,0.08380576137680767,0.16666666666666666,6.0
A27,6127,True,0.1163351463553622,0.06146941254620473,0.0976468945564278,0.018688251798934415,0.33774405634969284,0.7773888357796741,0.7150999340836545,0.3000353401046676,0.21507063493025003,0.2332441237367262,0.15379699686195147,0.760417393002848,-0.7967190903777694,0.3333333333333333,6.0
A27,7,True,0.10132600507840865,0.08376169835694686,0.10285008188212756,-0.0015240768037189467,-0.027543929063812277,0.5625684594461681,0.5470026240471547,0.1327287950654966,0.1483505844353786,0.07466903376414262,0.08114815896508112,0.4042461395977477,0.07109977359139136,0.8888888888888888,9.0
A27,85,True,0.1062564745580547,0.09453562740288023,0.08986483851594783,0.016391636042106916,0.2962383911899497,0.7439150821199287,0.7662961159647544,0.06698000227022334,-0.025912131138864723,0.04982743388924626,-0.019856365448081413,0.5715318851858271,0.26618282995624654,0.5555555555555556,9.0
B01,25478,True,-0.024693007269716044,-0.020702575941561007,-0.0395035278345963,0.014810520564880253,0.26766362878942046,0.5065204561694976,0.5605266183049669,-0.033491328193269075,-0.1425913287226301,-0.016964042834177018,-0.07992623528850779,0.3446226360980995,0.38703000635357954,0.8333333333333334,6.0
B01,6127,True,-0.03145125936345609,-0.03345367122931277,-0.028024594288673862,-0.0034266650747822123,-0.06192851929439211,0.6310488408843549,0.7165532503460629,0.013489627452617906,0.03220972709484113,0.008512613767936295,0.02307998464256806,0.636210034873877,0.5908964851573052,0.375,8.0
B01,7,True,-0.022502624983560923,-0.032113838210991334,-0.035685262485443486,0.01318263750188258,0.23824365762918887,0.9001750567752762,0.7223971441870213,0.04539005996931146,-0.021017204243992768,0.040858999809908154,-0.015182768324655718,0.5478084982491718,-0.5249397859054415,0.42857142857142855,7.0
B01,85,True,0.011334110023706642,-0.03274628832636362,-0.033033899016998707,0.044368009040705335,0.8018423289021659,1.0661127781353594,0.8252481733879333,0.1757728849449534,-0.0014815965983515263,0.18739371868953122,-0.0012226848864873505,0.60927600057671,0.44294148256983434,0.5,8.0
B02,25478,True,-0.03434189575395703,-0.032996052818588396,-0.05047115722500573,0.016129261471048706,0.29149661796976745,0.6284063141687257,0.7984482554791908,-0.009104652152098242,-0.09304274652083433,-0.005721420900688416,-0.07428981864455271,0.3082645338503947,0.3371447190182812,0.7777777777777778,9.0
B02,6127,True,-0.029592065653799522,-0.0389999362510844,-0.03408839240610231,0.004496326752302784,0.08126001577541739,0.6316011848523759,0.7072812290162074,0.06332248038272364,0.029521295509065827,0.03999455363751958,0.02087985816980272,0.49748580118384356,-0.09649889126519892,0.875,8.0
B02,7,False,-0.026722190082674888,-0.038139646021037775,-0.05020998216962055,0.02348779208694566,0.42448390890128995,0.8577042514773213,0.9923035547222403,0.0565902093384847,-0.05171116675933432,0.048537663141609996,-0.05131317459412199,0.49023967440024807,,,
B02,85,True,-0.013958676306546045,0.0077423147632636954,0.006052699601645166,-0.02001137590819121,-0.36165626111461074,0.8689080707626086,0.9688120809746424,-0.10617328535994935,-0.007414088592624686,-0.0922548245486415,-0.007182858597951081,0.37236499147089247,-0.35167175357707214,0.3333333333333333,9.0
B04,25478,True,-0.04719717990293921,-0.04360588144123148,-0.05226371752307029,0.005066537620131071,0.09156517077584313,0.9204149232513479,0.9480623141103804,-0.016587363689177348,-0.03882236554923077,-0.01526725707691634,-0.03680602172184283,0.6006990922037903,0.0032282940450678588,0.375,8.0
B04,6127,False,-0.03779938006694557,-0.05821385635293086,-0.05214622814724941,0.014346848080303835,0.25928389228739473,1.0182600881015043,0.8110296482952529,0.08522932336042019,0.03180473268840306,0.08678561831381308,0.025794581166400054,0.6335354642908773,,,
B04,7,True,-0.04550783216365874,-0.04426568322063878,-0.04202093904098565,-0.003486893122673102,-0.06301699270643446,0.6360014101518305,0.8326186091535623,-0.0083028102839501,0.011461204455843173,-0.005280599048815373,0.009542812113248755,0.42700806743716235,0.8223948524795982,0.4444444444444444,9.0
B04,85,True,-0.04128167370535175,-0.056292336120995816,-0.049328027801665106,0.008046354096313345,0.14541800381081077,0.8444485988070819,0.8125788732122833,0.07556769189597452,0.03643526915146145,0.06381303153664092,0.029606529952280865,0.6233418721319349,0.35422003284072245,0.375,8.0
B06,25478,False,-0.04377617942705541,-0.04105506792388878,-0.055918568496920854,0.012142389069865462,0.2194437330123287,0.6989809967963116,0.693638992428012,-0.016549713828699963,-0.09109554207329532,-0.011567935468678386,-0.06318742001840413,0.44821825187546094,,,
B06,6127,True,-0.03302751399567999,-0.03291555215918181,-0.06407233768419028,0.031044823688510283,0.5610586155424314,0.4116896776563907,0.8960896530288995,-0.0011561376770623365,-0.1478123429910329,-0.00047596994759620693,-0.13245311114422337,0.17411942396074698,0.5481655086359529,0.75,8.0
B06,7,True,-0.036261589862408995,-0.03865331426634396,-0.059634728812272934,0.02337313894986394,0.4224118362426047,0.7174926713902582,0.797753303776727,0.014171087656584163,-0.11180871908992498,0.010167651539228084,-0.08919577504503165,0.5430575003235345,0.639733532480464,0.6,5.0
B06,85,True,-0.04492420307648611,-0.04541566876398847,-0.05800935798199821,0.0130851549055121,0.2364819001424055,0.7681492558572183,0.6251836950521381,0.0027199261162211847,-0.08563569915230251,0.00208930922216192,-0.053538042824409736,0.6020382160895223,-0.10735580631232589,0.7777777777777778,9.0
B08,25478,False,-0.045542000761036205,-0.034467070357409015,-0.06386606533023054,0.01832406456919431,0.33116227044662655,0.853807580466698,0.8727762941684065,-0.055143016332731484,-0.1431986953675527,-0.04708152535468509,-0.1249804266726432,0.5832052895139657,,,
B08,6127,False,-0.039817630175556125,-0.04299455540259435,-0.04968047991886482,0.009862849743308704,0.17824668221040052,0.7440231751746936,0.5017398218210524,0.018152232642700883,-0.05664902204656658,0.013505681767332009,-0.02842307022798115,0.3245597466745525,,,
B08,7,True,-0.050532574146418804,-0.054475454185354974,-0.0568915376185556,0.006358963472136794,0.11492258025876274,0.6234796678750333,0.6514214053450487,0.026884427185764545,-0.015767375893653228,0.016761893732790988,-0.010271206163247226,0.5758209616959571,0.47656275345265076,0.7777777777777778,9.0
B08,85,False,-0.03475130188602447,-0.05346653366949661,-0.050563724271473195,0.01581242238544871,0.28577053298696703,0.647860128636657,0.878349577419795,0.12280710007498019,0.01404949269314187,0.0795618236520715,0.012340365969983648,0.39693118424786905,,,
B09,25478,True,-0.04842880335284904,-0.06707579916020553,-0.04221889285783836,-0.00620991049501069,-0.11222881533911208,0.740947180147745,0.7456433536747954,0.10698703273633345,0.1417181398073069,0.07927174021836075,0.1056711890424739,0.29104313324010306,-1.0105358003424694,0.1,10.0
B09,6127,True,-0.0374926560272561,-0.03332132610703616,-0.06496259208101238,0.027469936053756316,0.4964513390702143,0.5129992019526226,0.7834655320660944,-0.034567452128084535,-0.17168939711181547,-0.017733075355242864,-0.13451272485831545,0.3589694625020323,0.10488700564971752,0.375,8.0
B09,7,False,-0.024779845249792914,-0.029205281806405917,0.004671944739428501,-0.029451789989221433,-0.5322684606746416,0.6544131104536873,0.7330061561752935,0.028748397866207056,0.19647610740826987,0.018813328468184714,0.14401819627162002,0.6571458180661556,,,
B09,85,False,-0.021856271157847874,-0.04377956933590777,-0.04921909046160392,0.02736281930375607,0.49451546801938967,0.6893244954868434,0.6648216721427463,0.13520467174156559,-0.034782838353081165,0.09319989213571897,-0.023124384755766253,0.5940796729673322,,,
B12,25478,True,-0.03944737010442637,-0.04472255766407918,-0.05772417968633934,0.018276809581912985,0.33030825310680995,0.8106036984631122,0.812164171969535,0.02766552038759739,-0.0680554998743479,0.022425773146093095,-0.05527223870342261,0.4777771720498356,0.804421909709468,0.5,8.0
B12,6127,True,-0.04102730965134753,-0.04471458392509045,-0.04490160831654816,0.00387429866520063,0.07001839234473883,0.497196788061296,0.6510181965256938,0.03152729046024204,-0.00122127830324395,0.01567526755310787,-0.0007950743984338655,0.42337862541276877,-0.14460559173823173,0.3333333333333333,9.0
B12,7,True,-0.05375259849860027,-0.0591610826222319,-0.060222265237763695,0.006469666739163424,0.11692326875862923,0.7049845809202295,0.8221749039393016,0.03261410460309713,-0.005487005928593955,0.022992440865702977,-0.004511278572256123,0.4909619210646844,0.5818773018656128,0.75,8.0
B12,85,False,-0.04227642838332603,-0.05280172843482157,-0.03161068987798364,-0.0106657385053424,-0.19275691624429264,0.8743346756045718,0.9402575307369294,0.05117599576879668,0.09581090451743768,0.0447449476592518,0.09008692449923764,0.8230981254512028,,,
B14,25478,True,-0.051138836994302,-0.04286997405418327,-0.05401068437639884,0.0028718473820968423,0.051901557967125596,0.41192120124461706,0.6977075160591066,-0.08533774585875133,-0.06788112003245378,-0.035152426785644675,-0.04736116764515337,0.2926925169143621,0.017801070472792224,0.2857142857142857,7.0
B14,6127,True,-0.05206505255165886,-0.04375477703308926,-0.04791622996126542,-0.0041488225903934485,-0.07497973517429922,0.549328854309549,0.685197238232215,-0.06431207617062837,-0.025818969334175414,-0.03532847912107973,-0.01769108648177925,0.13127470449852252,-0.11077971570266032,0.6666666666666666,6.0
B14,7,True,-0.050747270035410595,-0.0549859870617034,-0.04737684516155801,-0.003370424873852533,-0.060912116380075924,0.6785536650225634,0.7176148853808161,0.026555821622152004,0.04507687116280282,0.018019550089396656,0.03234783373282053,0.6884020656117491,0.08158602721493002,0.8888888888888888,9.0
B14,85,True,-0.05069977521569149,-0.04710974280757797,-0.05312923096419,0.002429455748498506,0.04390642035691913,0.7214945400807191,0.7331300211078956,-0.021153139777300566,-0.034905035128825715,-0.01526187485488664,-0.02558992914076784,0.4773396473307112,-0.3405337887537756,0.6,5.0
B15,25478,True,-0.011426014021526792,0.03431071261059151,-0.013346098896359123,0.0019200848748323522,0.034700798188011764,1.0262516511311777,0.955240027016535,-0.18946139433568362,-0.21209087760421824,-0.19443506876261035,-0.20259769565261404,0.7835131131104769,-0.03798296149491204,0.125,8.0
B15,6127,True,-0.007275988579022546,-0.033662424279625805,-0.0040939035112721395,-0.003182085067750405,-0.057508338928368305,0.7781894900515531,0.9242888929270392,0.1441467607048772,0.13599764353727112,0.11217349420551168,0.1257011113857504,0.7987495787195075,-0.42550552672222275,0.3333333333333333,9.0
B15,7,True,0.06319781323615731,0.06002046124841011,0.050526693800941595,0.012671119435215691,0.22899923024288418,0.771545892024556,0.7718237049674307,0.017507054529943143,-0.05229136701870726,0.01350749600402754,-0.04035971663019035,0.5781031445356148,-0.15783066270537047,0.2222222222222222,9.0
B15,85,True,0.05327583897557421,-0.00746538896432901,-0.0156420575139361,0.0689178964895103,1.24552099179136,0.9611557155474603,0.6694816551149868,0.2686577254260505,-0.05192150008645817,0.25822190831922864,-0.03476049181393494,0.20336267752907797,-0.6936662155095513,0.5555555555555556,9.0
B19,25478,True,0.055545212155924756,0.038734505998297974,0.031000282307422123,0.02454492984850263,0.4435890664917417,0.3793115970513367,0.5899149530858978,0.1884080067405044,-0.055736134164217715,0.07146534193399968,-0.03287957897067381,0.3249039385790966,0.4881360745103973,0.75,8.0
B19,6127,True,0.06613762214083493,0.06032695159746037,0.062063134153868695,0.004074487986966253,0.07363632056501629,0.4181745478021948,0.5775060258504351,0.05907152398021596,0.012780515971079846,0.024702207828413297,0.007380824986776345,0.34811703577251213,-0.18594648262756536,0.5714285714285714,7.0
B19,7,True,0.04769956706047094,0.05749808652789441,0.058013361197890835,-0.010313794137419875,-0.1863963898713357,0.4347791216515625,0.4065937366936452,-0.09580789491232947,0.005387504283820101,-0.04165527239726781,0.0021905254982114326,0.18592476590582335,0.5799263575455046,0.42857142857142855,7.0
B19,85,True,0.07197769027468914,0.0712669080074912,0.050648899541295415,0.021328790733393742,0.3854652846523016,0.46067313555014666,0.7983802879167,0.006559235388699972,-0.10978586473672886,0.003021663533323891,-0.08765087029769349,0.41991560287658647,-0.11433824153124961,0.5,8.0
B20,25478,True,-0.043263264676795296,-0.029439387255432204,-0.05864148525747014,0.015378220580674845,0.2779234063323998,0.6252320306466586,0.7550604707692002,-0.09399357635636213,-0.16441515211826244,-0.05876779461303009,-0.1241433821600049,0.6114777479264695,0.058353756527582124,0.7,10.0
B20,6127,True,-0.0327442428222542,-0.01824459719589602,-0.042458721561636915,0.00971447873938272,0.17556524227424258,0.512950123373338,0.6632774926059696,-0.12016881222568894,-0.15519689469145218,-0.06164060705679461,-0.10293860717117916,0.6806442463396495,-0.6424590852830692,1.0,9.0
B20,7,True,-0.01973231078551198,-0.040285310893073696,-0.05539629802232161,0.035663987236809615,0.6445386034262747,0.626574646443659,0.6606294761894173,0.13944788309515138,-0.09723987846835447,0.08737450804766117,-0.06423952997727159,0.4417144927116806,-0.24333377729113312,0.3333333333333333,9.0
B20,85,True,-0.03099152679842785,-0.04772887110180883,-0.045994375310042836,0.015002848511614987,0.2711394820462404,0.5629901254377645,1.0425923840550944,0.1263849297767226,0.0070724228941423314,0.07115346746844009,0.00737365424624967,0.391627310067729,0.11284479055942342,0.5,8.0
B23,25478,True,-0.04811786547866117,-0.04594840153745203,-0.04734073207750583,-0.0007771334011553317,-0.014044769412085977,0.827167369389664,0.9775294416285966,-0.011149838100464911,-0.006055109785272423,-0.009222782250682217,-0.005919048087397171,0.7969246918913115,-0.32124915524558695,0.5,8.0
B23,6127,True,-0.017187350317648214,-0.028285322265024185,-0.03911876013165839,0.02193140981401017,0.3963561381634214,0.8348506273840152,0.8662931917450892,0.056512479673324054,-0.05316317557472176,0.04717947911030096,-0.046054897051930284,0.6866769122785714,1.2097800884104535,1.0,9.0
B23,7,True,-0.03871705196568514,-0.03647803481686249,-0.026284965647835567,-0.01243208631784957,-0.22467929622606247,0.5128949267374124,0.8312597270399507,-0.018558314728250053,0.05212880268960584,-0.009518465472915648,0.04333257429468118,0.42842990518655555,0.32255449023047433,0.5714285714285714,7.0
B23,85,True,-0.04692466216501436,-0.019936735654634705,-0.02262824952903288,-0.024296412635981503,-0.4390977308476881,1.012745683866469,0.9665301594844271,-0.11328662455118976,-0.01183833789526154,-0.11473054005401861,-0.011442110613937694,0.606796901503269,0.9296557862964088,0.75,8.0
B25,25478,True,-0.04611456507922712,-0.05297508244472763,-0.02460469920896332,-0.021509865870263815,-0.3887377711260799,0.8585021095462766,1.0879244230303375,0.03397230545547141,0.11086028608457937,0.029165295899672695,0.12060761277554419,0.7046317757647379,-0.4302154896718293,0.125,8.0
B25,6127,True,-0.04791839253994599,-0.04520632506143413,-0.046212439990885375,-0.0017059525490606107,-0.03083088456099901,0.5922290923823865,0.7298604551100736,-0.019467952246898373,-0.005860265319303547,-0.011529487689724269,-0.0042771759130126735,0.5665924865562033,0.5326855029645026,0.5,8.0
B25,7,False,-0.03680708404292899,-0.059660173647452755,-0.06503504738438314,0.02822796334145416,0.5101508126071357,0.8754801897263061,0.7593560360200844,0.11097064698964704,-0.03009070313507465,0.09715260308054716,-0.02284955705370741,0.4873832608337512,,,
B25,85,False,-0.041558491933002394,-0.01460375751473886,-0.03854726440448655,-0.003011227528515819,-0.05442051032995941,1.0172544099639096,1.0300087597934215,-0.11264579771324412,-0.09882261925957139,-0.11458943448770006,-0.10178816350308868,0.5479855105169023,,,
B26,25478,True,-0.03510674160456128,-0.03068168129139635,-0.032617614512091817,-0.0024891270924694824,-0.04498483271872948,0.5915456136674906,0.6864669522895571,-0.03180097790403877,-0.011988925377128654,-0.018811728989470956,-0.008230001064864448,0.4972516161224094,-0.3068635807975685,0.6666666666666666,6.0
B26,6127,True,-0.037053067871647236,-0.03703677988537966,-0.031477785693394315,-0.005575282178252911,-0.1007594738361058,0.491165840676857,0.6592590861475786,-0.00014097716031686615,0.03584673581545592,-6.924316546328205e-05,0.02363228629507114,0.21027099572529068,-0.5535850676874975,0.5,8.0
B26,7,True,-0.04293389930558332,-0.043846534860198176,-0.036719244113508076,-0.006214655192075205,-0.11231456403567079,0.60676446195943,0.5946171766207644,0.006394208106382011,0.05095614257237593,0.0038797782413255086,0.030299397627871268,0.6007821398346808,-0.5130419649772718,0.375,8.0
B26,85,True,-0.030438829240789996,-0.03425549162976263,-0.045219119372062466,0.014780290131272472,0.26711728826587916,0.6756430349278159,0.6097467845065329,0.024014633340129883,-0.07643887407667696,0.01622531975260407,-0.04660835767955357,0.515398043727066,-0.3420487877988616,0.5,8.0
B27,25478,True,-0.020540044380771495,-0.017891102531352968,-0.01797658190973708,-0.002563462471034398,-0.046328261336714825,0.541295747231201,0.5463453737923963,-0.020804023160953845,-0.0006651255089451108,-0.0112611292623237,-0.00036338824480349266,0.49201144731788016,0.15509670948264875,0.4444444444444444,9.0
B27,6127,True,-0.010337282141593601,-0.007008546964079962,-0.004616778243885983,-0.005720503897707611,-0.10338399822321323,0.6625573279243216,0.7245632743124594,-0.021358232161178443,0.014033060046110095,-0.014151053229897674,0.010167839935632866,0.6590323063541287,0.10576467992223182,0.42857142857142855,7.0
B27,7,True,-0.024786869556445757,-0.0379696783993102,-0.019041502740241505,-0.005745366816204248,-0.10383333415019516,0.5996406624285947,0.5953105515596632,0.09346013378910056,0.13516825166064822,0.056042496535961356,0.08046708644945588,0.6738756824967769,-0.0734072402475392,0.6666666666666666,9.0
B27,85,True,-0.0281158383899262,-0.006169163560464373,-0.01362964119269423,-0.014486197197231966,-0.2618022838687163,0.7641549603733746,0.6167861870394671,-0.12209469980903213,-0.051421117723220666,-0.09329927049437002,-0.031715835133812834,0.48594453228602147,-0.40357344632768377,0.6,10.0
B29,25478,True,0.05725495722311891,-0.012409720265746507,0.01534873197380309,0.04190622524931583,0.7573516589077031,0.6936987390584556,0.9568058256630784,0.42692466353257874,0.12333347127240712,0.2961571007655053,0.11800618381268907,0.451932788036589,-0.16068927954323498,0.3333333333333333,9.0
B29,6127,False,0.042877701671143416,0.022986279346105438,0.03542965380274047,0.007448047868402968,0.13460509447462254,0.7935196918235238,0.8562962169978119,0.10656575069140412,0.06177655188723993,0.08456202164758547,0.052899027680212575,0.7779892451862013,,,
B29,7,True,0.030757720971201944,0.04161999041413816,0.03736008833236879,-0.006602367361166842,-0.1193215051928214,0.9063867383611206,0.7658565731039229,-0.050946757410698804,-0.0236462181232538,-0.04617746527955856,-0.01810961157874303,0.7072424934775157,0.4298343066039975,0.375,8.0
B29,85,False,0.002630657806249076,0.008274788998092858,-0.01201139090659374,0.014642048712842816,0.2646189156027588,0.8688046330556756,1.0901236104378618,-0.0276175081418011,-0.07911048476181397,-0.02399421902704962,-0.08624020727203804,0.38840604908310417,,,
C01,25478,True,0.030966840925354504,-0.005718119574883206,0.00722363912127584,0.02374320180407868,0.42909980956571453,0.7257896454792443,0.6397499068284233,0.2148754537423228,0.08599883849426401,0.15595437939383228,0.05501774891405803,0.7736840989404143,0.5152104032729398,0.6666666666666666,6.0
C01,6127,True,-0.01224661450363088,-0.04385288331812168,-0.009864740492329278,-0.0023818740113016107,-0.043046497818313316,0.6642250940648293,0.6394576014036056,0.20228676517322347,0.22595668743752945,0.13436394562525433,0.1444897213699068,0.7727543662923186,0.08363399081507916,0.4444444444444444,9.0
C01,7,False,0.017902600849424008,-0.00314252881364364,0.005684943023792364,0.012217657825631641,0.2208040301210349,0.5262996686873165,0.642702107881823,0.16999182179899752,0.05838968541535697,0.08946663949236573,0.03752717389500647,0.5955830199592156,,,
C01,85,True,0.02137574600668994,0.02334762418091336,0.01908546218740465,0.0022902838192853,0.04139123100650805,0.620710941720931,0.6107410262983652,-0.013505174434325959,-0.029667597378720417,-0.00838280954123591,-0.018119218870886415,0.6906402971845143,0.23947893319705327,0.6,5.0
C02,25478,True,0.06247361781346232,0.04841843961419443,0.05694892762152881,0.005524690191933557,0.09984514846944625,0.510185216333152,0.4684170060880301,0.11711647848271306,0.07741956767548086,0.05975109591087993,0.03626464210317836,0.7149005449045468,0.340306146786272,0.5714285714285714,7.0
C02,6127,True,0.05612424096889655,-0.026850750727004262,0.00260529498894142,0.053518945979955074,0.9672229431251975,0.9177840641192445,0.5286006524448681,0.38434056482051054,0.23689520450956517,0.35274164558685384,0.12522295966481664,0.5923825783321089,-0.13441076878832578,0.4,5.0
C02,7,False,0.059329937138951135,0.01307369894995372,0.03715953039315149,0.022170406745799655,0.40067541821519775,0.775406052268683,0.5014703679330886,0.2536008139932636,0.20418596467669997,0.19664360603064104,0.10239321083319734,0.4857658880282335,,,
C02,85,True,0.08392430407456038,0.026714928401996997,0.06147114558865645,0.022453158485903922,0.4057854585052261,0.6980691828781396,0.6344421600294999,0.34840009227559443,0.23288954175618282,0.24320736772949256,0.14775494392007307,0.6556734645113012,1.2118226104000922,0.625,8.0
C04,25478,True,0.12003699086997928,0.0795254728101235,0.1009986090040348,0.019038381865944438,0.34407179370866275,0.7735160614507273,0.6575840745680512,0.22264794990476416,0.13882053403025787,0.17222176530041206,0.09128617240132976,0.7507611463188257,0.3359608759012717,0.375,8.0
C04,6127,True,0.12170425907384369,0.1066252983456457,0.10122243672823136,0.02048182234561232,0.37015842010622524,0.54902402899987,0.32306230471175923,0.11675878757175778,-0.07109631251728199,0.06410337997378639,-0.022968538578340608,0.39007216664045574,0.22085791051478576,0.5,10.0
C04,7,True,0.11222773250574455,0.0915804655810559,0.11774147798502888,-0.005513745479284271,-0.09964734978364502,0.4865518153174907,0.5484280183047795,0.1804026837741478,0.20278901775245317,0.08777525327845888,0.11121517913995066,0.7587623232776013,-0.1896498470602519,0.5714285714285714,7.0
C04,85,True,0.1074700923659456,0.09171835745981478,0.10215278470767664,0.005317307658268976,0.09609722068628432,0.7199549999308362,0.5617415348437643,0.093010624657488,0.07896626515948826,0.0669634642688488,0.04435863099157061,0.7628796710530654,-0.02647646900555911,0.375,8.0
C05,25478,True,0.05712129879385852,0.04320427870707901,0.042760297038239206,0.014361001755619319,0.2595396850584221,0.6547439261032418,0.6202562259845226,0.09036167960258945,-0.0030430103253539786,0.05916376087228263,-0.0018874461000359874,0.687922061656051,-0.21906356815259953,0.09090909090909091,11.0
C05,6127,True,0.0785273636983939,0.05161419184353673,0.06803393919843238,0.010493424499961516,0.1896427656126899,0.5016932632655453,0.37002043027063763,0.22805318093064936,0.18864716616831545,0.11441274453918532,0.06980330559493654,0.3795956977228437,0.5755568543411909,0.3333333333333333,9.0
C05,7,True,0.052352948884432975,0.040466814870006605,0.05388066787759614,-0.001527718993163144,-0.027609752654489034,0.7023821413124104,0.5804812182603233,0.07194103486993501,0.09823695432529436,0.050530098120175754,0.05702470692493062,0.5340413668322921,0.311198064498689,0.375,8.0
C05,85,True,0.0516395650191837,0.049970728789563414,0.05740476965798779,-0.005765204638804073,-0.10419185386333348,0.9694432679998749,0.8775379321105242,0.007318142120219216,0.03601376821370449,0.007094523612712848,0.03160344768576196,0.7704495288100182,-0.9902707870519037,0.375,8.0
C06,25478,True,-0.06341037034372188,-0.06278762567916991,-0.0595545542198738,-0.0038558161238480826,-0.069684365997319,0.40704444387447924,0.4449147774195737,-0.006503957628986999,0.030892139839664726,-0.0026473998160742125,0.01374436952077877,0.45678372138849,-0.05852058345233524,0.6666666666666666,6.0
C06,6127,False,-0.052873036818249446,-0.04744649861024349,-0.061396289598114856,0.008523252779865402,0.15403677123665874,0.42518215659774095,0.6774627159157703,-0.054257197002684256,-0.08753703264610663,-0.023069192032549778,-0.05930307587963885,0.254722956021907,,,
C06,7,False,-0.04392585278669582,-0.04734683523107992,-0.05489543871149447,0.010969585924798622,0.19824820890572728,0.609824841464384,0.7447197196689548,0.0238481806572797,-0.04309067310990258,0.01454321298853958,-0.03209047399875323,0.13238708337825145,,,
C06,85,True,-0.04392718067574991,-0.058462319245633804,-0.05227810472767672,0.008350924051926825,0.15092235453113914,0.7365772789305863,0.5526772201885821,0.08389003533598927,0.047568833369136435,0.061791493957173774,0.02629021059406819,0.26576650491257153,-0.04765090692833773,0.25,4.0
C07,25478,True,-0.027427907940201262,-0.026618853325544818,-0.04157692329632161,0.01414901535612034,0.2557085537558231,0.39473873492689204,0.5449147597790873,-0.008713198607624737,-0.11669614454878467,-0.0034394369955405494,-0.06358945157394663,0.6358033278379843,0.34247730003899607,1.0,9.0
C07,6127,True,-0.03692944895906216,-0.030273072425895768,-0.04198100407035883,0.005051555111296659,0.09129439888329413,0.46820658205581184,0.34307539303217066,-0.06043797227638041,-0.14507752154809594,-0.028297456425907995,-0.04977252772524622,0.29675558987442335,0.022375458010530758,0.625,8.0
C07,7,False,-0.0412369739685305,-0.03678976123203002,-0.06451911892875445,0.023282144960223933,0.42076734431820706,0.7406206633037482,0.7516502271645401,-0.025527107020771888,-0.15683158656342314,-0.01890590293394985,-0.11788249766697223,0.5883243424661465,,,
C07,85,True,-0.039646791416316836,-0.03262186048279278,-0.053647300541922814,0.014000509125605966,0.25302466993261885,0.6100033307052339,0.6423426153995014,-0.04895751565431171,-0.13915149531448848,-0.029864247612183786,-0.08938293543706,0.7393494513531507,0.3273583558639188,0.75,8.0
C08,25478,True,-0.012470168815220778,-0.028366167699948572,0.011406416524394948,-0.023876585339615727,-0.4315103879776082,0.5539395995414442,0.8943179309760015,0.12199300519545926,0.18906075626982088,0.06757675644483,0.16908042437598436,0.4571006964298612,-0.42122580273807625,0.625,8.0
C08,6127,True,-0.03489771305961274,-0.04265546283231786,-0.013110509205107092,-0.021787203854505662,-0.3937499711320231,0.6227483053587599,1.1090861136692889,0.05295814103581783,0.11324722370325124,0.032979592585005754,0.12560092322087552,0.3447198885121618,-0.2830452508568721,0.875,8.0
C08,7,True,0.002031612592189533,-0.010225351138429777,-0.026359776726189475,0.028391389318379,0.5131043340468808,0.5417832852964787,0.8831667227810472,0.09617602369491532,-0.07766410301197166,0.05210656208418322,-0.06859035133481264,0.43825422854085305,0.6779498180479446,0.5,8.0
C08,85,True,0.04423098928298568,0.04343273535650968,-0.0071070864676817105,0.05133807575066739,0.9278090928872686,0.908869162881636,1.006998314095717,0.0037337842033809583,-0.2133607267797954,0.003393521323307584,-0.2148538921614909,0.6586674500230757,-0.0056760706901559654,0.5714285714285714,7.0
C09,25478,True,-0.03533955657251707,-0.042941134038829855,-0.057165177114682914,0.02182562054216584,0.3944442580060157,0.921394394848269,0.8474269270168426,0.03507257710902713,-0.0713559706572952,0.03231567596114128,-0.060468970938415655,0.5653339156685133,0.08610792518018207,0.7777777777777778,9.0
C09,6127,True,-0.03168978762775495,-0.027563304165674356,-0.03218659538713864,0.0004968077593836989,0.008978574865403948,0.6482403022370666,0.7495827265501872,-0.027061608045305947,-0.02622051391362925,-0.017542424978310153,-0.0196544443109253,0.3778125428618421,0.7047494405131695,0.875,8.0
C09,7,True,-0.02715088086543849,-0.03187223976910505,-0.030644821328427205,0.003493940462988723,0.06314435600024508,0.7845809369729618,0.7115434322578434,0.025582252586567003,0.007333321891105698,0.020071347704247747,0.005217977028248947,0.6741510909785323,0.4038269658658628,0.8181818181818182,11.0
C09,85,False,-0.03160152574726597,-0.030801155331447477,-0.0284176863189865,-0.003183839428279466,-0.05754004466776864,0.8111619856409331,0.9226398109767523,-0.004194623221035459,0.010982136540744168,-0.003402518900990685,0.010132556382073072,0.6096546976960767,,,
C10,25478,False,-0.05858802093316425,-0.0596679348746861,-0.06751500072239917,0.008926979789234943,0.16133314113093497,0.8266627407971553,0.6396799261359577,0.005553545102146826,-0.05214997369108498,0.004590908815281319,-0.033359291318705395,0.594609777487903,,,
C10,6127,True,-0.06676045722715794,-0.060016435298378815,-0.058002739285066995,-0.008757717942090988,-0.15827415073126044,0.6115229224526604,0.5623498078503163,-0.0468830386363563,0.015222881902302185,-0.028670052800365622,0.0085605847126877,0.5179223653537277,0.20820157494847571,0.625,8.0
C10,7,True,-0.06805968929336213,-0.05645439899230905,-0.06029697434926534,-0.007762714944096775,-0.14029192573567084,0.9472418157009453,0.5178260289608627,-0.052084040269314985,-0.03154627140506108,-0.04933618087374704,-0.016335480450204408,0.4059809278956876,0.01936507936507939,0.25,8.0
C10,85,False,-0.05220029590176562,-0.06117582205820072,-0.05074812997983908,-0.0014521659219265384,-0.026244317244924213,0.9268252465075605,0.8897267781602817,0.041169119674944396,0.04982428275756984,0.038156579491229595,0.04432999857203951,0.8004702049452046,,,
C11,25478,True,-0.02052144917618058,-0.035125930889678136,-0.041473754745436346,0.02095230556925577,0.37866124391807476,0.5935391425782892,0.4695434635359913,0.10460352099068392,-0.05747230123431622,0.06208628415948063,-0.026985743378944674,0.6171287805265163,0.30628441028301623,0.42857142857142855,7.0
C11,6127,True,-0.03329282563943402,-0.03378404077617025,-0.032802025233522165,-0.0004908004059118485,-0.008870006768647843,0.42251703460378887,0.38814907869192555,0.004942390281737957,0.010755468208168847,0.0020882440856945014,0.0041747250759010274,0.5446095322144524,-0.10194419361061444,0.5555555555555556,9.0
C11,7,True,-0.0360410622410576,-0.032309939835559555,-0.03434394993862066,-0.0016971123024369487,-0.03067111890790686,0.4079739420000004,0.5164954006686476,-0.03887913474786897,-0.0167415693509475,-0.0158616738646373,-0.008646943569739558,0.4493512154062511,0.12482800059174981,0.5714285714285714,7.0
C11,85,True,-0.03059226644137436,-0.03219386942009371,-0.02412524167896991,-0.006467024762404437,-0.11687552154519472,0.5549894097821887,0.5990207823997928,0.012268167328272194,0.057262104873492675,0.006808702944626927,0.03430119086317856,0.5621705677954534,-0.5913262271902517,0.4444444444444444,9.0
C12,25478,True,0.023071822146913373,-0.022534171393920107,-0.02365500981050298,0.04672683195741634,0.8444722350417019,0.8933538850032742,0.7200027157931294,0.21702407308249083,-0.006617872447853982,0.19387929882747773,-0.004764886135227388,0.4092756995871017,-0.21621589133309294,0.375,8.0
C12,6127,True,0.10227135238638874,0.03176608749653267,0.04903547933967212,0.0532358730467166,0.9621070980614972,0.8014286205895886,0.41580539667923033,0.3739953648010464,0.17656167535479045,0.29973058931940233,0.07341529745924813,0.368979540628526,0.668067863724451,0.25,8.0
C12,7,True,0.09481200197656131,0.08126995461523706,0.08641530579392392,0.008396696182637381,0.15174957289593202,0.5673596931201228,0.5534571846554683,0.10146946448124322,0.03952214533409826,0.057569684229141355,0.021873815288154286,0.7529176159179648,0.26364005547670066,0.75,8.0
C12,85,True,0.07334445929730757,-0.005142174905409091,0.061786876508669875,0.01155758278863769,0.20887480191456226,1.08177136001195,1.0028221946144835,0.30843932572996724,0.28372672918957753,0.3336608288760754,0.2845274612366814,0.8656683089192054,0.3215347935394691,0.8333333333333334,6.0
C13,25478,False,-0.007997259174105955,-0.00832303726277355,-0.007370698456957479,-0.0006265607171484808,-0.011323539538950702,0.8662157375401986,0.5477969127680008,0.0015988411604789116,0.007390629308343232,0.0013849413750338761,0.004048563918523124,0.5351123301631645,,,
C13,6127,True,-0.01932243722953006,-0.007264523341386072,-0.01954990598844216,0.0002274687589120845,0.0041109367614673474,0.8917739713707408,0.7895128657312415,-0.057481342774722735,-0.06615139320367054,-0.05126036532593735,-0.05222737602034411,0.8412863713549499,0.08174405549232522,0.42857142857142855,7.0
C13,7,True,-0.020742608298087387,-0.034088111466787745,-0.003958010736945621,-0.016784597561141767,-0.3033402013997059,0.7280668840576027,1.0680800991799688,0.07792435102096741,0.11992404794618587,0.0567341394400466,0.12808848902442552,0.5224543847665142,-0.444496729110913,0.6,10.0
C13,85,False,0.012317747208945618,0.003517160928185821,0.005548281718205092,0.006769465490740525,0.12234139173426238,0.8843061656311221,0.9597755358046959,0.04230760793222332,0.008996541646555844,0.037412878547569244,0.008634660579212387,0.5420622321762241,,,
C14,25478,True,-0.011599050628107408,0.00566558351164971,-0.01685077891808745,0.005251728289980026,0.094912035357177,0.7151415753776613,0.7985691640255062,-0.10263012825936559,-0.11986577929502658,-0.0733950716046142,-0.09572111516689524,0.5165296174690535,-0.3432269468397924,0.4,10.0
C14,6127,True,0.007140619300494602,-0.010180250305623353,-0.03456256062460534,0.04170317992509994,0.7536821154875195,0.6566714418361002,0.9151204422172011,0.1121323907469316,-0.1132677090264412,0.07363413870831653,-0.10365359597320614,0.43410163132032525,-0.08207145200816185,0.14285714285714285,7.0
C14,7,True,-0.003444588882293547,-0.014594662069851345,-0.04136068639331666,0.037916097511023095,0.685239941761359,0.7146003055668115,0.6833975783391566,0.06633214470254362,-0.16650219062388102,0.047400970873339665,-0.11378719386052494,0.30410229741457856,0.7403330609859373,0.2,5.0
C14,85,True,0.0045175421198005,-0.012937665621723172,-0.02954484388080912,0.03406238600060963,0.6155936114608032,0.6131868159411061,0.8081889047356862,0.12101570419760628,-0.08735594826726585,0.07420523433580095,-0.07060010815226883,0.4129087289596129,0.24824779673670283,0.3333333333333333,9.0
C15,25478,True,-0.017879346360951686,-0.019086601333103716,-0.025240350290332905,0.007361003929381219,0.13303198997227755,0.8814555933036369,0.6666592685368598,0.005822481050839164,-0.03924147947652874,0.005132258489166638,-0.026160696004126863,0.5290642091350127,0.7395026871679491,0.7,10.0
C15,6127,True,-0.03446784506646857,-0.013174409072334912,-0.02732044261624194,-0.007147402450226633,-0.12917167008852695,0.7075749234741671,0.7958378628145082,-0.12793307317537672,-0.0755648118381182,-0.09052223446188218,-0.06013733835722841,0.6165281721122484,-0.2675764025298,0.2222222222222222,9.0
C15,7,True,-0.02870482286516255,-0.018227844172782684,-0.02360707384568905,-0.005097749019473498,-0.09212923983546818,0.6100164581108625,0.5568090288382211,-0.07301364456602609,-0.04106987088624317,-0.04453952485193268,-0.022868074922680216,0.5468758537360727,-0.6384473640266651,0.5555555555555556,9.0
C15,85,True,-0.022124931732407312,-0.012007428935173863,-0.02028880758717132,-0.0018361241452359886,-0.03318341509123797,0.4438222712963606,0.41320808350674754,-0.09691115297580707,-0.08520073720234922,-0.04301132802767173,-0.035205633332744804,0.5565619643728708,0.30418949047118626,0.4444444444444444,9.0
C16,25478,True,-0.041304004904522545,-0.04235828857595069,-0.03959968531838606,-0.0017043195861364826,-0.030801372783878418,0.4422175116483868,0.44452916207862003,0.010135170587567988,0.026381440577522036,0.0044819499173662375,0.011727319674352777,0.5762056957610341,0.6414643879994366,0.42857142857142855,7.0
C16,6127,True,-0.03864518198626287,-0.041092589477595975,-0.039770573798095635,0.001125391811832774,0.02033868119931924,0.4757518957676955,0.6153462620164503,0.021869319855482797,0.00913327550380249,0.01040437038039604,0.00562012694123128,0.3129117158376731,-0.14470062590445454,0.7,10.0
C16,7,True,-0.0350187779590416,-0.039793801663577266,-0.036994211604199946,0.0019754336451583516,0.03570109069289638,0.6143548170825308,0.6776859635434241,0.03304195862253022,0.017562060595625338,0.020299486445593116,0.01190156195655434,0.5817206301967206,0.7023604208260764,0.75,8.0
C16,85,True,-0.04164426073457761,-0.036718354189099,-0.04271147267910732,0.0010672119445296771,0.01928722359952624,0.4326588535826813,0.538244752508238,-0.048400527170599214,-0.04733502150515783,-0.02094091659842888,-0.025477826935015782,0.4107211817651703,0.9788270883390696,0.3333333333333333,9.0
C17,25478,True,0.122185361825057,0.0931199545756326,0.10515327246636194,0.017032089358694966,0.30781300519741916,0.7997788119834872,0.6694941921229727,0.15449557212734938,0.07640962970177353,0.12356228513272055,0.05115580330760436,0.4927172005549133,-0.6269417187035384,0.1111111111111111,9.0
C17,6127,True,0.11889534261870786,0.10969178565406022,0.12110052159529502,-0.0022051789765872285,-0.03985317088739686,0.5655858661553478,0.7535489852157032,0.06917778873168152,0.06436289320752434,0.039125979558519736,0.04850059286207662,0.49922382897050344,-0.2894325584469899,0.4444444444444444,9.0
C17,7,True,0.10797745911679899,0.10854999142690167,0.10887975212710815,-0.000902293010309163,-0.01630672063906845,0.3968832066679534,0.6781864535128513,-0.006132630471272042,0.0020670896141807317,-0.002433938046748057,0.001401872174534486,0.2231078347137651,-0.07261655430912879,0.875,8.0
C17,85,True,0.10572674964298502,0.1061711088066381,0.10594026611280866,-0.00021351646982361466,-0.003858783549770357,0.5854943938087409,0.5658387039405681,-0.003226420130585218,-0.0017343350552796333,-0.0018890508985293121,-0.0009813538998781086,0.7260304083802088,0.28307761171875734,0.36363636363636365,11.0
C18,25478,True,-0.031892497779856754,-0.021821909224882387,-0.0314700148357517,-0.000422482944105066,-0.007635337152763622,0.6991685024118559,0.5165079068436657,-0.06123257409344468,-0.07940988983546336,-0.042811887127736696,-0.04101583598160127,0.6989352070533608,-0.8415072274584517,0.4444444444444444,9.0
C18,6127,True,-0.019294914155601334,-0.038892528083132774,-0.019900044601867947,0.0006051304462666079,0.01093624025091729,0.7685542781393503,0.8751929449568031,0.10840221902579983,0.09225448063547491,0.08331298919207734,0.08074047059282166,0.6718546082119499,0.3628283253687214,0.42857142857142855,7.0
C18,7,True,-0.0033950829738161447,0.013200079679404645,-0.02693758043808871,0.02354249746427255,0.4254725736646563,0.9181779203378975,0.9861109203248265,-0.07683590084589681,-0.17303573490994995,-0.07054902764597444,-0.17063242780113347,0.5924571498620892,0.09566068883488676,0.3333333333333333,9.0
C18,85,True,-0.0073651613954816625,-0.006233415538035026,-0.01716593385296674,0.009800772457485082,0.17712478838390333,0.9216543750044217,0.7413306329857939,-0.00522023847858992,-0.06269281725116703,-0.004811255632358883,-0.046476105896470395,0.7063335262315042,-1.194543152152737,0.0,11.0
C19,25478,True,0.005766239135950549,0.012104746825235567,0.0108150064662089,-0.005048767330258354,-0.09124401661713986,0.6253611357650408,0.5808351439305582,-0.04308892435904751,-0.009439715887895033,-0.026946138676067877,-0.0054829187364091,0.7364406648037923,0.26212073568663063,0.36363636363636365,11.0
C19,6127,True,0.018642752421635635,0.02200065742834619,0.020682214847526918,-0.002039462425891288,-0.036858252976481404,0.6947455567449138,0.7095202378386377,-0.02054717629060295,-0.00789961548070324,-0.01427505943155085,-0.005604937054702323,0.8676372443960345,0.055704232332242976,0.7272727272727273,11.0
C19,7,True,0.018745607880069497,0.010761991802472571,0.013427774820127603,0.005317833059941892,0.0961067160256094,0.6805297959556046,0.4632288938627111,0.0498726009650736,0.02446463131767508,0.03393979095853683,0.01133272410404567,0.4310745300192752,0.47068334678504176,0.3333333333333333,9.0
C19,85,True,0.014465099589361114,0.019874848996849902,0.015586152191523844,-0.0011210526021627242,-0.02026026068727338,0.6643674618611486,0.5384279962775914,-0.03461611402674058,-0.03386158087015349,-0.022997819815441748,-0.018232023138708364,0.6213479902592591,-0.3288738600836789,0.25,8.0
C20,25478,True,0.07035418491486144,0.06487626680114915,0.03165338670216027,0.03870079821270118,0.6994214714655083,0.8079186459092103,0.8200320858070966,0.028824210693279166,-0.1722328357968103,0.023287617272715885,-0.14123645158292958,0.6319633085263319,1.221588783982083,0.2857142857142857,7.0
C20,6127,True,0.059119559431625245,0.01842614312276269,0.06955311689265078,-0.010433557461025549,-0.18856081654707257,0.8281651996176587,0.8182540167213348,0.2088895399410518,0.26562653708096234,0.172995047543322,0.21734998091427613,0.684312391211183,-0.23964624079525154,0.5555555555555556,9.0
C20,7,True,0.06890488267785728,0.05946505664715043,0.03752859403386039,0.0313762886439969,0.567049027048456,0.6397663577916484,0.7783082931007299,0.06272665240377641,-0.11981865971283709,0.04013040194482677,-0.0932558565227154,0.42079302052604584,0.7053436911487758,0.7142857142857143,7.0
C20,85,True,0.07836492207656146,0.07208807415927432,0.053219849551935525,0.02514507252462592,0.45443516509974513,0.8191757775326806,0.6977707590322297,0.03257421984786419,-0.11495498010533017,0.026684011871394624,-0.08021222372263107,0.5018517774729319,0.4113710472687986,0.6666666666666666,9.0
