feature,block,training_A_minus_C,generated_A_minus_C,generated_A_minus_C_ci_low,generated_A_minus_C_ci_high,generated_A_minus_BASE,generated_A_minus_BASE_ci_low,generated_A_minus_BASE_ci_high,generated_CONTROL_minus_BASE,generated_CONTROL_minus_BASE_ci_low,generated_CONTROL_minus_BASE_ci_high,sign_training,sign_A_minus_C,sign_A_minus_BASE,sign_CONTROL_minus_BASE,algebra_abs_error
brightness,photography,0.030879597275584394,-0.22570430865216218,-0.34292553076932364,-0.11061854979421268,-0.16422718794795058,-0.276374505590881,-0.06506148548551913,0.0614771207042116,-0.009198644592470885,0.13831401230689577,1,-1,-1,1,0.0
contrast,photography,-0.3677193735016369,-0.14750150732645753,-0.20755733724174427,-0.08732889238552778,-0.24924883380301197,-0.3461182499919862,-0.16126224669225508,-0.10174732647655421,-0.1895187579761883,-0.019629019402322378,-1,-1,-1,-1,2.220446049250313e-16
saturation,photography,0.22147066752925354,0.2816658025183225,0.17698787513093697,0.3815015174454772,0.48533804111140383,0.33925300507239775,0.6345437953529965,0.20367223859308092,0.07968600996607142,0.32248377266976774,1,1,1,1,3.885780586188048e-16
colorfulness,photography,0.10979278064937528,0.12363286177724882,0.08018776778647174,0.16482132386863893,0.4557060763634298,0.34585606399205304,0.5643930024429906,0.3320732145861809,0.2269447894938104,0.4363811560895597,1,1,1,1,9.71445146547012e-17
warmth,photography,0.05171413881606087,-0.18626568624330764,-0.27466543357086287,-0.09225164124869296,-0.5785153115946986,-0.7187992946176688,-0.4351662519138414,-0.39224962535139096,-0.4882458704108099,-0.2971739553452461,1,-1,-1,-1,0.0
sharpness,photography,0.08036435356929642,0.11250366973170027,-0.041027347157917386,0.28015899400289274,0.24240474316600133,0.051850619673283554,0.4666418882793172,0.12990107343430113,0.0034243458561529537,0.25919845829969224,1,1,1,1,6.938893903907228e-17
detail,photography,0.026139211728726925,0.12793315693642973,0.005832281173020496,0.2523773808735591,0.18787485766359932,0.018216777295645085,0.38319400331376263,0.05994170072716954,-0.06844677638391365,0.1910142999348798,1,1,1,1,5.551115123125783e-17
sky_brightness,photography,-0.18850517483366575,-0.2054691569023107,-0.27393739934609823,-0.14114001827079534,-0.18119358409761607,-0.2755454976790299,-0.10417757873959954,0.024275572804694737,-0.03107147303964158,0.07942251189598454,-1,-1,-1,1,1.1102230246251565e-16
dark_share,photography,-0.1309875905862796,0.10127399421191942,-0.005082024289715751,0.22317856128316405,0.030032428229937246,-0.047967977884561724,0.10953737215203507,-0.07124156598198221,-0.15791391540564723,0.011125303926254725,-1,1,1,-1,4.163336342344337e-17
bright_share,photography,-0.026445885504631658,-0.06299863092439664,-0.09505553302089557,-0.032684967271897174,-0.04411043878214806,-0.09119372697743873,0.0004171698354543085,0.0188881921422486,-0.026086825116780822,0.06310457480197085,-1,-1,-1,1,2.7755575615628914e-17
whole_building,framing and scene,-0.020320683558244946,-0.14421083423597944,-0.23197876513269036,-0.06496573694752629,-0.3253422647909786,-0.44254570242019586,-0.2058782029488787,-0.1811314305549991,-0.2961293601174083,-0.06411050331573115,-1,-1,-1,-1,5.551115123125783e-17
low_angle,framing and scene,0.40859202302540576,0.19883333034556797,0.09758858320733442,0.3003218490778388,-0.15971350734093429,-0.30038977331242483,-0.020088815426468624,-0.35854683768650175,-0.4905380023871413,-0.22851833062092786,1,1,-1,-1,4.996003610813204e-16
sunny,framing and scene,0.003609755786313243,0.10471867060335655,0.04570949539137693,0.16427741548801775,0.3807472867106773,0.2676376482506577,0.4875248922700315,0.2760286161073208,0.17392873546034476,0.37963269616123885,1,1,1,1,5.551115123125783e-17
vintage_photo,framing and scene,-0.25748844708311985,-0.20028621367041097,-0.31368993808521334,-0.09481024180535007,-0.24283912089162232,-0.39572742438354314,-0.09732798861457394,-0.042552907221211245,-0.15737749772906007,0.0734047946128435,-1,-1,-1,-1,1.1102230246251565e-16
real_photo,framing and scene,0.0735312488656788,0.17643508981061481,0.09310835154733547,0.25685551641811694,-0.1440238957107843,-0.27469089240433275,-0.02362283072076426,-0.32045898552139923,-0.4230776869193061,-0.21964763371703486,1,1,-1,-1,1.1102230246251565e-16
people,framing and scene,-0.12857126582981507,-0.16494896922416288,-0.2667284174787386,-0.0670292850939479,0.24795325797227227,0.12154506822214003,0.3761867214495276,0.41290222719643516,0.27221381011816687,0.5654234771770525,-1,-1,1,1,0.0
cars,framing and scene,-0.4116021150543639,-0.22479896573525024,-0.32223894573327155,-0.1318563805127019,0.17468924156667134,0.06585035242416244,0.2815768258791049,0.3994882073019215,0.2837252259088182,0.5264816171607615,-1,-1,1,1,5.551115123125783e-17
greenery,framing and scene,0.10448300376049056,-0.022480086297075274,-0.1013927105451602,0.058068993455970934,-0.034471086063260555,-0.13511907025806932,0.06933208988976043,-0.011990999766185251,-0.09702315488924197,0.06941485639979111,1,-1,-1,-1,3.122502256758253e-17
water,framing and scene,0.05995546736858393,0.011009264202662091,-0.0657145418536776,0.08704584284236273,-0.016146495753436192,-0.12203035018327488,0.09307657820913944,-0.02715575995609827,-0.1360650162889463,0.08020496390243548,1,1,-1,-1,1.214306433183765e-17
urban,framing and scene,-0.25905201338263906,-0.0867216310286099,-0.16987715035514547,-0.003990542262998225,0.09281373964817351,-0.002857108175162528,0.19126797233352458,0.1795353706767834,0.08452895347606815,0.27810682352079324,-1,-1,1,1,0.0
interior,framing and scene,0.44671666038609215,0.09085860044112089,0.008210139836855689,0.17691525450582002,-0.3457790221164529,-0.5117688572323289,-0.18270451184947578,-0.43663762255757393,-0.5859978565197279,-0.2919337257902108,1,1,-1,-1,1.5265566588595902e-16
iconic_design,architectural content (CLIP),0.5796568213785559,0.19079372366891503,0.100181181551989,0.2847847773063522,-0.10632088225758402,-0.23851324730973392,0.01844971063455862,-0.2971146059264991,-0.4161372776113451,-0.18598012461994815,1,1,-1,-1,2.7755575615628914e-17
complex_form,architectural content (CLIP),0.3489408109292491,0.16703062168371927,0.06717094806879824,0.2656826579199347,-0.3244865361942481,-0.43043270760927305,-0.21551201924483376,-0.49151715787796757,-0.6205529185336868,-0.37466191062972515,1,1,-1,-1,1.942890293094024e-16
curved_organic,architectural content (CLIP),0.6140657096226674,0.10387727387773388,0.0010901016495993153,0.20950659366813204,0.2244827972800109,0.09062893466496517,0.3653743155242292,0.12060552340227702,0.008396741788423564,0.23264741106316789,1,1,1,1,1.3877787807814457e-17
monumental,architectural content (CLIP),0.4193442912915595,0.11268003457976981,0.04049517589211032,0.18380837485221121,0.0798182094093272,-0.01061587824552894,0.17515010841309808,-0.03286182517044262,-0.12252894944860385,0.054237274943161995,1,1,1,-1,1.3877787807814457e-17
contemporary,architectural content (CLIP),0.4303941457105465,0.29007493982880456,0.20888908150485747,0.37233484957807705,-0.03756996809665234,-0.1635753844587121,0.08282844323559775,-0.32764490792545675,-0.4312717992061611,-0.2312100099354579,1,1,-1,-1,1.6653345369377348e-16
glass,architectural content (CLIP),0.3675324462298173,0.09055005867077463,0.007157308353545326,0.17441378720887846,-0.32085757692892886,-0.43858370479180186,-0.20611770766794701,-0.41140763559970356,-0.5442344969103329,-0.28355947396407094,1,1,-1,-1,6.938893903907228e-17
concrete,architectural content (CLIP),-0.5800146882560797,-0.10158427686837672,-0.16447890670986237,-0.03762041087587841,-0.1586254027571911,-0.24836480502079386,-0.06846859897970442,-0.057041125888814444,-0.14834468446251892,0.03777416033582115,-1,-1,-1,-1,6.938893903907228e-17
wood,architectural content (CLIP),-0.008032876883877493,-0.12543157416319387,-0.19538194696773017,-0.05846300490582626,0.08272687318562455,-0.04455450173332979,0.22211425814859345,0.20815844734881836,0.06776709966802615,0.3492501220836879,-1,-1,1,1,5.551115123125783e-17
white,architectural content (CLIP),-0.049199955795066024,-0.08048878747455966,-0.15540290991373784,-0.003202613531214747,0.10521436043938104,0.017394705840208257,0.19446010749259135,0.1857031479139406,0.07694149489425173,0.295728790737991,-1,-1,1,1,9.71445146547012e-17
colourful,architectural content (CLIP),0.11197327712496527,0.007581949130234049,-0.05832519983514398,0.0781460406675843,0.3714980397176089,0.2542535039500006,0.49038298787896956,0.363916090587375,0.24708154864046294,0.4818969888059656,1,1,1,1,1.3791051634015616e-16
